[2026-03-31 14:06:14.940] [8275] [HailoRT] [info] [core_op.cpp:156] [activate] Activating detectorYOLO26n took 0.344518 milliseconds. Note that the function is asynchronous and thus the network is not fully activated yet.
[2026-03-31 14:06:14.941] [8275] [HailoRT] [info] [core_op.cpp:156] [activate] Activating detectorYOLO26n took 0.779813 milliseconds. Note that the function is asynchronous and thus the network is not fully activated yet.
[2026-03-31 14:06:14.941] [8275] [HailoRT] [info] [edge_elements.cpp:52] [create] Created (HwWriteEl1detectorYOLO26n/input_layer1 | hw_frame_size: 1228800)
[2026-03-31 14:06:14.941] [8275] [HailoRT] [info] [queue_elements.cpp:284] [create] Created (PushQEl1detectorYOLO26n/input_layer1 | timeout: 10s)
[2026-03-31 14:06:14.941] [8275] [HailoRT] [info] [filter_elements.cpp:101] [create] Created (PreInferEl1detectorYOLO26n/input_layer1 | Reorder - src_order: NHWC, src_shape: (640, 640, 3), dst_order: NHCW, dst_shape: (640, 640, 3))
[2026-03-31 14:06:14.941] [8275] [HailoRT] [info] [vstream.cpp:754] [InputVStreamImpl] Creating detectorYOLO26n/input_layer1...
[2026-03-31 14:06:14.941] [8275] [HailoRT] [info] [vstream_builder.cpp:102] [create_inputs] Input pipeline 'detectorYOLO26n/input_layer1': (PreInferEl1detectorYOLO26n/input_layer1 | Reorder - src_order: NHWC, src_shape: (640, 640, 3), dst_order: NHCW, dst_shape: (640, 640, 3)) >> (PushQEl1detectorYOLO26n/input_layer1 | timeout: 10s) >> (HwWriteEl1detectorYOLO26n/input_layer1 | hw_frame_size: 1228800) >> HW
[2026-03-31 14:06:14.941] [8275] [HailoRT] [info] [edge_elements.cpp:287] [create] Created (HwReadEl0detectorYOLO26n/concat23 | hw_frame_size: 42000)
[2026-03-31 14:06:14.941] [8275] [HailoRT] [info] [queue_elements.cpp:800] [create] Created (UserBuffQEl0detectorYOLO26n/concat23 | timeout: 10s)
[2026-03-31 14:06:14.941] [8275] [HailoRT] [info] [vstream.cpp:1114] [OutputVStreamImpl] Creating detectorYOLO26n/concat23...
[2026-03-31 14:06:14.941] [8275] [HailoRT] [info] [vstream_builder.cpp:220] [create_outputs] Output pipeline 'detectorYOLO26n/concat23': HW >> (HwReadEl0detectorYOLO26n/concat23 | hw_frame_size: 42000) >> (UserBuffQEl0detectorYOLO26n/concat23 | timeout: 10s)
[2026-03-31 14:06:14.958] [9518] [HailoRT] [info] [queue_elements.cpp:855] [run_in_thread] Shutdown event was signaled in dequeue of UserBuffQEl0detectorYOLO26n/concat23!
[2026-03-31 14:06:14.959] [9518] [HailoRT] [info] [queue_elements.cpp:68] [operator()] Thread in element UserBuffQEl0detectorYOLO26n/concat23 is not running anymore, exiting..
[2026-03-31 14:06:14.959] [8275] [HailoRT] [info] [queue_elements.cpp:46] [~BaseQueueElement] Queue element UserBuffQEl0detectorYOLO26n/concat23 has 0 frames in his Queue on destruction
[2026-03-31 14:06:14.959] [9517] [HailoRT] [info] [queue_elements.cpp:68] [operator()] Thread in element PushQEl1detectorYOLO26n/input_layer1 is not running anymore, exiting..
[2026-03-31 14:06:14.959] [8275] [HailoRT] [info] [queue_elements.cpp:46] [~BaseQueueElement] Queue element PushQEl1detectorYOLO26n/input_layer1 has 0 frames in his Queue on destruction
[2026-03-31 14:06:14.959] [8275] [HailoRT] [info] [core_op.cpp:186] [deactivate] Deactivating took 0.647646 ms
[2026-03-31 14:06:14.959] [8275] [HailoRT] [info] [core_op.cpp:186] [deactivate] Deactivating took 0.661887 ms
[2026-03-31 14:06:15.014] [8275] [HailoRT] [info] [core_op.cpp:156] [activate] Activating detectorYOLO26n took 0.270481 milliseconds. Note that the function is asynchronous and thus the network is not fully activated yet.
[2026-03-31 14:06:15.014] [8275] [HailoRT] [info] [core_op.cpp:156] [activate] Activating detectorYOLO26n took 0.296666 milliseconds. Note that the function is asynchronous and thus the network is not fully activated yet.
[2026-03-31 14:06:15.015] [8275] [HailoRT] [info] [edge_elements.cpp:52] [create] Created (HwWriteEl1detectorYOLO26n/input_layer1 | hw_frame_size: 1228800)
[2026-03-31 14:06:15.015] [8275] [HailoRT] [info] [queue_elements.cpp:284] [create] Created (PushQEl1detectorYOLO26n/input_layer1 | timeout: 10s)
[2026-03-31 14:06:15.015] [8275] [HailoRT] [info] [filter_elements.cpp:101] [create] Created (PreInferEl1detectorYOLO26n/input_layer1 | Reorder - src_order: NHWC, src_shape: (640, 640, 3), dst_order: NHCW, dst_shape: (640, 640, 3))
[2026-03-31 14:06:15.015] [8275] [HailoRT] [info] [vstream.cpp:754] [InputVStreamImpl] Creating detectorYOLO26n/input_layer1...
[2026-03-31 14:06:15.015] [8275] [HailoRT] [info] [vstream_builder.cpp:102] [create_inputs] Input pipeline 'detectorYOLO26n/input_layer1': (PreInferEl1detectorYOLO26n/input_layer1 | Reorder - src_order: NHWC, src_shape: (640, 640, 3), dst_order: NHCW, dst_shape: (640, 640, 3)) >> (PushQEl1detectorYOLO26n/input_layer1 | timeout: 10s) >> (HwWriteEl1detectorYOLO26n/input_layer1 | hw_frame_size: 1228800) >> HW
[2026-03-31 14:06:15.015] [8275] [HailoRT] [info] [edge_elements.cpp:287] [create] Created (HwReadEl0detectorYOLO26n/concat23 | hw_frame_size: 42000)
[2026-03-31 14:06:15.015] [8275] [HailoRT] [info] [queue_elements.cpp:800] [create] Created (UserBuffQEl0detectorYOLO26n/concat23 | timeout: 10s)
[2026-03-31 14:06:15.015] [8275] [HailoRT] [info] [vstream.cpp:1114] [OutputVStreamImpl] Creating detectorYOLO26n/concat23...
[2026-03-31 14:06:15.015] [8275] [HailoRT] [info] [vstream_builder.cpp:220] [create_outputs] Output pipeline 'detectorYOLO26n/concat23': HW >> (HwReadEl0detectorYOLO26n/concat23 | hw_frame_size: 42000) >> (UserBuffQEl0detectorYOLO26n/concat23 | timeout: 10s)
[2026-03-31 14:06:15.031] [9522] [HailoRT] [info] [queue_elements.cpp:855] [run_in_thread] Shutdown event was signaled in dequeue of UserBuffQEl0detectorYOLO26n/concat23!
[2026-03-31 14:06:15.031] [9522] [HailoRT] [info] [queue_elements.cpp:68] [operator()] Thread in element UserBuffQEl0detectorYOLO26n/concat23 is not running anymore, exiting..
[2026-03-31 14:06:15.031] [8275] [HailoRT] [info] [queue_elements.cpp:46] [~BaseQueueElement] Queue element UserBuffQEl0detectorYOLO26n/concat23 has 0 frames in his Queue on destruction
[2026-03-31 14:06:15.031] [8275] [HailoRT] [info] [queue_elements.cpp:46] [~BaseQueueElement] Queue element PushQEl1detectorYOLO26n/input_layer1 has 0 frames in his Queue on destruction
[2026-03-31 14:06:15.032] [8275] [HailoRT] [info] [core_op.cpp:186] [deactivate] Deactivating took 0.633036 ms
[2026-03-31 14:06:15.032] [8275] [HailoRT] [info] [core_op.cpp:186] [deactivate] Deactivating took 0.645869 ms
[2026-03-31 14:06:15.087] [8275] [HailoRT] [info] [core_op.cpp:156] [activate] Activating detectorYOLO26n took 0.359703 milliseconds. Note that the function is asynchronous and thus the network is not fully activated yet.
[2026-03-31 14:06:15.088] [8275] [HailoRT] [info] [core_op.cpp:156] [activate] Activating detectorYOLO26n took 0.389814 milliseconds. Note that the function is asynchronous and thus the network is not fully activated yet.
[2026-03-31 14:06:15.088] [8275] [HailoRT] [info] [edge_elements.cpp:52] [create] Created (HwWriteEl1detectorYOLO26n/input_layer1 | hw_frame_size: 1228800)
[2026-03-31 14:06:15.088] [8275] [HailoRT] [info] [queue_elements.cpp:284] [create] Created (PushQEl1detectorYOLO26n/input_layer1 | timeout: 10s)
[2026-03-31 14:06:15.088] [8275] [HailoRT] [info] [filter_elements.cpp:101] [create] Created (PreInferEl1detectorYOLO26n/input_layer1 | Reorder - src_order: NHWC, src_shape: (640, 640, 3), dst_order: NHCW, dst_shape: (640, 640, 3))
[2026-03-31 14:06:15.088] [8275] [HailoRT] [info] [vstream.cpp:754] [InputVStreamImpl] Creating detectorYOLO26n/input_layer1...
[2026-03-31 14:06:15.088] [8275] [HailoRT] [info] [vstream_builder.cpp:102] [create_inputs] Input pipeline 'detectorYOLO26n/input_layer1': (PreInferEl1detectorYOLO26n/input_layer1 | Reorder - src_order: NHWC, src_shape: (640, 640, 3), dst_order: NHCW, dst_shape: (640, 640, 3)) >> (PushQEl1detectorYOLO26n/input_layer1 | timeout: 10s) >> (HwWriteEl1detectorYOLO26n/input_layer1 | hw_frame_size: 1228800) >> HW
[2026-03-31 14:06:15.088] [8275] [HailoRT] [info] [edge_elements.cpp:287] [create] Created (HwReadEl0detectorYOLO26n/concat23 | hw_frame_size: 42000)
[2026-03-31 14:06:15.090] [8275] [HailoRT] [info] [queue_elements.cpp:800] [create] Created (UserBuffQEl0detectorYOLO26n/concat23 | timeout: 10s)
[2026-03-31 14:06:15.090] [8275] [HailoRT] [info] [vstream.cpp:1114] [OutputVStreamImpl] Creating detectorYOLO26n/concat23...
[2026-03-31 14:06:15.090] [8275] [HailoRT] [info] [vstream_builder.cpp:220] [create_outputs] Output pipeline 'detectorYOLO26n/concat23': HW >> (HwReadEl0detectorYOLO26n/concat23 | hw_frame_size: 42000) >> (UserBuffQEl0detectorYOLO26n/concat23 | timeout: 10s)
[2026-03-31 14:06:15.106] [9526] [HailoRT] [info] [queue_elements.cpp:855] [run_in_thread] Shutdown event was signaled in dequeue of UserBuffQEl0detectorYOLO26n/concat23!
[2026-03-31 14:06:15.106] [9526] [HailoRT] [info] [queue_elements.cpp:68] [operator()] Thread in element UserBuffQEl0detectorYOLO26n/concat23 is not running anymore, exiting..
[2026-03-31 14:06:15.106] [8275] [HailoRT] [info] [queue_elements.cpp:46] [~BaseQueueElement] Queue element UserBuffQEl0detectorYOLO26n/concat23 has 0 frames in his Queue on destruction
[2026-03-31 14:06:15.106] [8275] [HailoRT] [info] [queue_elements.cpp:46] [~BaseQueueElement] Queue element PushQEl1detectorYOLO26n/input_layer1 has 0 frames in his Queue on destruction
[2026-03-31 14:06:15.107] [8275] [HailoRT] [info] [core_op.cpp:186] [deactivate] Deactivating took 0.62948 ms
[2026-03-31 14:06:15.107] [8275] [HailoRT] [info] [core_op.cpp:186] [deactivate] Deactivating took 0.641943 ms
[2026-03-31 14:06:15.161] [8275] [HailoRT] [info] [core_op.cpp:156] [activate] Activating detectorYOLO26n took 0.280925 milliseconds. Note that the function is asynchronous and thus the network is not fully activated yet.
[2026-03-31 14:06:15.161] [8275] [HailoRT] [info] [core_op.cpp:156] [activate] Activating detectorYOLO26n took 0.303758 milliseconds. Note that the function is asynchronous and thus the network is not fully activated yet.
[2026-03-31 14:06:15.161] [8275] [HailoRT] [info] [edge_elements.cpp:52] [create] Created (HwWriteEl1detectorYOLO26n/input_layer1 | hw_frame_size: 1228800)
[2026-03-31 14:06:15.162] [8275] [HailoRT] [info] [queue_elements.cpp:284] [create] Created (PushQEl1detectorYOLO26n/input_layer1 | timeout: 10s)
[2026-03-31 14:06:15.162] [8275] [HailoRT] [info] [filter_elements.cpp:101] [create] Created (PreInferEl1detectorYOLO26n/input_layer1 | Reorder - src_order: NHWC, src_shape: (640, 640, 3), dst_order: NHCW, dst_shape: (640, 640, 3))
[2026-03-31 14:06:15.162] [8275] [HailoRT] [info] [vstream.cpp:754] [InputVStreamImpl] Creating detectorYOLO26n/input_layer1...
[2026-03-31 14:06:15.162] [8275] [HailoRT] [info] [vstream_builder.cpp:102] [create_inputs] Input pipeline 'detectorYOLO26n/input_layer1': (PreInferEl1detectorYOLO26n/input_layer1 | Reorder - src_order: NHWC, src_shape: (640, 640, 3), dst_order: NHCW, dst_shape: (640, 640, 3)) >> (PushQEl1detectorYOLO26n/input_layer1 | timeout: 10s) >> (HwWriteEl1detectorYOLO26n/input_layer1 | hw_frame_size: 1228800) >> HW
[2026-03-31 14:06:15.162] [8275] [HailoRT] [info] [edge_elements.cpp:287] [create] Created (HwReadEl0detectorYOLO26n/concat23 | hw_frame_size: 42000)
[2026-03-31 14:06:15.162] [8275] [HailoRT] [info] [queue_elements.cpp:800] [create] Created (UserBuffQEl0detectorYOLO26n/concat23 | timeout: 10s)
[2026-03-31 14:06:15.162] [8275] [HailoRT] [info] [vstream.cpp:1114] [OutputVStreamImpl] Creating detectorYOLO26n/concat23...
[2026-03-31 14:06:15.162] [8275] [HailoRT] [info] [vstream_builder.cpp:220] [create_outputs] Output pipeline 'detectorYOLO26n/concat23': HW >> (HwReadEl0detectorYOLO26n/concat23 | hw_frame_size: 42000) >> (UserBuffQEl0detectorYOLO26n/concat23 | timeout: 10s)
[2026-03-31 14:06:15.177] [9530] [HailoRT] [info] [queue_elements.cpp:855] [run_in_thread] Shutdown event was signaled in dequeue of UserBuffQEl0detectorYOLO26n/concat23!
[2026-03-31 14:06:15.177] [9530] [HailoRT] [info] [queue_elements.cpp:68] [operator()] Thread in element UserBuffQEl0detectorYOLO26n/concat23 is not running anymore, exiting..
[2026-03-31 14:06:15.177] [8275] [HailoRT] [info] [queue_elements.cpp:46] [~BaseQueueElement] Queue element UserBuffQEl0detectorYOLO26n/concat23 has 0 frames in his Queue on destruction
[2026-03-31 14:06:15.177] [9529] [HailoRT] [info] [queue_elements.cpp:68] [operator()] Thread in element PushQEl1detectorYOLO26n/input_layer1 is not running anymore, exiting..
[2026-03-31 14:06:15.177] [8275] [HailoRT] [info] [queue_elements.cpp:46] [~BaseQueueElement] Queue element PushQEl1detectorYOLO26n/input_layer1 has 0 frames in his Queue on destruction
[2026-03-31 14:06:15.178] [8275] [HailoRT] [info] [core_op.cpp:186] [deactivate] Deactivating took 0.608814 ms
[2026-03-31 14:06:15.178] [8275] [HailoRT] [info] [core_op.cpp:186] [deactivate] Deactivating took 0.618165 ms
[2026-03-31 14:06:15.232] [8275] [HailoRT] [info] [core_op.cpp:156] [activate] Activating detectorYOLO26n took 0.275 milliseconds. Note that the function is asynchronous and thus the network is not fully activated yet.
[2026-03-31 14:06:15.232] [8275] [HailoRT] [info] [core_op.cpp:156] [activate] Activating detectorYOLO26n took 0.299055 milliseconds. Note that the function is asynchronous and thus the network is not fully activated yet.
[2026-03-31 14:06:15.232] [8275] [HailoRT] [info] [edge_elements.cpp:52] [create] Created (HwWriteEl1detectorYOLO26n/input_layer1 | hw_frame_size: 1228800)
[2026-03-31 14:06:15.232] [8275] [HailoRT] [info] [queue_elements.cpp:284] [create] Created (PushQEl1detectorYOLO26n/input_layer1 | timeout: 10s)
[2026-03-31 14:06:15.232] [8275] [HailoRT] [info] [filter_elements.cpp:101] [create] Created (PreInferEl1detectorYOLO26n/input_layer1 | Reorder - src_order: NHWC, src_shape: (640, 640, 3), dst_order: NHCW, dst_shape: (640, 640, 3))
[2026-03-31 14:06:15.232] [8275] [HailoRT] [info] [vstream.cpp:754] [InputVStreamImpl] Creating detectorYOLO26n/input_layer1...
[2026-03-31 14:06:15.232] [8275] [HailoRT] [info] [vstream_builder.cpp:102] [create_inputs] Input pipeline 'detectorYOLO26n/input_layer1': (PreInferEl1detectorYOLO26n/input_layer1 | Reorder - src_order: NHWC, src_shape: (640, 640, 3), dst_order: NHCW, dst_shape: (640, 640, 3)) >> (PushQEl1detectorYOLO26n/input_layer1 | timeout: 10s) >> (HwWriteEl1detectorYOLO26n/input_layer1 | hw_frame_size: 1228800) >> HW
[2026-03-31 14:06:15.232] [8275] [HailoRT] [info] [edge_elements.cpp:287] [create] Created (HwReadEl0detectorYOLO26n/concat23 | hw_frame_size: 42000)
[2026-03-31 14:06:15.232] [8275] [HailoRT] [info] [queue_elements.cpp:800] [create] Created (UserBuffQEl0detectorYOLO26n/concat23 | timeout: 10s)
[2026-03-31 14:06:15.232] [8275] [HailoRT] [info] [vstream.cpp:1114] [OutputVStreamImpl] Creating detectorYOLO26n/concat23...
[2026-03-31 14:06:15.232] [8275] [HailoRT] [info] [vstream_builder.cpp:220] [create_outputs] Output pipeline 'detectorYOLO26n/concat23': HW >> (HwReadEl0detectorYOLO26n/concat23 | hw_frame_size: 42000) >> (UserBuffQEl0detectorYOLO26n/concat23 | timeout: 10s)
[2026-03-31 14:06:15.248] [9534] [HailoRT] [info] [queue_elements.cpp:855] [run_in_thread] Shutdown event was signaled in dequeue of UserBuffQEl0detectorYOLO26n/concat23!
[2026-03-31 14:06:15.248] [9534] [HailoRT] [info] [queue_elements.cpp:68] [operator()] Thread in element UserBuffQEl0detectorYOLO26n/concat23 is not running anymore, exiting..
[2026-03-31 14:06:15.248] [8275] [HailoRT] [info] [queue_elements.cpp:46] [~BaseQueueElement] Queue element UserBuffQEl0detectorYOLO26n/concat23 has 0 frames in his Queue on destruction
[2026-03-31 14:06:15.248] [9533] [HailoRT] [info] [queue_elements.cpp:68] [operator()] Thread in element PushQEl1detectorYOLO26n/input_layer1 is not running anymore, exiting..
[2026-03-31 14:06:15.248] [8275] [HailoRT] [info] [queue_elements.cpp:46] [~BaseQueueElement] Queue element PushQEl1detectorYOLO26n/input_layer1 has 0 frames in his Queue on destruction
[2026-03-31 14:06:15.249] [8275] [HailoRT] [info] [core_op.cpp:186] [deactivate] Deactivating took 0.608184 ms
[2026-03-31 14:06:15.249] [8275] [HailoRT] [info] [core_op.cpp:186] [deactivate] Deactivating took 0.617258 ms
[2026-03-31 14:06:15.301] [8275] [HailoRT] [info] [core_op.cpp:156] [activate] Activating detectorYOLO26n took 0.292092 milliseconds. Note that the function is asynchronous and thus the network is not fully activated yet.
[2026-03-31 14:06:15.301] [8275] [HailoRT] [info] [core_op.cpp:156] [activate] Activating detectorYOLO26n took 0.348463 milliseconds. Note that the function is asynchronous and thus the network is not fully activated yet.
[2026-03-31 14:06:15.301] [8275] [HailoRT] [info] [edge_elements.cpp:52] [create] Created (HwWriteEl1detectorYOLO26n/input_layer1 | hw_frame_size: 1228800)
[2026-03-31 14:06:15.301] [8275] [HailoRT] [info] [queue_elements.cpp:284] [create] Created (PushQEl1detectorYOLO26n/input_layer1 | timeout: 10s)
[2026-03-31 14:06:15.301] [8275] [HailoRT] [info] [filter_elements.cpp:101] [create] Created (PreInferEl1detectorYOLO26n/input_layer1 | Reorder - src_order: NHWC, src_shape: (640, 640, 3), dst_order: NHCW, dst_shape: (640, 640, 3))
[2026-03-31 14:06:15.301] [8275] [HailoRT] [info] [vstream.cpp:754] [InputVStreamImpl] Creating detectorYOLO26n/input_layer1...
[2026-03-31 14:06:15.301] [8275] [HailoRT] [info] [vstream_builder.cpp:102] [create_inputs] Input pipeline 'detectorYOLO26n/input_layer1': (PreInferEl1detectorYOLO26n/input_layer1 | Reorder - src_order: NHWC, src_shape: (640, 640, 3), dst_order: NHCW, dst_shape: (640, 640, 3)) >> (PushQEl1detectorYOLO26n/input_layer1 | timeout: 10s) >> (HwWriteEl1detectorYOLO26n/input_layer1 | hw_frame_size: 1228800) >> HW
[2026-03-31 14:06:15.301] [8275] [HailoRT] [info] [edge_elements.cpp:287] [create] Created (HwReadEl0detectorYOLO26n/concat23 | hw_frame_size: 42000)
[2026-03-31 14:06:15.301] [8275] [HailoRT] [info] [queue_elements.cpp:800] [create] Created (UserBuffQEl0detectorYOLO26n/concat23 | timeout: 10s)
[2026-03-31 14:06:15.301] [8275] [HailoRT] [info] [vstream.cpp:1114] [OutputVStreamImpl] Creating detectorYOLO26n/concat23...
[2026-03-31 14:06:15.301] [8275] [HailoRT] [info] [vstream_builder.cpp:220] [create_outputs] Output pipeline 'detectorYOLO26n/concat23': HW >> (HwReadEl0detectorYOLO26n/concat23 | hw_frame_size: 42000) >> (UserBuffQEl0detectorYOLO26n/concat23 | timeout: 10s)
[2026-03-31 14:06:15.316] [9538] [HailoRT] [info] [queue_elements.cpp:855] [run_in_thread] Shutdown event was signaled in dequeue of UserBuffQEl0detectorYOLO26n/concat23!
[2026-03-31 14:06:15.316] [9538] [HailoRT] [info] [queue_elements.cpp:68] [operator()] Thread in element UserBuffQEl0detectorYOLO26n/concat23 is not running anymore, exiting..
[2026-03-31 14:06:15.316] [8275] [HailoRT] [info] [queue_elements.cpp:46] [~BaseQueueElement] Queue element UserBuffQEl0detectorYOLO26n/concat23 has 0 frames in his Queue on destruction
[2026-03-31 14:06:15.316] [9537] [HailoRT] [info] [queue_elements.cpp:68] [operator()] Thread in element PushQEl1detectorYOLO26n/input_layer1 is not running anymore, exiting..
[2026-03-31 14:06:15.316] [8275] [HailoRT] [info] [queue_elements.cpp:46] [~BaseQueueElement] Queue element PushQEl1detectorYOLO26n/input_layer1 has 0 frames in his Queue on destruction
[2026-03-31 14:06:15.317] [8275] [HailoRT] [info] [core_op.cpp:186] [deactivate] Deactivating took 0.60324 ms
[2026-03-31 14:06:15.317] [8275] [HailoRT] [info] [core_op.cpp:186] [deactivate] Deactivating took 0.638832 ms
[2026-03-31 14:06:15.371] [8275] [HailoRT] [info] [core_op.cpp:156] [activate] Activating detectorYOLO26n took 0.283833 milliseconds. Note that the function is asynchronous and thus the network is not fully activated yet.
[2026-03-31 14:06:15.371] [8275] [HailoRT] [info] [core_op.cpp:156] [activate] Activating detectorYOLO26n took 0.31098 milliseconds. Note that the function is asynchronous and thus the network is not fully activated yet.
[2026-03-31 14:06:15.371] [8275] [HailoRT] [info] [edge_elements.cpp:52] [create] Created (HwWriteEl1detectorYOLO26n/input_layer1 | hw_frame_size: 1228800)
[2026-03-31 14:06:15.372] [8275] [HailoRT] [info] [queue_elements.cpp:284] [create] Created (PushQEl1detectorYOLO26n/input_layer1 | timeout: 10s)
[2026-03-31 14:06:15.372] [8275] [HailoRT] [info] [filter_elements.cpp:101] [create] Created (PreInferEl1detectorYOLO26n/input_layer1 | Reorder - src_order: NHWC, src_shape: (640, 640, 3), dst_order: NHCW, dst_shape: (640, 640, 3))
[2026-03-31 14:06:15.372] [8275] [HailoRT] [info] [vstream.cpp:754] [InputVStreamImpl] Creating detectorYOLO26n/input_layer1...
[2026-03-31 14:06:15.372] [8275] [HailoRT] [info] [vstream_builder.cpp:102] [create_inputs] Input pipeline 'detectorYOLO26n/input_layer1': (PreInferEl1detectorYOLO26n/input_layer1 | Reorder - src_order: NHWC, src_shape: (640, 640, 3), dst_order: NHCW, dst_shape: (640, 640, 3)) >> (PushQEl1detectorYOLO26n/input_layer1 | timeout: 10s) >> (HwWriteEl1detectorYOLO26n/input_layer1 | hw_frame_size: 1228800) >> HW
[2026-03-31 14:06:15.372] [8275] [HailoRT] [info] [edge_elements.cpp:287] [create] Created (HwReadEl0detectorYOLO26n/concat23 | hw_frame_size: 42000)
[2026-03-31 14:06:15.372] [8275] [HailoRT] [info] [queue_elements.cpp:800] [create] Created (UserBuffQEl0detectorYOLO26n/concat23 | timeout: 10s)
[2026-03-31 14:06:15.372] [8275] [HailoRT] [info] [vstream.cpp:1114] [OutputVStreamImpl] Creating detectorYOLO26n/concat23...
[2026-03-31 14:06:15.372] [8275] [HailoRT] [info] [vstream_builder.cpp:220] [create_outputs] Output pipeline 'detectorYOLO26n/concat23': HW >> (HwReadEl0detectorYOLO26n/concat23 | hw_frame_size: 42000) >> (UserBuffQEl0detectorYOLO26n/concat23 | timeout: 10s)
[2026-03-31 14:06:15.387] [9542] [HailoRT] [info] [queue_elements.cpp:855] [run_in_thread] Shutdown event was signaled in dequeue of UserBuffQEl0detectorYOLO26n/concat23!
[2026-03-31 14:06:15.387] [9542] [HailoRT] [info] [queue_elements.cpp:68] [operator()] Thread in element UserBuffQEl0detectorYOLO26n/concat23 is not running anymore, exiting..
[2026-03-31 14:06:15.387] [8275] [HailoRT] [info] [queue_elements.cpp:46] [~BaseQueueElement] Queue element UserBuffQEl0detectorYOLO26n/concat23 has 0 frames in his Queue on destruction
[2026-03-31 14:06:15.387] [9541] [HailoRT] [info] [queue_elements.cpp:68] [operator()] Thread in element PushQEl1detectorYOLO26n/input_layer1 is not running anymore, exiting..
[2026-03-31 14:06:15.387] [8275] [HailoRT] [info] [queue_elements.cpp:46] [~BaseQueueElement] Queue element PushQEl1detectorYOLO26n/input_layer1 has 0 frames in his Queue on destruction
[2026-03-31 14:06:15.388] [8275] [HailoRT] [info] [core_op.cpp:186] [deactivate] Deactivating took 0.606665 ms
[2026-03-31 14:06:15.388] [8275] [HailoRT] [info] [core_op.cpp:186] [deactivate] Deactivating took 0.615424 ms
[2026-03-31 14:06:15.441] [8275] [HailoRT] [info] [core_op.cpp:156] [activate] Activating detectorYOLO26n took 0.275074 milliseconds. Note that the function is asynchronous and thus the network is not fully activated yet.
[2026-03-31 14:06:15.441] [8275] [HailoRT] [info] [core_op.cpp:156] [activate] Activating detectorYOLO26n took 0.296814 milliseconds. Note that the function is asynchronous and thus the network is not fully activated yet.
[2026-03-31 14:06:15.441] [8275] [HailoRT] [info] [edge_elements.cpp:52] [create] Created (HwWriteEl1detectorYOLO26n/input_layer1 | hw_frame_size: 1228800)
[2026-03-31 14:06:15.441] [8275] [HailoRT] [info] [queue_elements.cpp:284] [create] Created (PushQEl1detectorYOLO26n/input_layer1 | timeout: 10s)
[2026-03-31 14:06:15.441] [8275] [HailoRT] [info] [filter_elements.cpp:101] [create] Created (PreInferEl1detectorYOLO26n/input_layer1 | Reorder - src_order: NHWC, src_shape: (640, 640, 3), dst_order: NHCW, dst_shape: (640, 640, 3))
[2026-03-31 14:06:15.441] [8275] [HailoRT] [info] [vstream.cpp:754] [InputVStreamImpl] Creating detectorYOLO26n/input_layer1...
[2026-03-31 14:06:15.441] [8275] [HailoRT] [info] [vstream_builder.cpp:102] [create_inputs] Input pipeline 'detectorYOLO26n/input_layer1': (PreInferEl1detectorYOLO26n/input_layer1 | Reorder - src_order: NHWC, src_shape: (640, 640, 3), dst_order: NHCW, dst_shape: (640, 640, 3)) >> (PushQEl1detectorYOLO26n/input_layer1 | timeout: 10s) >> (HwWriteEl1detectorYOLO26n/input_layer1 | hw_frame_size: 1228800) >> HW
[2026-03-31 14:06:15.441] [8275] [HailoRT] [info] [edge_elements.cpp:287] [create] Created (HwReadEl0detectorYOLO26n/concat23 | hw_frame_size: 42000)
[2026-03-31 14:06:15.441] [8275] [HailoRT] [info] [queue_elements.cpp:800] [create] Created (UserBuffQEl0detectorYOLO26n/concat23 | timeout: 10s)
[2026-03-31 14:06:15.441] [8275] [HailoRT] [info] [vstream.cpp:1114] [OutputVStreamImpl] Creating detectorYOLO26n/concat23...
[2026-03-31 14:06:15.441] [8275] [HailoRT] [info] [vstream_builder.cpp:220] [create_outputs] Output pipeline 'detectorYOLO26n/concat23': HW >> (HwReadEl0detectorYOLO26n/concat23 | hw_frame_size: 42000) >> (UserBuffQEl0detectorYOLO26n/concat23 | timeout: 10s)
[2026-03-31 14:06:15.457] [9546] [HailoRT] [info] [queue_elements.cpp:855] [run_in_thread] Shutdown event was signaled in dequeue of UserBuffQEl0detectorYOLO26n/concat23!
[2026-03-31 14:06:15.457] [9546] [HailoRT] [info] [queue_elements.cpp:68] [operator()] Thread in element UserBuffQEl0detectorYOLO26n/concat23 is not running anymore, exiting..
[2026-03-31 14:06:15.457] [8275] [HailoRT] [info] [queue_elements.cpp:46] [~BaseQueueElement] Queue element UserBuffQEl0detectorYOLO26n/concat23 has 0 frames in his Queue on destruction
[2026-03-31 14:06:15.457] [9545] [HailoRT] [info] [queue_elements.cpp:68] [operator()] Thread in element PushQEl1detectorYOLO26n/input_layer1 is not running anymore, exiting..
[2026-03-31 14:06:15.457] [8275] [HailoRT] [info] [queue_elements.cpp:46] [~BaseQueueElement] Queue element PushQEl1detectorYOLO26n/input_layer1 has 0 frames in his Queue on destruction
[2026-03-31 14:06:15.458] [8275] [HailoRT] [info] [core_op.cpp:186] [deactivate] Deactivating took 0.604184 ms
[2026-03-31 14:06:15.458] [8275] [HailoRT] [info] [core_op.cpp:186] [deactivate] Deactivating took 0.612499 ms
[2026-03-31 14:06:15.511] [8275] [HailoRT] [info] [core_op.cpp:156] [activate] Activating detectorYOLO26n took 0.311462 milliseconds. Note that the function is asynchronous and thus the network is not fully activated yet.
[2026-03-31 14:06:15.511] [8275] [HailoRT] [info] [core_op.cpp:156] [activate] Activating detectorYOLO26n took 0.339462 milliseconds. Note that the function is asynchronous and thus the network is not fully activated yet.
[2026-03-31 14:06:15.511] [8275] [HailoRT] [info] [edge_elements.cpp:52] [create] Created (HwWriteEl1detectorYOLO26n/input_layer1 | hw_frame_size: 1228800)
[2026-03-31 14:06:15.511] [8275] [HailoRT] [info] [queue_elements.cpp:284] [create] Created (PushQEl1detectorYOLO26n/input_layer1 | timeout: 10s)
[2026-03-31 14:06:15.511] [8275] [HailoRT] [info] [filter_elements.cpp:101] [create] Created (PreInferEl1detectorYOLO26n/input_layer1 | Reorder - src_order: NHWC, src_shape: (640, 640, 3), dst_order: NHCW, dst_shape: (640, 640, 3))
[2026-03-31 14:06:15.511] [8275] [HailoRT] [info] [vstream.cpp:754] [InputVStreamImpl] Creating detectorYOLO26n/input_layer1...
[2026-03-31 14:06:15.511] [8275] [HailoRT] [info] [vstream_builder.cpp:102] [create_inputs] Input pipeline 'detectorYOLO26n/input_layer1': (PreInferEl1detectorYOLO26n/input_layer1 | Reorder - src_order: NHWC, src_shape: (640, 640, 3), dst_order: NHCW, dst_shape: (640, 640, 3)) >> (PushQEl1detectorYOLO26n/input_layer1 | timeout: 10s) >> (HwWriteEl1detectorYOLO26n/input_layer1 | hw_frame_size: 1228800) >> HW
[2026-03-31 14:06:15.511] [8275] [HailoRT] [info] [edge_elements.cpp:287] [create] Created (HwReadEl0detectorYOLO26n/concat23 | hw_frame_size: 42000)
[2026-03-31 14:06:15.511] [8275] [HailoRT] [info] [queue_elements.cpp:800] [create] Created (UserBuffQEl0detectorYOLO26n/concat23 | timeout: 10s)
[2026-03-31 14:06:15.511] [8275] [HailoRT] [info] [vstream.cpp:1114] [OutputVStreamImpl] Creating detectorYOLO26n/concat23...
[2026-03-31 14:06:15.511] [8275] [HailoRT] [info] [vstream_builder.cpp:220] [create_outputs] Output pipeline 'detectorYOLO26n/concat23': HW >> (HwReadEl0detectorYOLO26n/concat23 | hw_frame_size: 42000) >> (UserBuffQEl0detectorYOLO26n/concat23 | timeout: 10s)
[2026-03-31 14:06:15.527] [9550] [HailoRT] [info] [queue_elements.cpp:855] [run_in_thread] Shutdown event was signaled in dequeue of UserBuffQEl0detectorYOLO26n/concat23!
[2026-03-31 14:06:15.527] [9550] [HailoRT] [info] [queue_elements.cpp:68] [operator()] Thread in element UserBuffQEl0detectorYOLO26n/concat23 is not running anymore, exiting..
[2026-03-31 14:06:15.527] [8275] [HailoRT] [info] [queue_elements.cpp:46] [~BaseQueueElement] Queue element UserBuffQEl0detectorYOLO26n/concat23 has 0 frames in his Queue on destruction
[2026-03-31 14:06:15.527] [9549] [HailoRT] [info] [queue_elements.cpp:68] [operator()] Thread in element PushQEl1detectorYOLO26n/input_layer1 is not running anymore, exiting..
[2026-03-31 14:06:15.527] [8275] [HailoRT] [info] [queue_elements.cpp:46] [~BaseQueueElement] Queue element PushQEl1detectorYOLO26n/input_layer1 has 0 frames in his Queue on destruction
[2026-03-31 14:06:15.528] [8275] [HailoRT] [info] [core_op.cpp:186] [deactivate] Deactivating took 0.604906 ms
[2026-03-31 14:06:15.528] [8275] [HailoRT] [info] [core_op.cpp:186] [deactivate] Deactivating took 0.613665 ms
[2026-03-31 14:06:15.581] [8275] [HailoRT] [info] [core_op.cpp:156] [activate] Activating detectorYOLO26n took 0.273944 milliseconds. Note that the function is asynchronous and thus the network is not fully activated yet.
[2026-03-31 14:06:15.581] [8275] [HailoRT] [info] [core_op.cpp:156] [activate] Activating detectorYOLO26n took 0.296963 milliseconds. Note that the function is asynchronous and thus the network is not fully activated yet.
[2026-03-31 14:06:15.581] [8275] [HailoRT] [info] [edge_elements.cpp:52] [create] Created (HwWriteEl1detectorYOLO26n/input_layer1 | hw_frame_size: 1228800)
[2026-03-31 14:06:15.581] [8275] [HailoRT] [info] [queue_elements.cpp:284] [create] Created (PushQEl1detectorYOLO26n/input_layer1 | timeout: 10s)
[2026-03-31 14:06:15.581] [8275] [HailoRT] [info] [filter_elements.cpp:101] [create] Created (PreInferEl1detectorYOLO26n/input_layer1 | Reorder - src_order: NHWC, src_shape: (640, 640, 3), dst_order: NHCW, dst_shape: (640, 640, 3))
[2026-03-31 14:06:15.581] [8275] [HailoRT] [info] [vstream.cpp:754] [InputVStreamImpl] Creating detectorYOLO26n/input_layer1...
[2026-03-31 14:06:15.581] [8275] [HailoRT] [info] [vstream_builder.cpp:102] [create_inputs] Input pipeline 'detectorYOLO26n/input_layer1': (PreInferEl1detectorYOLO26n/input_layer1 | Reorder - src_order: NHWC, src_shape: (640, 640, 3), dst_order: NHCW, dst_shape: (640, 640, 3)) >> (PushQEl1detectorYOLO26n/input_layer1 | timeout: 10s) >> (HwWriteEl1detectorYOLO26n/input_layer1 | hw_frame_size: 1228800) >> HW
[2026-03-31 14:06:15.581] [8275] [HailoRT] [info] [edge_elements.cpp:287] [create] Created (HwReadEl0detectorYOLO26n/concat23 | hw_frame_size: 42000)
[2026-03-31 14:06:15.581] [8275] [HailoRT] [info] [queue_elements.cpp:800] [create] Created (UserBuffQEl0detectorYOLO26n/concat23 | timeout: 10s)
[2026-03-31 14:06:15.581] [8275] [HailoRT] [info] [vstream.cpp:1114] [OutputVStreamImpl] Creating detectorYOLO26n/concat23...
[2026-03-31 14:06:15.581] [8275] [HailoRT] [info] [vstream_builder.cpp:220] [create_outputs] Output pipeline 'detectorYOLO26n/concat23': HW >> (HwReadEl0detectorYOLO26n/concat23 | hw_frame_size: 42000) >> (UserBuffQEl0detectorYOLO26n/concat23 | timeout: 10s)
[2026-03-31 14:06:15.597] [9554] [HailoRT] [info] [queue_elements.cpp:855] [run_in_thread] Shutdown event was signaled in dequeue of UserBuffQEl0detectorYOLO26n/concat23!
[2026-03-31 14:06:15.597] [9554] [HailoRT] [info] [queue_elements.cpp:68] [operator()] Thread in element UserBuffQEl0detectorYOLO26n/concat23 is not running anymore, exiting..
[2026-03-31 14:06:15.597] [8275] [HailoRT] [info] [queue_elements.cpp:46] [~BaseQueueElement] Queue element UserBuffQEl0detectorYOLO26n/concat23 has 0 frames in his Queue on destruction
[2026-03-31 14:06:15.597] [9553] [HailoRT] [info] [queue_elements.cpp:68] [operator()] Thread in element PushQEl1detectorYOLO26n/input_layer1 is not running anymore, exiting..
[2026-03-31 14:06:15.597] [8275] [HailoRT] [info] [queue_elements.cpp:46] [~BaseQueueElement] Queue element PushQEl1detectorYOLO26n/input_layer1 has 0 frames in his Queue on destruction
[2026-03-31 14:06:15.598] [8275] [HailoRT] [info] [core_op.cpp:186] [deactivate] Deactivating took 0.605813 ms
[2026-03-31 14:06:15.598] [8275] [HailoRT] [info] [core_op.cpp:186] [deactivate] Deactivating took 0.615832 ms
[2026-03-31 14:06:15.652] [8275] [HailoRT] [info] [core_op.cpp:156] [activate] Activating detectorYOLO26n took 0.882831 milliseconds. Note that the function is asynchronous and thus the network is not fully activated yet.
[2026-03-31 14:06:15.652] [8275] [HailoRT] [info] [core_op.cpp:156] [activate] Activating detectorYOLO26n took 0.918331 milliseconds. Note that the function is asynchronous and thus the network is not fully activated yet.
[2026-03-31 14:06:15.652] [8275] [HailoRT] [info] [edge_elements.cpp:52] [create] Created (HwWriteEl1detectorYOLO26n/input_layer1 | hw_frame_size: 1228800)
[2026-03-31 14:06:15.653] [8275] [HailoRT] [info] [queue_elements.cpp:284] [create] Created (PushQEl1detectorYOLO26n/input_layer1 | timeout: 10s)
[2026-03-31 14:06:15.653] [8275] [HailoRT] [info] [filter_elements.cpp:101] [create] Created (PreInferEl1detectorYOLO26n/input_layer1 | Reorder - src_order: NHWC, src_shape: (640, 640, 3), dst_order: NHCW, dst_shape: (640, 640, 3))
[2026-03-31 14:06:15.653] [8275] [HailoRT] [info] [vstream.cpp:754] [InputVStreamImpl] Creating detectorYOLO26n/input_layer1...
[2026-03-31 14:06:15.653] [8275] [HailoRT] [info] [vstream_builder.cpp:102] [create_inputs] Input pipeline 'detectorYOLO26n/input_layer1': (PreInferEl1detectorYOLO26n/input_layer1 | Reorder - src_order: NHWC, src_shape: (640, 640, 3), dst_order: NHCW, dst_shape: (640, 640, 3)) >> (PushQEl1detectorYOLO26n/input_layer1 | timeout: 10s) >> (HwWriteEl1detectorYOLO26n/input_layer1 | hw_frame_size: 1228800) >> HW
[2026-03-31 14:06:15.653] [8275] [HailoRT] [info] [edge_elements.cpp:287] [create] Created (HwReadEl0detectorYOLO26n/concat23 | hw_frame_size: 42000)
[2026-03-31 14:06:15.653] [8275] [HailoRT] [info] [queue_elements.cpp:800] [create] Created (UserBuffQEl0detectorYOLO26n/concat23 | timeout: 10s)
[2026-03-31 14:06:15.653] [8275] [HailoRT] [info] [vstream.cpp:1114] [OutputVStreamImpl] Creating detectorYOLO26n/concat23...
[2026-03-31 14:06:15.653] [8275] [HailoRT] [info] [vstream_builder.cpp:220] [create_outputs] Output pipeline 'detectorYOLO26n/concat23': HW >> (HwReadEl0detectorYOLO26n/concat23 | hw_frame_size: 42000) >> (UserBuffQEl0detectorYOLO26n/concat23 | timeout: 10s)
[2026-03-31 14:06:15.668] [9558] [HailoRT] [info] [queue_elements.cpp:855] [run_in_thread] Shutdown event was signaled in dequeue of UserBuffQEl0detectorYOLO26n/concat23!
[2026-03-31 14:06:15.669] [9558] [HailoRT] [info] [queue_elements.cpp:68] [operator()] Thread in element UserBuffQEl0detectorYOLO26n/concat23 is not running anymore, exiting..
[2026-03-31 14:06:15.669] [8275] [HailoRT] [info] [queue_elements.cpp:46] [~BaseQueueElement] Queue element UserBuffQEl0detectorYOLO26n/concat23 has 0 frames in his Queue on destruction
[2026-03-31 14:06:15.669] [9557] [HailoRT] [info] [queue_elements.cpp:68] [operator()] Thread in element PushQEl1detectorYOLO26n/input_layer1 is not running anymore, exiting..
[2026-03-31 14:06:15.669] [8275] [HailoRT] [info] [queue_elements.cpp:46] [~BaseQueueElement] Queue element PushQEl1detectorYOLO26n/input_layer1 has 0 frames in his Queue on destruction
[2026-03-31 14:06:15.669] [8275] [HailoRT] [info] [core_op.cpp:186] [deactivate] Deactivating took 0.626646 ms
[2026-03-31 14:06:15.669] [8275] [HailoRT] [info] [core_op.cpp:186] [deactivate] Deactivating took 0.639851 ms
[2026-03-31 14:06:15.723] [8275] [HailoRT] [info] [core_op.cpp:156] [activate] Activating detectorYOLO26n took 0.272351 milliseconds. Note that the function is asynchronous and thus the network is not fully activated yet.
[2026-03-31 14:06:15.723] [8275] [HailoRT] [info] [core_op.cpp:156] [activate] Activating detectorYOLO26n took 0.301388 milliseconds. Note that the function is asynchronous and thus the network is not fully activated yet.
[2026-03-31 14:06:15.723] [8275] [HailoRT] [info] [edge_elements.cpp:52] [create] Created (HwWriteEl1detectorYOLO26n/input_layer1 | hw_frame_size: 1228800)
[2026-03-31 14:06:15.723] [8275] [HailoRT] [info] [queue_elements.cpp:284] [create] Created (PushQEl1detectorYOLO26n/input_layer1 | timeout: 10s)
[2026-03-31 14:06:15.723] [8275] [HailoRT] [info] [filter_elements.cpp:101] [create] Created (PreInferEl1detectorYOLO26n/input_layer1 | Reorder - src_order: NHWC, src_shape: (640, 640, 3), dst_order: NHCW, dst_shape: (640, 640, 3))
[2026-03-31 14:06:15.723] [8275] [HailoRT] [info] [vstream.cpp:754] [InputVStreamImpl] Creating detectorYOLO26n/input_layer1...
[2026-03-31 14:06:15.723] [8275] [HailoRT] [info] [vstream_builder.cpp:102] [create_inputs] Input pipeline 'detectorYOLO26n/input_layer1': (PreInferEl1detectorYOLO26n/input_layer1 | Reorder - src_order: NHWC, src_shape: (640, 640, 3), dst_order: NHCW, dst_shape: (640, 640, 3)) >> (PushQEl1detectorYOLO26n/input_layer1 | timeout: 10s) >> (HwWriteEl1detectorYOLO26n/input_layer1 | hw_frame_size: 1228800) >> HW
[2026-03-31 14:06:15.723] [8275] [HailoRT] [info] [edge_elements.cpp:287] [create] Created (HwReadEl0detectorYOLO26n/concat23 | hw_frame_size: 42000)
[2026-03-31 14:06:15.723] [8275] [HailoRT] [info] [queue_elements.cpp:800] [create] Created (UserBuffQEl0detectorYOLO26n/concat23 | timeout: 10s)
[2026-03-31 14:06:15.723] [8275] [HailoRT] [info] [vstream.cpp:1114] [OutputVStreamImpl] Creating detectorYOLO26n/concat23...
[2026-03-31 14:06:15.723] [8275] [HailoRT] [info] [vstream_builder.cpp:220] [create_outputs] Output pipeline 'detectorYOLO26n/concat23': HW >> (HwReadEl0detectorYOLO26n/concat23 | hw_frame_size: 42000) >> (UserBuffQEl0detectorYOLO26n/concat23 | timeout: 10s)
[2026-03-31 14:06:15.739] [9562] [HailoRT] [info] [queue_elements.cpp:855] [run_in_thread] Shutdown event was signaled in dequeue of UserBuffQEl0detectorYOLO26n/concat23!
[2026-03-31 14:06:15.739] [9562] [HailoRT] [info] [queue_elements.cpp:68] [operator()] Thread in element UserBuffQEl0detectorYOLO26n/concat23 is not running anymore, exiting..
[2026-03-31 14:06:15.739] [8275] [HailoRT] [info] [queue_elements.cpp:46] [~BaseQueueElement] Queue element UserBuffQEl0detectorYOLO26n/concat23 has 0 frames in his Queue on destruction
[2026-03-31 14:06:15.739] [9561] [HailoRT] [info] [queue_elements.cpp:68] [operator()] Thread in element PushQEl1detectorYOLO26n/input_layer1 is not running anymore, exiting..
[2026-03-31 14:06:15.739] [8275] [HailoRT] [info] [queue_elements.cpp:46] [~BaseQueueElement] Queue element PushQEl1detectorYOLO26n/input_layer1 has 0 frames in his Queue on destruction
[2026-03-31 14:06:15.739] [8275] [HailoRT] [info] [core_op.cpp:186] [deactivate] Deactivating took 0.625813 ms
[2026-03-31 14:06:15.739] [8275] [HailoRT] [info] [core_op.cpp:186] [deactivate] Deactivating took 0.637498 ms
[2026-03-31 14:06:15.792] [8275] [HailoRT] [info] [core_op.cpp:156] [activate] Activating detectorYOLO26n took 0.282444 milliseconds. Note that the function is asynchronous and thus the network is not fully activated yet.
[2026-03-31 14:06:15.792] [8275] [HailoRT] [info] [core_op.cpp:156] [activate] Activating detectorYOLO26n took 0.30774 milliseconds. Note that the function is asynchronous and thus the network is not fully activated yet.
[2026-03-31 14:06:15.792] [8275] [HailoRT] [info] [edge_elements.cpp:52] [create] Created (HwWriteEl1detectorYOLO26n/input_layer1 | hw_frame_size: 1228800)
[2026-03-31 14:06:15.792] [8275] [HailoRT] [info] [queue_elements.cpp:284] [create] Created (PushQEl1detectorYOLO26n/input_layer1 | timeout: 10s)
[2026-03-31 14:06:15.792] [8275] [HailoRT] [info] [filter_elements.cpp:101] [create] Created (PreInferEl1detectorYOLO26n/input_layer1 | Reorder - src_order: NHWC, src_shape: (640, 640, 3), dst_order: NHCW, dst_shape: (640, 640, 3))
[2026-03-31 14:06:15.792] [8275] [HailoRT] [info] [vstream.cpp:754] [InputVStreamImpl] Creating detectorYOLO26n/input_layer1...
[2026-03-31 14:06:15.792] [8275] [HailoRT] [info] [vstream_builder.cpp:102] [create_inputs] Input pipeline 'detectorYOLO26n/input_layer1': (PreInferEl1detectorYOLO26n/input_layer1 | Reorder - src_order: NHWC, src_shape: (640, 640, 3), dst_order: NHCW, dst_shape: (640, 640, 3)) >> (PushQEl1detectorYOLO26n/input_layer1 | timeout: 10s) >> (HwWriteEl1detectorYOLO26n/input_layer1 | hw_frame_size: 1228800) >> HW
[2026-03-31 14:06:15.792] [8275] [HailoRT] [info] [edge_elements.cpp:287] [create] Created (HwReadEl0detectorYOLO26n/concat23 | hw_frame_size: 42000)
[2026-03-31 14:06:15.793] [8275] [HailoRT] [info] [queue_elements.cpp:800] [create] Created (UserBuffQEl0detectorYOLO26n/concat23 | timeout: 10s)
[2026-03-31 14:06:15.793] [8275] [HailoRT] [info] [vstream.cpp:1114] [OutputVStreamImpl] Creating detectorYOLO26n/concat23...
[2026-03-31 14:06:15.793] [8275] [HailoRT] [info] [vstream_builder.cpp:220] [create_outputs] Output pipeline 'detectorYOLO26n/concat23': HW >> (HwReadEl0detectorYOLO26n/concat23 | hw_frame_size: 42000) >> (UserBuffQEl0detectorYOLO26n/concat23 | timeout: 10s)
[2026-03-31 14:06:15.808] [9566] [HailoRT] [info] [queue_elements.cpp:855] [run_in_thread] Shutdown event was signaled in dequeue of UserBuffQEl0detectorYOLO26n/concat23!
[2026-03-31 14:06:15.808] [9566] [HailoRT] [info] [queue_elements.cpp:68] [operator()] Thread in element UserBuffQEl0detectorYOLO26n/concat23 is not running anymore, exiting..
[2026-03-31 14:06:15.808] [8275] [HailoRT] [info] [queue_elements.cpp:46] [~BaseQueueElement] Queue element UserBuffQEl0detectorYOLO26n/concat23 has 0 frames in his Queue on destruction
[2026-03-31 14:06:15.808] [9565] [HailoRT] [info] [queue_elements.cpp:68] [operator()] Thread in element PushQEl1detectorYOLO26n/input_layer1 is not running anymore, exiting..
[2026-03-31 14:06:15.808] [8275] [HailoRT] [info] [queue_elements.cpp:46] [~BaseQueueElement] Queue element PushQEl1detectorYOLO26n/input_layer1 has 0 frames in his Queue on destruction
[2026-03-31 14:06:15.808] [8275] [HailoRT] [info] [core_op.cpp:186] [deactivate] Deactivating took 0.600943 ms
[2026-03-31 14:06:15.808] [8275] [HailoRT] [info] [core_op.cpp:186] [deactivate] Deactivating took 0.609777 ms
[2026-03-31 14:06:15.861] [8275] [HailoRT] [info] [core_op.cpp:156] [activate] Activating detectorYOLO26n took 0.274666 milliseconds. Note that the function is asynchronous and thus the network is not fully activated yet.
[2026-03-31 14:06:15.861] [8275] [HailoRT] [info] [core_op.cpp:156] [activate] Activating detectorYOLO26n took 0.29748 milliseconds. Note that the function is asynchronous and thus the network is not fully activated yet.
[2026-03-31 14:06:15.861] [8275] [HailoRT] [info] [edge_elements.cpp:52] [create] Created (HwWriteEl1detectorYOLO26n/input_layer1 | hw_frame_size: 1228800)
[2026-03-31 14:06:15.862] [8275] [HailoRT] [info] [queue_elements.cpp:284] [create] Created (PushQEl1detectorYOLO26n/input_layer1 | timeout: 10s)
[2026-03-31 14:06:15.862] [8275] [HailoRT] [info] [filter_elements.cpp:101] [create] Created (PreInferEl1detectorYOLO26n/input_layer1 | Reorder - src_order: NHWC, src_shape: (640, 640, 3), dst_order: NHCW, dst_shape: (640, 640, 3))
[2026-03-31 14:06:15.862] [8275] [HailoRT] [info] [vstream.cpp:754] [InputVStreamImpl] Creating detectorYOLO26n/input_layer1...
[2026-03-31 14:06:15.862] [8275] [HailoRT] [info] [vstream_builder.cpp:102] [create_inputs] Input pipeline 'detectorYOLO26n/input_layer1': (PreInferEl1detectorYOLO26n/input_layer1 | Reorder - src_order: NHWC, src_shape: (640, 640, 3), dst_order: NHCW, dst_shape: (640, 640, 3)) >> (PushQEl1detectorYOLO26n/input_layer1 | timeout: 10s) >> (HwWriteEl1detectorYOLO26n/input_layer1 | hw_frame_size: 1228800) >> HW
[2026-03-31 14:06:15.862] [8275] [HailoRT] [info] [edge_elements.cpp:287] [create] Created (HwReadEl0detectorYOLO26n/concat23 | hw_frame_size: 42000)
[2026-03-31 14:06:15.862] [8275] [HailoRT] [info] [queue_elements.cpp:800] [create] Created (UserBuffQEl0detectorYOLO26n/concat23 | timeout: 10s)
[2026-03-31 14:06:15.862] [8275] [HailoRT] [info] [vstream.cpp:1114] [OutputVStreamImpl] Creating detectorYOLO26n/concat23...
[2026-03-31 14:06:15.862] [8275] [HailoRT] [info] [vstream_builder.cpp:220] [create_outputs] Output pipeline 'detectorYOLO26n/concat23': HW >> (HwReadEl0detectorYOLO26n/concat23 | hw_frame_size: 42000) >> (UserBuffQEl0detectorYOLO26n/concat23 | timeout: 10s)
[2026-03-31 14:06:15.877] [9570] [HailoRT] [info] [queue_elements.cpp:855] [run_in_thread] Shutdown event was signaled in dequeue of UserBuffQEl0detectorYOLO26n/concat23!
[2026-03-31 14:06:15.878] [8275] [HailoRT] [info] [queue_elements.cpp:46] [~BaseQueueElement] Queue element UserBuffQEl0detectorYOLO26n/concat23 has 0 frames in his Queue on destruction
[2026-03-31 14:06:15.878] [9569] [HailoRT] [info] [queue_elements.cpp:68] [operator()] Thread in element PushQEl1detectorYOLO26n/input_layer1 is not running anymore, exiting..
[2026-03-31 14:06:15.878] [8275] [HailoRT] [info] [queue_elements.cpp:46] [~BaseQueueElement] Queue element PushQEl1detectorYOLO26n/input_layer1 has 0 frames in his Queue on destruction
[2026-03-31 14:06:15.878] [8275] [HailoRT] [info] [core_op.cpp:186] [deactivate] Deactivating took 0.604462 ms
[2026-03-31 14:06:15.878] [8275] [HailoRT] [info] [core_op.cpp:186] [deactivate] Deactivating took 0.613332 ms
[2026-03-31 14:06:15.933] [8275] [HailoRT] [info] [core_op.cpp:156] [activate] Activating detectorYOLO26n took 0.286221 milliseconds. Note that the function is asynchronous and thus the network is not fully activated yet.
[2026-03-31 14:06:15.933] [8275] [HailoRT] [info] [core_op.cpp:156] [activate] Activating detectorYOLO26n took 0.324517 milliseconds. Note that the function is asynchronous and thus the network is not fully activated yet.
[2026-03-31 14:06:15.933] [8275] [HailoRT] [info] [edge_elements.cpp:52] [create] Created (HwWriteEl1detectorYOLO26n/input_layer1 | hw_frame_size: 1228800)
[2026-03-31 14:06:15.933] [8275] [HailoRT] [info] [queue_elements.cpp:284] [create] Created (PushQEl1detectorYOLO26n/input_layer1 | timeout: 10s)
[2026-03-31 14:06:15.933] [8275] [HailoRT] [info] [filter_elements.cpp:101] [create] Created (PreInferEl1detectorYOLO26n/input_layer1 | Reorder - src_order: NHWC, src_shape: (640, 640, 3), dst_order: NHCW, dst_shape: (640, 640, 3))
[2026-03-31 14:06:15.933] [8275] [HailoRT] [info] [vstream.cpp:754] [InputVStreamImpl] Creating detectorYOLO26n/input_layer1...
[2026-03-31 14:06:15.933] [8275] [HailoRT] [info] [vstream_builder.cpp:102] [create_inputs] Input pipeline 'detectorYOLO26n/input_layer1': (PreInferEl1detectorYOLO26n/input_layer1 | Reorder - src_order: NHWC, src_shape: (640, 640, 3), dst_order: NHCW, dst_shape: (640, 640, 3)) >> (PushQEl1detectorYOLO26n/input_layer1 | timeout: 10s) >> (HwWriteEl1detectorYOLO26n/input_layer1 | hw_frame_size: 1228800) >> HW
[2026-03-31 14:06:15.933] [8275] [HailoRT] [info] [edge_elements.cpp:287] [create] Created (HwReadEl0detectorYOLO26n/concat23 | hw_frame_size: 42000)
[2026-03-31 14:06:15.933] [8275] [HailoRT] [info] [queue_elements.cpp:800] [create] Created (UserBuffQEl0detectorYOLO26n/concat23 | timeout: 10s)
[2026-03-31 14:06:15.933] [8275] [HailoRT] [info] [vstream.cpp:1114] [OutputVStreamImpl] Creating detectorYOLO26n/concat23...
[2026-03-31 14:06:15.933] [8275] [HailoRT] [info] [vstream_builder.cpp:220] [create_outputs] Output pipeline 'detectorYOLO26n/concat23': HW >> (HwReadEl0detectorYOLO26n/concat23 | hw_frame_size: 42000) >> (UserBuffQEl0detectorYOLO26n/concat23 | timeout: 10s)
[2026-03-31 14:06:15.949] [9574] [HailoRT] [info] [queue_elements.cpp:855] [run_in_thread] Shutdown event was signaled in dequeue of UserBuffQEl0detectorYOLO26n/concat23!
[2026-03-31 14:06:15.949] [9574] [HailoRT] [info] [queue_elements.cpp:68] [operator()] Thread in element UserBuffQEl0detectorYOLO26n/concat23 is not running anymore, exiting..
[2026-03-31 14:06:15.949] [8275] [HailoRT] [info] [queue_elements.cpp:46] [~BaseQueueElement] Queue element UserBuffQEl0detectorYOLO26n/concat23 has 0 frames in his Queue on destruction
[2026-03-31 14:06:15.949] [9573] [HailoRT] [info] [queue_elements.cpp:68] [operator()] Thread in element PushQEl1detectorYOLO26n/input_layer1 is not running anymore, exiting..
[2026-03-31 14:06:15.949] [8275] [HailoRT] [info] [queue_elements.cpp:46] [~BaseQueueElement] Queue element PushQEl1detectorYOLO26n/input_layer1 has 0 frames in his Queue on destruction
[2026-03-31 14:06:15.950] [8275] [HailoRT] [info] [core_op.cpp:186] [deactivate] Deactivating took 0.688554 ms
[2026-03-31 14:06:15.950] [8275] [HailoRT] [info] [core_op.cpp:186] [deactivate] Deactivating took 0.704017 ms
[2026-03-31 14:06:16.001] [8275] [HailoRT] [info] [core_op.cpp:156] [activate] Activating detectorYOLO26n took 0.266389 milliseconds. Note that the function is asynchronous and thus the network is not fully activated yet.
[2026-03-31 14:06:16.001] [8275] [HailoRT] [info] [core_op.cpp:156] [activate] Activating detectorYOLO26n took 0.291573 milliseconds. Note that the function is asynchronous and thus the network is not fully activated yet.
[2026-03-31 14:06:16.002] [8275] [HailoRT] [info] [edge_elements.cpp:52] [create] Created (HwWriteEl1detectorYOLO26n/input_layer1 | hw_frame_size: 1228800)
[2026-03-31 14:06:16.002] [8275] [HailoRT] [info] [queue_elements.cpp:284] [create] Created (PushQEl1detectorYOLO26n/input_layer1 | timeout: 10s)
[2026-03-31 14:06:16.002] [8275] [HailoRT] [info] [filter_elements.cpp:101] [create] Created (PreInferEl1detectorYOLO26n/input_layer1 | Reorder - src_order: NHWC, src_shape: (640, 640, 3), dst_order: NHCW, dst_shape: (640, 640, 3))
[2026-03-31 14:06:16.002] [8275] [HailoRT] [info] [vstream.cpp:754] [InputVStreamImpl] Creating detectorYOLO26n/input_layer1...
[2026-03-31 14:06:16.002] [8275] [HailoRT] [info] [vstream_builder.cpp:102] [create_inputs] Input pipeline 'detectorYOLO26n/input_layer1': (PreInferEl1detectorYOLO26n/input_layer1 | Reorder - src_order: NHWC, src_shape: (640, 640, 3), dst_order: NHCW, dst_shape: (640, 640, 3)) >> (PushQEl1detectorYOLO26n/input_layer1 | timeout: 10s) >> (HwWriteEl1detectorYOLO26n/input_layer1 | hw_frame_size: 1228800) >> HW
[2026-03-31 14:06:16.002] [8275] [HailoRT] [info] [edge_elements.cpp:287] [create] Created (HwReadEl0detectorYOLO26n/concat23 | hw_frame_size: 42000)
[2026-03-31 14:06:16.002] [8275] [HailoRT] [info] [queue_elements.cpp:800] [create] Created (UserBuffQEl0detectorYOLO26n/concat23 | timeout: 10s)
[2026-03-31 14:06:16.002] [8275] [HailoRT] [info] [vstream.cpp:1114] [OutputVStreamImpl] Creating detectorYOLO26n/concat23...
[2026-03-31 14:06:16.002] [8275] [HailoRT] [info] [vstream_builder.cpp:220] [create_outputs] Output pipeline 'detectorYOLO26n/concat23': HW >> (HwReadEl0detectorYOLO26n/concat23 | hw_frame_size: 42000) >> (UserBuffQEl0detectorYOLO26n/concat23 | timeout: 10s)
[2026-03-31 14:06:16.017] [9578] [HailoRT] [info] [queue_elements.cpp:855] [run_in_thread] Shutdown event was signaled in dequeue of UserBuffQEl0detectorYOLO26n/concat23!
[2026-03-31 14:06:16.017] [9578] [HailoRT] [info] [queue_elements.cpp:68] [operator()] Thread in element UserBuffQEl0detectorYOLO26n/concat23 is not running anymore, exiting..
[2026-03-31 14:06:16.017] [8275] [HailoRT] [info] [queue_elements.cpp:46] [~BaseQueueElement] Queue element UserBuffQEl0detectorYOLO26n/concat23 has 0 frames in his Queue on destruction
[2026-03-31 14:06:16.017] [9577] [HailoRT] [info] [queue_elements.cpp:68] [operator()] Thread in element PushQEl1detectorYOLO26n/input_layer1 is not running anymore, exiting..
[2026-03-31 14:06:16.017] [8275] [HailoRT] [info] [queue_elements.cpp:46] [~BaseQueueElement] Queue element PushQEl1detectorYOLO26n/input_layer1 has 0 frames in his Queue on destruction
[2026-03-31 14:06:16.018] [8275] [HailoRT] [info] [core_op.cpp:186] [deactivate] Deactivating took 0.606276 ms
[2026-03-31 14:06:16.018] [8275] [HailoRT] [info] [core_op.cpp:186] [deactivate] Deactivating took 0.615517 ms
[2026-03-31 14:06:16.069] [8275] [HailoRT] [info] [core_op.cpp:156] [activate] Activating detectorYOLO26n took 0.277999 milliseconds. Note that the function is asynchronous and thus the network is not fully activated yet.
[2026-03-31 14:06:16.069] [8275] [HailoRT] [info] [core_op.cpp:156] [activate] Activating detectorYOLO26n took 0.30224 milliseconds. Note that the function is asynchronous and thus the network is not fully activated yet.
[2026-03-31 14:06:16.069] [8275] [HailoRT] [info] [edge_elements.cpp:52] [create] Created (HwWriteEl1detectorYOLO26n/input_layer1 | hw_frame_size: 1228800)
[2026-03-31 14:06:16.070] [8275] [HailoRT] [info] [queue_elements.cpp:284] [create] Created (PushQEl1detectorYOLO26n/input_layer1 | timeout: 10s)
[2026-03-31 14:06:16.070] [8275] [HailoRT] [info] [filter_elements.cpp:101] [create] Created (PreInferEl1detectorYOLO26n/input_layer1 | Reorder - src_order: NHWC, src_shape: (640, 640, 3), dst_order: NHCW, dst_shape: (640, 640, 3))
[2026-03-31 14:06:16.070] [8275] [HailoRT] [info] [vstream.cpp:754] [InputVStreamImpl] Creating detectorYOLO26n/input_layer1...
[2026-03-31 14:06:16.070] [8275] [HailoRT] [info] [vstream_builder.cpp:102] [create_inputs] Input pipeline 'detectorYOLO26n/input_layer1': (PreInferEl1detectorYOLO26n/input_layer1 | Reorder - src_order: NHWC, src_shape: (640, 640, 3), dst_order: NHCW, dst_shape: (640, 640, 3)) >> (PushQEl1detectorYOLO26n/input_layer1 | timeout: 10s) >> (HwWriteEl1detectorYOLO26n/input_layer1 | hw_frame_size: 1228800) >> HW
[2026-03-31 14:06:16.070] [8275] [HailoRT] [info] [edge_elements.cpp:287] [create] Created (HwReadEl0detectorYOLO26n/concat23 | hw_frame_size: 42000)
[2026-03-31 14:06:16.070] [8275] [HailoRT] [info] [queue_elements.cpp:800] [create] Created (UserBuffQEl0detectorYOLO26n/concat23 | timeout: 10s)
[2026-03-31 14:06:16.070] [8275] [HailoRT] [info] [vstream.cpp:1114] [OutputVStreamImpl] Creating detectorYOLO26n/concat23...
[2026-03-31 14:06:16.070] [8275] [HailoRT] [info] [vstream_builder.cpp:220] [create_outputs] Output pipeline 'detectorYOLO26n/concat23': HW >> (HwReadEl0detectorYOLO26n/concat23 | hw_frame_size: 42000) >> (UserBuffQEl0detectorYOLO26n/concat23 | timeout: 10s)
[2026-03-31 14:06:16.086] [9582] [HailoRT] [info] [queue_elements.cpp:855] [run_in_thread] Shutdown event was signaled in dequeue of UserBuffQEl0detectorYOLO26n/concat23!
[2026-03-31 14:06:16.086] [9582] [HailoRT] [info] [queue_elements.cpp:68] [operator()] Thread in element UserBuffQEl0detectorYOLO26n/concat23 is not running anymore, exiting..
[2026-03-31 14:06:16.086] [8275] [HailoRT] [info] [queue_elements.cpp:46] [~BaseQueueElement] Queue element UserBuffQEl0detectorYOLO26n/concat23 has 0 frames in his Queue on destruction
[2026-03-31 14:06:16.086] [9581] [HailoRT] [info] [queue_elements.cpp:68] [operator()] Thread in element PushQEl1detectorYOLO26n/input_layer1 is not running anymore, exiting..
[2026-03-31 14:06:16.086] [8275] [HailoRT] [info] [queue_elements.cpp:46] [~BaseQueueElement] Queue element PushQEl1detectorYOLO26n/input_layer1 has 0 frames in his Queue on destruction
[2026-03-31 14:06:16.087] [8275] [HailoRT] [info] [core_op.cpp:186] [deactivate] Deactivating took 0.53998 ms
[2026-03-31 14:06:16.087] [8275] [HailoRT] [info] [core_op.cpp:186] [deactivate] Deactivating took 0.54874 ms
[2026-03-31 14:06:16.140] [8275] [HailoRT] [info] [core_op.cpp:156] [activate] Activating detectorYOLO26n took 0.254722 milliseconds. Note that the function is asynchronous and thus the network is not fully activated yet.
[2026-03-31 14:06:16.141] [8275] [HailoRT] [info] [core_op.cpp:156] [activate] Activating detectorYOLO26n took 0.277962 milliseconds. Note that the function is asynchronous and thus the network is not fully activated yet.
[2026-03-31 14:06:16.141] [8275] [HailoRT] [info] [edge_elements.cpp:52] [create] Created (HwWriteEl1detectorYOLO26n/input_layer1 | hw_frame_size: 1228800)
[2026-03-31 14:06:16.141] [8275] [HailoRT] [info] [queue_elements.cpp:284] [create] Created (PushQEl1detectorYOLO26n/input_layer1 | timeout: 10s)
[2026-03-31 14:06:16.141] [8275] [HailoRT] [info] [filter_elements.cpp:101] [create] Created (PreInferEl1detectorYOLO26n/input_layer1 | Reorder - src_order: NHWC, src_shape: (640, 640, 3), dst_order: NHCW, dst_shape: (640, 640, 3))
[2026-03-31 14:06:16.141] [8275] [HailoRT] [info] [vstream.cpp:754] [InputVStreamImpl] Creating detectorYOLO26n/input_layer1...
[2026-03-31 14:06:16.141] [8275] [HailoRT] [info] [vstream_builder.cpp:102] [create_inputs] Input pipeline 'detectorYOLO26n/input_layer1': (PreInferEl1detectorYOLO26n/input_layer1 | Reorder - src_order: NHWC, src_shape: (640, 640, 3), dst_order: NHCW, dst_shape: (640, 640, 3)) >> (PushQEl1detectorYOLO26n/input_layer1 | timeout: 10s) >> (HwWriteEl1detectorYOLO26n/input_layer1 | hw_frame_size: 1228800) >> HW
[2026-03-31 14:06:16.141] [8275] [HailoRT] [info] [edge_elements.cpp:287] [create] Created (HwReadEl0detectorYOLO26n/concat23 | hw_frame_size: 42000)
[2026-03-31 14:06:16.141] [8275] [HailoRT] [info] [queue_elements.cpp:800] [create] Created (UserBuffQEl0detectorYOLO26n/concat23 | timeout: 10s)
[2026-03-31 14:06:16.141] [8275] [HailoRT] [info] [vstream.cpp:1114] [OutputVStreamImpl] Creating detectorYOLO26n/concat23...
[2026-03-31 14:06:16.141] [8275] [HailoRT] [info] [vstream_builder.cpp:220] [create_outputs] Output pipeline 'detectorYOLO26n/concat23': HW >> (HwReadEl0detectorYOLO26n/concat23 | hw_frame_size: 42000) >> (UserBuffQEl0detectorYOLO26n/concat23 | timeout: 10s)
[2026-03-31 14:06:16.157] [9586] [HailoRT] [info] [queue_elements.cpp:855] [run_in_thread] Shutdown event was signaled in dequeue of UserBuffQEl0detectorYOLO26n/concat23!
[2026-03-31 14:06:16.157] [8275] [HailoRT] [info] [queue_elements.cpp:46] [~BaseQueueElement] Queue element UserBuffQEl0detectorYOLO26n/concat23 has 0 frames in his Queue on destruction
[2026-03-31 14:06:16.157] [9585] [HailoRT] [info] [queue_elements.cpp:68] [operator()] Thread in element PushQEl1detectorYOLO26n/input_layer1 is not running anymore, exiting..
[2026-03-31 14:06:16.157] [8275] [HailoRT] [info] [queue_elements.cpp:46] [~BaseQueueElement] Queue element PushQEl1detectorYOLO26n/input_layer1 has 0 frames in his Queue on destruction
[2026-03-31 14:06:16.158] [8275] [HailoRT] [info] [core_op.cpp:186] [deactivate] Deactivating took 0.617147 ms
[2026-03-31 14:06:16.158] [8275] [HailoRT] [info] [core_op.cpp:186] [deactivate] Deactivating took 0.675683 ms
[2026-03-31 14:06:16.210] [8275] [HailoRT] [info] [core_op.cpp:156] [activate] Activating detectorYOLO26n took 0.280351 milliseconds. Note that the function is asynchronous and thus the network is not fully activated yet.
[2026-03-31 14:06:16.210] [8275] [HailoRT] [info] [core_op.cpp:156] [activate] Activating detectorYOLO26n took 0.308333 milliseconds. Note that the function is asynchronous and thus the network is not fully activated yet.
[2026-03-31 14:06:16.211] [8275] [HailoRT] [info] [edge_elements.cpp:52] [create] Created (HwWriteEl1detectorYOLO26n/input_layer1 | hw_frame_size: 1228800)
[2026-03-31 14:06:16.211] [8275] [HailoRT] [info] [queue_elements.cpp:284] [create] Created (PushQEl1detectorYOLO26n/input_layer1 | timeout: 10s)
[2026-03-31 14:06:16.211] [8275] [HailoRT] [info] [filter_elements.cpp:101] [create] Created (PreInferEl1detectorYOLO26n/input_layer1 | Reorder - src_order: NHWC, src_shape: (640, 640, 3), dst_order: NHCW, dst_shape: (640, 640, 3))
[2026-03-31 14:06:16.211] [8275] [HailoRT] [info] [vstream.cpp:754] [InputVStreamImpl] Creating detectorYOLO26n/input_layer1...
[2026-03-31 14:06:16.211] [8275] [HailoRT] [info] [vstream_builder.cpp:102] [create_inputs] Input pipeline 'detectorYOLO26n/input_layer1': (PreInferEl1detectorYOLO26n/input_layer1 | Reorder - src_order: NHWC, src_shape: (640, 640, 3), dst_order: NHCW, dst_shape: (640, 640, 3)) >> (PushQEl1detectorYOLO26n/input_layer1 | timeout: 10s) >> (HwWriteEl1detectorYOLO26n/input_layer1 | hw_frame_size: 1228800) >> HW
[2026-03-31 14:06:16.211] [8275] [HailoRT] [info] [edge_elements.cpp:287] [create] Created (HwReadEl0detectorYOLO26n/concat23 | hw_frame_size: 42000)
[2026-03-31 14:06:16.211] [8275] [HailoRT] [info] [queue_elements.cpp:800] [create] Created (UserBuffQEl0detectorYOLO26n/concat23 | timeout: 10s)
[2026-03-31 14:06:16.211] [8275] [HailoRT] [info] [vstream.cpp:1114] [OutputVStreamImpl] Creating detectorYOLO26n/concat23...
[2026-03-31 14:06:16.211] [8275] [HailoRT] [info] [vstream_builder.cpp:220] [create_outputs] Output pipeline 'detectorYOLO26n/concat23': HW >> (HwReadEl0detectorYOLO26n/concat23 | hw_frame_size: 42000) >> (UserBuffQEl0detectorYOLO26n/concat23 | timeout: 10s)
[2026-03-31 14:06:16.226] [9590] [HailoRT] [info] [queue_elements.cpp:855] [run_in_thread] Shutdown event was signaled in dequeue of UserBuffQEl0detectorYOLO26n/concat23!
[2026-03-31 14:06:16.226] [9590] [HailoRT] [info] [queue_elements.cpp:68] [operator()] Thread in element UserBuffQEl0detectorYOLO26n/concat23 is not running anymore, exiting..
[2026-03-31 14:06:16.226] [8275] [HailoRT] [info] [queue_elements.cpp:46] [~BaseQueueElement] Queue element UserBuffQEl0detectorYOLO26n/concat23 has 0 frames in his Queue on destruction
[2026-03-31 14:06:16.226] [9589] [HailoRT] [info] [queue_elements.cpp:68] [operator()] Thread in element PushQEl1detectorYOLO26n/input_layer1 is not running anymore, exiting..
[2026-03-31 14:06:16.226] [8275] [HailoRT] [info] [queue_elements.cpp:46] [~BaseQueueElement] Queue element PushQEl1detectorYOLO26n/input_layer1 has 0 frames in his Queue on destruction
[2026-03-31 14:06:16.227] [8275] [HailoRT] [info] [core_op.cpp:186] [deactivate] Deactivating took 0.610462 ms
[2026-03-31 14:06:16.227] [8275] [HailoRT] [info] [core_op.cpp:186] [deactivate] Deactivating took 0.619851 ms
[2026-03-31 14:06:16.280] [8275] [HailoRT] [info] [core_op.cpp:156] [activate] Activating detectorYOLO26n took 0.272092 milliseconds. Note that the function is asynchronous and thus the network is not fully activated yet.
[2026-03-31 14:06:16.280] [8275] [HailoRT] [info] [core_op.cpp:156] [activate] Activating detectorYOLO26n took 0.29524 milliseconds. Note that the function is asynchronous and thus the network is not fully activated yet.
[2026-03-31 14:06:16.280] [8275] [HailoRT] [info] [edge_elements.cpp:52] [create] Created (HwWriteEl1detectorYOLO26n/input_layer1 | hw_frame_size: 1228800)
[2026-03-31 14:06:16.280] [8275] [HailoRT] [info] [queue_elements.cpp:284] [create] Created (PushQEl1detectorYOLO26n/input_layer1 | timeout: 10s)
[2026-03-31 14:06:16.280] [8275] [HailoRT] [info] [filter_elements.cpp:101] [create] Created (PreInferEl1detectorYOLO26n/input_layer1 | Reorder - src_order: NHWC, src_shape: (640, 640, 3), dst_order: NHCW, dst_shape: (640, 640, 3))
[2026-03-31 14:06:16.281] [8275] [HailoRT] [info] [vstream.cpp:754] [InputVStreamImpl] Creating detectorYOLO26n/input_layer1...
[2026-03-31 14:06:16.281] [8275] [HailoRT] [info] [vstream_builder.cpp:102] [create_inputs] Input pipeline 'detectorYOLO26n/input_layer1': (PreInferEl1detectorYOLO26n/input_layer1 | Reorder - src_order: NHWC, src_shape: (640, 640, 3), dst_order: NHCW, dst_shape: (640, 640, 3)) >> (PushQEl1detectorYOLO26n/input_layer1 | timeout: 10s) >> (HwWriteEl1detectorYOLO26n/input_layer1 | hw_frame_size: 1228800) >> HW
[2026-03-31 14:06:16.281] [8275] [HailoRT] [info] [edge_elements.cpp:287] [create] Created (HwReadEl0detectorYOLO26n/concat23 | hw_frame_size: 42000)
[2026-03-31 14:06:16.281] [8275] [HailoRT] [info] [queue_elements.cpp:800] [create] Created (UserBuffQEl0detectorYOLO26n/concat23 | timeout: 10s)
[2026-03-31 14:06:16.281] [8275] [HailoRT] [info] [vstream.cpp:1114] [OutputVStreamImpl] Creating detectorYOLO26n/concat23...
[2026-03-31 14:06:16.281] [8275] [HailoRT] [info] [vstream_builder.cpp:220] [create_outputs] Output pipeline 'detectorYOLO26n/concat23': HW >> (HwReadEl0detectorYOLO26n/concat23 | hw_frame_size: 42000) >> (UserBuffQEl0detectorYOLO26n/concat23 | timeout: 10s)
[2026-03-31 14:06:16.296] [9594] [HailoRT] [info] [queue_elements.cpp:855] [run_in_thread] Shutdown event was signaled in dequeue of UserBuffQEl0detectorYOLO26n/concat23!
[2026-03-31 14:06:16.296] [9594] [HailoRT] [info] [queue_elements.cpp:68] [operator()] Thread in element UserBuffQEl0detectorYOLO26n/concat23 is not running anymore, exiting..
[2026-03-31 14:06:16.296] [8275] [HailoRT] [info] [queue_elements.cpp:46] [~BaseQueueElement] Queue element UserBuffQEl0detectorYOLO26n/concat23 has 0 frames in his Queue on destruction
[2026-03-31 14:06:16.296] [9593] [HailoRT] [info] [queue_elements.cpp:68] [operator()] Thread in element PushQEl1detectorYOLO26n/input_layer1 is not running anymore, exiting..
[2026-03-31 14:06:16.296] [8275] [HailoRT] [info] [queue_elements.cpp:46] [~BaseQueueElement] Queue element PushQEl1detectorYOLO26n/input_layer1 has 0 frames in his Queue on destruction
[2026-03-31 14:06:16.297] [8275] [HailoRT] [info] [core_op.cpp:186] [deactivate] Deactivating took 0.686239 ms
[2026-03-31 14:06:16.297] [8275] [HailoRT] [info] [core_op.cpp:186] [deactivate] Deactivating took 0.721388 ms
[2026-03-31 14:06:16.350] [8275] [HailoRT] [info] [core_op.cpp:156] [activate] Activating detectorYOLO26n took 0.284277 milliseconds. Note that the function is asynchronous and thus the network is not fully activated yet.
[2026-03-31 14:06:16.350] [8275] [HailoRT] [info] [core_op.cpp:156] [activate] Activating detectorYOLO26n took 0.307055 milliseconds. Note that the function is asynchronous and thus the network is not fully activated yet.
[2026-03-31 14:06:16.350] [8275] [HailoRT] [info] [edge_elements.cpp:52] [create] Created (HwWriteEl1detectorYOLO26n/input_layer1 | hw_frame_size: 1228800)
[2026-03-31 14:06:16.350] [8275] [HailoRT] [info] [queue_elements.cpp:284] [create] Created (PushQEl1detectorYOLO26n/input_layer1 | timeout: 10s)
[2026-03-31 14:06:16.350] [8275] [HailoRT] [info] [filter_elements.cpp:101] [create] Created (PreInferEl1detectorYOLO26n/input_layer1 | Reorder - src_order: NHWC, src_shape: (640, 640, 3), dst_order: NHCW, dst_shape: (640, 640, 3))
[2026-03-31 14:06:16.350] [8275] [HailoRT] [info] [vstream.cpp:754] [InputVStreamImpl] Creating detectorYOLO26n/input_layer1...
[2026-03-31 14:06:16.350] [8275] [HailoRT] [info] [vstream_builder.cpp:102] [create_inputs] Input pipeline 'detectorYOLO26n/input_layer1': (PreInferEl1detectorYOLO26n/input_layer1 | Reorder - src_order: NHWC, src_shape: (640, 640, 3), dst_order: NHCW, dst_shape: (640, 640, 3)) >> (PushQEl1detectorYOLO26n/input_layer1 | timeout: 10s) >> (HwWriteEl1detectorYOLO26n/input_layer1 | hw_frame_size: 1228800) >> HW
[2026-03-31 14:06:16.350] [8275] [HailoRT] [info] [edge_elements.cpp:287] [create] Created (HwReadEl0detectorYOLO26n/concat23 | hw_frame_size: 42000)
[2026-03-31 14:06:16.350] [8275] [HailoRT] [info] [queue_elements.cpp:800] [create] Created (UserBuffQEl0detectorYOLO26n/concat23 | timeout: 10s)
[2026-03-31 14:06:16.350] [8275] [HailoRT] [info] [vstream.cpp:1114] [OutputVStreamImpl] Creating detectorYOLO26n/concat23...
[2026-03-31 14:06:16.350] [8275] [HailoRT] [info] [vstream_builder.cpp:220] [create_outputs] Output pipeline 'detectorYOLO26n/concat23': HW >> (HwReadEl0detectorYOLO26n/concat23 | hw_frame_size: 42000) >> (UserBuffQEl0detectorYOLO26n/concat23 | timeout: 10s)
[2026-03-31 14:06:16.366] [9598] [HailoRT] [info] [queue_elements.cpp:855] [run_in_thread] Shutdown event was signaled in dequeue of UserBuffQEl0detectorYOLO26n/concat23!
[2026-03-31 14:06:16.366] [9598] [HailoRT] [info] [queue_elements.cpp:68] [operator()] Thread in element UserBuffQEl0detectorYOLO26n/concat23 is not running anymore, exiting..
[2026-03-31 14:06:16.366] [8275] [HailoRT] [info] [queue_elements.cpp:46] [~BaseQueueElement] Queue element UserBuffQEl0detectorYOLO26n/concat23 has 0 frames in his Queue on destruction
[2026-03-31 14:06:16.366] [9597] [HailoRT] [info] [queue_elements.cpp:68] [operator()] Thread in element PushQEl1detectorYOLO26n/input_layer1 is not running anymore, exiting..
[2026-03-31 14:06:16.366] [8275] [HailoRT] [info] [queue_elements.cpp:46] [~BaseQueueElement] Queue element PushQEl1detectorYOLO26n/input_layer1 has 0 frames in his Queue on destruction
[2026-03-31 14:06:16.366] [8275] [HailoRT] [info] [core_op.cpp:186] [deactivate] Deactivating took 0.604591 ms
[2026-03-31 14:06:16.366] [8275] [HailoRT] [info] [core_op.cpp:186] [deactivate] Deactivating took 0.61385 ms
[2026-03-31 14:06:16.418] [8275] [HailoRT] [info] [core_op.cpp:156] [activate] Activating detectorYOLO26n took 0.250981 milliseconds. Note that the function is asynchronous and thus the network is not fully activated yet.
[2026-03-31 14:06:16.418] [8275] [HailoRT] [info] [core_op.cpp:156] [activate] Activating detectorYOLO26n took 0.27261 milliseconds. Note that the function is asynchronous and thus the network is not fully activated yet.
[2026-03-31 14:06:16.419] [8275] [HailoRT] [info] [edge_elements.cpp:52] [create] Created (HwWriteEl1detectorYOLO26n/input_layer1 | hw_frame_size: 1228800)
[2026-03-31 14:06:16.419] [8275] [HailoRT] [info] [queue_elements.cpp:284] [create] Created (PushQEl1detectorYOLO26n/input_layer1 | timeout: 10s)
[2026-03-31 14:06:16.419] [8275] [HailoRT] [info] [filter_elements.cpp:101] [create] Created (PreInferEl1detectorYOLO26n/input_layer1 | Reorder - src_order: NHWC, src_shape: (640, 640, 3), dst_order: NHCW, dst_shape: (640, 640, 3))
[2026-03-31 14:06:16.419] [8275] [HailoRT] [info] [vstream.cpp:754] [InputVStreamImpl] Creating detectorYOLO26n/input_layer1...
[2026-03-31 14:06:16.419] [8275] [HailoRT] [info] [vstream_builder.cpp:102] [create_inputs] Input pipeline 'detectorYOLO26n/input_layer1': (PreInferEl1detectorYOLO26n/input_layer1 | Reorder - src_order: NHWC, src_shape: (640, 640, 3), dst_order: NHCW, dst_shape: (640, 640, 3)) >> (PushQEl1detectorYOLO26n/input_layer1 | timeout: 10s) >> (HwWriteEl1detectorYOLO26n/input_layer1 | hw_frame_size: 1228800) >> HW
[2026-03-31 14:06:16.419] [8275] [HailoRT] [info] [edge_elements.cpp:287] [create] Created (HwReadEl0detectorYOLO26n/concat23 | hw_frame_size: 42000)
[2026-03-31 14:06:16.419] [8275] [HailoRT] [info] [queue_elements.cpp:800] [create] Created (UserBuffQEl0detectorYOLO26n/concat23 | timeout: 10s)
[2026-03-31 14:06:16.419] [8275] [HailoRT] [info] [vstream.cpp:1114] [OutputVStreamImpl] Creating detectorYOLO26n/concat23...
[2026-03-31 14:06:16.419] [8275] [HailoRT] [info] [vstream_builder.cpp:220] [create_outputs] Output pipeline 'detectorYOLO26n/concat23': HW >> (HwReadEl0detectorYOLO26n/concat23 | hw_frame_size: 42000) >> (UserBuffQEl0detectorYOLO26n/concat23 | timeout: 10s)
[2026-03-31 14:06:16.435] [9602] [HailoRT] [info] [queue_elements.cpp:855] [run_in_thread] Shutdown event was signaled in dequeue of UserBuffQEl0detectorYOLO26n/concat23!
[2026-03-31 14:06:16.435] [9602] [HailoRT] [info] [queue_elements.cpp:68] [operator()] Thread in element UserBuffQEl0detectorYOLO26n/concat23 is not running anymore, exiting..
[2026-03-31 14:06:16.435] [8275] [HailoRT] [info] [queue_elements.cpp:46] [~BaseQueueElement] Queue element UserBuffQEl0detectorYOLO26n/concat23 has 0 frames in his Queue on destruction
[2026-03-31 14:06:16.435] [9601] [HailoRT] [info] [queue_elements.cpp:68] [operator()] Thread in element PushQEl1detectorYOLO26n/input_layer1 is not running anymore, exiting..
[2026-03-31 14:06:16.435] [8275] [HailoRT] [info] [queue_elements.cpp:46] [~BaseQueueElement] Queue element PushQEl1detectorYOLO26n/input_layer1 has 0 frames in his Queue on destruction
[2026-03-31 14:06:16.435] [8275] [HailoRT] [info] [core_op.cpp:186] [deactivate] Deactivating took 0.722572 ms
[2026-03-31 14:06:16.435] [8275] [HailoRT] [info] [core_op.cpp:186] [deactivate] Deactivating took 0.732498 ms
[2026-03-31 14:06:16.489] [8275] [HailoRT] [info] [core_op.cpp:156] [activate] Activating detectorYOLO26n took 0.292277 milliseconds. Note that the function is asynchronous and thus the network is not fully activated yet.
[2026-03-31 14:06:16.489] [8275] [HailoRT] [info] [core_op.cpp:156] [activate] Activating detectorYOLO26n took 0.319333 milliseconds. Note that the function is asynchronous and thus the network is not fully activated yet.
[2026-03-31 14:06:16.489] [8275] [HailoRT] [info] [edge_elements.cpp:52] [create] Created (HwWriteEl1detectorYOLO26n/input_layer1 | hw_frame_size: 1228800)
[2026-03-31 14:06:16.490] [8275] [HailoRT] [info] [queue_elements.cpp:284] [create] Created (PushQEl1detectorYOLO26n/input_layer1 | timeout: 10s)
[2026-03-31 14:06:16.490] [8275] [HailoRT] [info] [filter_elements.cpp:101] [create] Created (PreInferEl1detectorYOLO26n/input_layer1 | Reorder - src_order: NHWC, src_shape: (640, 640, 3), dst_order: NHCW, dst_shape: (640, 640, 3))
[2026-03-31 14:06:16.490] [8275] [HailoRT] [info] [vstream.cpp:754] [InputVStreamImpl] Creating detectorYOLO26n/input_layer1...
[2026-03-31 14:06:16.490] [8275] [HailoRT] [info] [vstream_builder.cpp:102] [create_inputs] Input pipeline 'detectorYOLO26n/input_layer1': (PreInferEl1detectorYOLO26n/input_layer1 | Reorder - src_order: NHWC, src_shape: (640, 640, 3), dst_order: NHCW, dst_shape: (640, 640, 3)) >> (PushQEl1detectorYOLO26n/input_layer1 | timeout: 10s) >> (HwWriteEl1detectorYOLO26n/input_layer1 | hw_frame_size: 1228800) >> HW
[2026-03-31 14:06:16.490] [8275] [HailoRT] [info] [edge_elements.cpp:287] [create] Created (HwReadEl0detectorYOLO26n/concat23 | hw_frame_size: 42000)
[2026-03-31 14:06:16.490] [8275] [HailoRT] [info] [queue_elements.cpp:800] [create] Created (UserBuffQEl0detectorYOLO26n/concat23 | timeout: 10s)
[2026-03-31 14:06:16.490] [8275] [HailoRT] [info] [vstream.cpp:1114] [OutputVStreamImpl] Creating detectorYOLO26n/concat23...
[2026-03-31 14:06:16.490] [8275] [HailoRT] [info] [vstream_builder.cpp:220] [create_outputs] Output pipeline 'detectorYOLO26n/concat23': HW >> (HwReadEl0detectorYOLO26n/concat23 | hw_frame_size: 42000) >> (UserBuffQEl0detectorYOLO26n/concat23 | timeout: 10s)
[2026-03-31 14:06:16.506] [9606] [HailoRT] [info] [queue_elements.cpp:855] [run_in_thread] Shutdown event was signaled in dequeue of UserBuffQEl0detectorYOLO26n/concat23!
[2026-03-31 14:06:16.506] [9606] [HailoRT] [info] [queue_elements.cpp:68] [operator()] Thread in element UserBuffQEl0detectorYOLO26n/concat23 is not running anymore, exiting..
[2026-03-31 14:06:16.506] [8275] [HailoRT] [info] [queue_elements.cpp:46] [~BaseQueueElement] Queue element UserBuffQEl0detectorYOLO26n/concat23 has 0 frames in his Queue on destruction
[2026-03-31 14:06:16.506] [9605] [HailoRT] [info] [queue_elements.cpp:68] [operator()] Thread in element PushQEl1detectorYOLO26n/input_layer1 is not running anymore, exiting..
[2026-03-31 14:06:16.506] [8275] [HailoRT] [info] [queue_elements.cpp:46] [~BaseQueueElement] Queue element PushQEl1detectorYOLO26n/input_layer1 has 0 frames in his Queue on destruction
[2026-03-31 14:06:16.506] [8275] [HailoRT] [info] [core_op.cpp:186] [deactivate] Deactivating took 0.617369 ms
[2026-03-31 14:06:16.506] [8275] [HailoRT] [info] [core_op.cpp:186] [deactivate] Deactivating took 0.628795 ms
[2026-03-31 14:06:16.563] [8275] [HailoRT] [info] [core_op.cpp:156] [activate] Activating detectorYOLO26n took 0.305017 milliseconds. Note that the function is asynchronous and thus the network is not fully activated yet.
[2026-03-31 14:06:16.563] [8275] [HailoRT] [info] [core_op.cpp:156] [activate] Activating detectorYOLO26n took 0.345333 milliseconds. Note that the function is asynchronous and thus the network is not fully activated yet.
[2026-03-31 14:06:16.563] [8275] [HailoRT] [info] [edge_elements.cpp:52] [create] Created (HwWriteEl1detectorYOLO26n/input_layer1 | hw_frame_size: 1228800)
[2026-03-31 14:06:16.564] [8275] [HailoRT] [info] [queue_elements.cpp:284] [create] Created (PushQEl1detectorYOLO26n/input_layer1 | timeout: 10s)
[2026-03-31 14:06:16.564] [8275] [HailoRT] [info] [filter_elements.cpp:101] [create] Created (PreInferEl1detectorYOLO26n/input_layer1 | Reorder - src_order: NHWC, src_shape: (640, 640, 3), dst_order: NHCW, dst_shape: (640, 640, 3))
[2026-03-31 14:06:16.564] [8275] [HailoRT] [info] [vstream.cpp:754] [InputVStreamImpl] Creating detectorYOLO26n/input_layer1...
[2026-03-31 14:06:16.564] [8275] [HailoRT] [info] [vstream_builder.cpp:102] [create_inputs] Input pipeline 'detectorYOLO26n/input_layer1': (PreInferEl1detectorYOLO26n/input_layer1 | Reorder - src_order: NHWC, src_shape: (640, 640, 3), dst_order: NHCW, dst_shape: (640, 640, 3)) >> (PushQEl1detectorYOLO26n/input_layer1 | timeout: 10s) >> (HwWriteEl1detectorYOLO26n/input_layer1 | hw_frame_size: 1228800) >> HW
[2026-03-31 14:06:16.564] [8275] [HailoRT] [info] [edge_elements.cpp:287] [create] Created (HwReadEl0detectorYOLO26n/concat23 | hw_frame_size: 42000)
[2026-03-31 14:06:16.564] [8275] [HailoRT] [info] [queue_elements.cpp:800] [create] Created (UserBuffQEl0detectorYOLO26n/concat23 | timeout: 10s)
[2026-03-31 14:06:16.564] [8275] [HailoRT] [info] [vstream.cpp:1114] [OutputVStreamImpl] Creating detectorYOLO26n/concat23...
[2026-03-31 14:06:16.564] [8275] [HailoRT] [info] [vstream_builder.cpp:220] [create_outputs] Output pipeline 'detectorYOLO26n/concat23': HW >> (HwReadEl0detectorYOLO26n/concat23 | hw_frame_size: 42000) >> (UserBuffQEl0detectorYOLO26n/concat23 | timeout: 10s)
[2026-03-31 14:06:16.580] [9610] [HailoRT] [info] [queue_elements.cpp:855] [run_in_thread] Shutdown event was signaled in dequeue of UserBuffQEl0detectorYOLO26n/concat23!
[2026-03-31 14:06:16.580] [8275] [HailoRT] [info] [queue_elements.cpp:46] [~BaseQueueElement] Queue element UserBuffQEl0detectorYOLO26n/concat23 has 0 frames in his Queue on destruction
[2026-03-31 14:06:16.580] [9609] [HailoRT] [info] [queue_elements.cpp:68] [operator()] Thread in element PushQEl1detectorYOLO26n/input_layer1 is not running anymore, exiting..
[2026-03-31 14:06:16.580] [8275] [HailoRT] [info] [queue_elements.cpp:46] [~BaseQueueElement] Queue element PushQEl1detectorYOLO26n/input_layer1 has 0 frames in his Queue on destruction
[2026-03-31 14:06:16.580] [8275] [HailoRT] [info] [core_op.cpp:186] [deactivate] Deactivating took 0.600388 ms
[2026-03-31 14:06:16.580] [8275] [HailoRT] [info] [core_op.cpp:186] [deactivate] Deactivating took 0.620369 ms
[2026-03-31 14:06:16.634] [8275] [HailoRT] [info] [core_op.cpp:156] [activate] Activating detectorYOLO26n took 0.278425 milliseconds. Note that the function is asynchronous and thus the network is not fully activated yet.
[2026-03-31 14:06:16.634] [8275] [HailoRT] [info] [core_op.cpp:156] [activate] Activating detectorYOLO26n took 0.306647 milliseconds. Note that the function is asynchronous and thus the network is not fully activated yet.
[2026-03-31 14:06:16.634] [8275] [HailoRT] [info] [edge_elements.cpp:52] [create] Created (HwWriteEl1detectorYOLO26n/input_layer1 | hw_frame_size: 1228800)
[2026-03-31 14:06:16.634] [8275] [HailoRT] [info] [queue_elements.cpp:284] [create] Created (PushQEl1detectorYOLO26n/input_layer1 | timeout: 10s)
[2026-03-31 14:06:16.634] [8275] [HailoRT] [info] [filter_elements.cpp:101] [create] Created (PreInferEl1detectorYOLO26n/input_layer1 | Reorder - src_order: NHWC, src_shape: (640, 640, 3), dst_order: NHCW, dst_shape: (640, 640, 3))
[2026-03-31 14:06:16.634] [8275] [HailoRT] [info] [vstream.cpp:754] [InputVStreamImpl] Creating detectorYOLO26n/input_layer1...
[2026-03-31 14:06:16.634] [8275] [HailoRT] [info] [vstream_builder.cpp:102] [create_inputs] Input pipeline 'detectorYOLO26n/input_layer1': (PreInferEl1detectorYOLO26n/input_layer1 | Reorder - src_order: NHWC, src_shape: (640, 640, 3), dst_order: NHCW, dst_shape: (640, 640, 3)) >> (PushQEl1detectorYOLO26n/input_layer1 | timeout: 10s) >> (HwWriteEl1detectorYOLO26n/input_layer1 | hw_frame_size: 1228800) >> HW
[2026-03-31 14:06:16.634] [8275] [HailoRT] [info] [edge_elements.cpp:287] [create] Created (HwReadEl0detectorYOLO26n/concat23 | hw_frame_size: 42000)
[2026-03-31 14:06:16.634] [8275] [HailoRT] [info] [queue_elements.cpp:800] [create] Created (UserBuffQEl0detectorYOLO26n/concat23 | timeout: 10s)
[2026-03-31 14:06:16.634] [8275] [HailoRT] [info] [vstream.cpp:1114] [OutputVStreamImpl] Creating detectorYOLO26n/concat23...
[2026-03-31 14:06:16.634] [8275] [HailoRT] [info] [vstream_builder.cpp:220] [create_outputs] Output pipeline 'detectorYOLO26n/concat23': HW >> (HwReadEl0detectorYOLO26n/concat23 | hw_frame_size: 42000) >> (UserBuffQEl0detectorYOLO26n/concat23 | timeout: 10s)
[2026-03-31 14:06:16.650] [9614] [HailoRT] [info] [queue_elements.cpp:855] [run_in_thread] Shutdown event was signaled in dequeue of UserBuffQEl0detectorYOLO26n/concat23!
[2026-03-31 14:06:16.650] [9614] [HailoRT] [info] [queue_elements.cpp:68] [operator()] Thread in element UserBuffQEl0detectorYOLO26n/concat23 is not running anymore, exiting..
[2026-03-31 14:06:16.650] [8275] [HailoRT] [info] [queue_elements.cpp:46] [~BaseQueueElement] Queue element UserBuffQEl0detectorYOLO26n/concat23 has 0 frames in his Queue on destruction
[2026-03-31 14:06:16.650] [9613] [HailoRT] [info] [queue_elements.cpp:68] [operator()] Thread in element PushQEl1detectorYOLO26n/input_layer1 is not running anymore, exiting..
[2026-03-31 14:06:16.650] [8275] [HailoRT] [info] [queue_elements.cpp:46] [~BaseQueueElement] Queue element PushQEl1detectorYOLO26n/input_layer1 has 0 frames in his Queue on destruction
[2026-03-31 14:06:16.651] [8275] [HailoRT] [info] [core_op.cpp:186] [deactivate] Deactivating took 0.621591 ms
[2026-03-31 14:06:16.651] [8275] [HailoRT] [info] [core_op.cpp:186] [deactivate] Deactivating took 0.630795 ms
[2026-03-31 14:06:16.706] [8275] [HailoRT] [info] [core_op.cpp:156] [activate] Activating detectorYOLO26n took 0.321592 milliseconds. Note that the function is asynchronous and thus the network is not fully activated yet.
[2026-03-31 14:06:16.706] [8275] [HailoRT] [info] [core_op.cpp:156] [activate] Activating detectorYOLO26n took 0.357351 milliseconds. Note that the function is asynchronous and thus the network is not fully activated yet.
[2026-03-31 14:06:16.706] [8275] [HailoRT] [info] [edge_elements.cpp:52] [create] Created (HwWriteEl1detectorYOLO26n/input_layer1 | hw_frame_size: 1228800)
[2026-03-31 14:06:16.706] [8275] [HailoRT] [info] [queue_elements.cpp:284] [create] Created (PushQEl1detectorYOLO26n/input_layer1 | timeout: 10s)
[2026-03-31 14:06:16.707] [8275] [HailoRT] [info] [filter_elements.cpp:101] [create] Created (PreInferEl1detectorYOLO26n/input_layer1 | Reorder - src_order: NHWC, src_shape: (640, 640, 3), dst_order: NHCW, dst_shape: (640, 640, 3))
[2026-03-31 14:06:16.707] [8275] [HailoRT] [info] [vstream.cpp:754] [InputVStreamImpl] Creating detectorYOLO26n/input_layer1...
[2026-03-31 14:06:16.707] [8275] [HailoRT] [info] [vstream_builder.cpp:102] [create_inputs] Input pipeline 'detectorYOLO26n/input_layer1': (PreInferEl1detectorYOLO26n/input_layer1 | Reorder - src_order: NHWC, src_shape: (640, 640, 3), dst_order: NHCW, dst_shape: (640, 640, 3)) >> (PushQEl1detectorYOLO26n/input_layer1 | timeout: 10s) >> (HwWriteEl1detectorYOLO26n/input_layer1 | hw_frame_size: 1228800) >> HW
[2026-03-31 14:06:16.707] [8275] [HailoRT] [info] [edge_elements.cpp:287] [create] Created (HwReadEl0detectorYOLO26n/concat23 | hw_frame_size: 42000)
[2026-03-31 14:06:16.707] [8275] [HailoRT] [info] [queue_elements.cpp:800] [create] Created (UserBuffQEl0detectorYOLO26n/concat23 | timeout: 10s)
[2026-03-31 14:06:16.707] [8275] [HailoRT] [info] [vstream.cpp:1114] [OutputVStreamImpl] Creating detectorYOLO26n/concat23...
[2026-03-31 14:06:16.707] [8275] [HailoRT] [info] [vstream_builder.cpp:220] [create_outputs] Output pipeline 'detectorYOLO26n/concat23': HW >> (HwReadEl0detectorYOLO26n/concat23 | hw_frame_size: 42000) >> (UserBuffQEl0detectorYOLO26n/concat23 | timeout: 10s)
[2026-03-31 14:06:16.722] [9618] [HailoRT] [info] [queue_elements.cpp:855] [run_in_thread] Shutdown event was signaled in dequeue of UserBuffQEl0detectorYOLO26n/concat23!
[2026-03-31 14:06:16.722] [9618] [HailoRT] [info] [queue_elements.cpp:68] [operator()] Thread in element UserBuffQEl0detectorYOLO26n/concat23 is not running anymore, exiting..
[2026-03-31 14:06:16.722] [8275] [HailoRT] [info] [queue_elements.cpp:46] [~BaseQueueElement] Queue element UserBuffQEl0detectorYOLO26n/concat23 has 0 frames in his Queue on destruction
[2026-03-31 14:06:16.722] [9617] [HailoRT] [info] [queue_elements.cpp:68] [operator()] Thread in element PushQEl1detectorYOLO26n/input_layer1 is not running anymore, exiting..
[2026-03-31 14:06:16.722] [8275] [HailoRT] [info] [queue_elements.cpp:46] [~BaseQueueElement] Queue element PushQEl1detectorYOLO26n/input_layer1 has 0 frames in his Queue on destruction
[2026-03-31 14:06:16.723] [8275] [HailoRT] [info] [core_op.cpp:186] [deactivate] Deactivating took 0.601925 ms
[2026-03-31 14:06:16.723] [8275] [HailoRT] [info] [core_op.cpp:186] [deactivate] Deactivating took 0.611332 ms
[2026-03-31 14:06:16.783] [8275] [HailoRT] [info] [core_op.cpp:156] [activate] Activating detectorYOLO26n took 0.308518 milliseconds. Note that the function is asynchronous and thus the network is not fully activated yet.
[2026-03-31 14:06:16.783] [8275] [HailoRT] [info] [core_op.cpp:156] [activate] Activating detectorYOLO26n took 0.346666 milliseconds. Note that the function is asynchronous and thus the network is not fully activated yet.
[2026-03-31 14:06:16.783] [8275] [HailoRT] [info] [edge_elements.cpp:52] [create] Created (HwWriteEl1detectorYOLO26n/input_layer1 | hw_frame_size: 1228800)
[2026-03-31 14:06:16.783] [8275] [HailoRT] [info] [queue_elements.cpp:284] [create] Created (PushQEl1detectorYOLO26n/input_layer1 | timeout: 10s)
[2026-03-31 14:06:16.783] [8275] [HailoRT] [info] [filter_elements.cpp:101] [create] Created (PreInferEl1detectorYOLO26n/input_layer1 | Reorder - src_order: NHWC, src_shape: (640, 640, 3), dst_order: NHCW, dst_shape: (640, 640, 3))
[2026-03-31 14:06:16.783] [8275] [HailoRT] [info] [vstream.cpp:754] [InputVStreamImpl] Creating detectorYOLO26n/input_layer1...
[2026-03-31 14:06:16.783] [8275] [HailoRT] [info] [vstream_builder.cpp:102] [create_inputs] Input pipeline 'detectorYOLO26n/input_layer1': (PreInferEl1detectorYOLO26n/input_layer1 | Reorder - src_order: NHWC, src_shape: (640, 640, 3), dst_order: NHCW, dst_shape: (640, 640, 3)) >> (PushQEl1detectorYOLO26n/input_layer1 | timeout: 10s) >> (HwWriteEl1detectorYOLO26n/input_layer1 | hw_frame_size: 1228800) >> HW
[2026-03-31 14:06:16.783] [8275] [HailoRT] [info] [edge_elements.cpp:287] [create] Created (HwReadEl0detectorYOLO26n/concat23 | hw_frame_size: 42000)
[2026-03-31 14:06:16.783] [8275] [HailoRT] [info] [queue_elements.cpp:800] [create] Created (UserBuffQEl0detectorYOLO26n/concat23 | timeout: 10s)
[2026-03-31 14:06:16.783] [8275] [HailoRT] [info] [vstream.cpp:1114] [OutputVStreamImpl] Creating detectorYOLO26n/concat23...
[2026-03-31 14:06:16.783] [8275] [HailoRT] [info] [vstream_builder.cpp:220] [create_outputs] Output pipeline 'detectorYOLO26n/concat23': HW >> (HwReadEl0detectorYOLO26n/concat23 | hw_frame_size: 42000) >> (UserBuffQEl0detectorYOLO26n/concat23 | timeout: 10s)
[2026-03-31 14:06:16.799] [9622] [HailoRT] [info] [queue_elements.cpp:855] [run_in_thread] Shutdown event was signaled in dequeue of UserBuffQEl0detectorYOLO26n/concat23!
[2026-03-31 14:06:16.799] [9622] [HailoRT] [info] [queue_elements.cpp:68] [operator()] Thread in element UserBuffQEl0detectorYOLO26n/concat23 is not running anymore, exiting..
[2026-03-31 14:06:16.799] [8275] [HailoRT] [info] [queue_elements.cpp:46] [~BaseQueueElement] Queue element UserBuffQEl0detectorYOLO26n/concat23 has 0 frames in his Queue on destruction
[2026-03-31 14:06:16.799] [8275] [HailoRT] [info] [queue_elements.cpp:46] [~BaseQueueElement] Queue element PushQEl1detectorYOLO26n/input_layer1 has 0 frames in his Queue on destruction
[2026-03-31 14:06:16.799] [8275] [HailoRT] [info] [core_op.cpp:186] [deactivate] Deactivating took 0.628703 ms
[2026-03-31 14:06:16.799] [8275] [HailoRT] [info] [core_op.cpp:186] [deactivate] Deactivating took 0.643332 ms
[2026-03-31 14:06:16.855] [8275] [HailoRT] [info] [core_op.cpp:156] [activate] Activating detectorYOLO26n took 0.3145 milliseconds. Note that the function is asynchronous and thus the network is not fully activated yet.
[2026-03-31 14:06:16.855] [8275] [HailoRT] [info] [core_op.cpp:156] [activate] Activating detectorYOLO26n took 0.351462 milliseconds. Note that the function is asynchronous and thus the network is not fully activated yet.
[2026-03-31 14:06:16.855] [8275] [HailoRT] [info] [edge_elements.cpp:52] [create] Created (HwWriteEl1detectorYOLO26n/input_layer1 | hw_frame_size: 1228800)
[2026-03-31 14:06:16.855] [8275] [HailoRT] [info] [queue_elements.cpp:284] [create] Created (PushQEl1detectorYOLO26n/input_layer1 | timeout: 10s)
[2026-03-31 14:06:16.856] [8275] [HailoRT] [info] [filter_elements.cpp:101] [create] Created (PreInferEl1detectorYOLO26n/input_layer1 | Reorder - src_order: NHWC, src_shape: (640, 640, 3), dst_order: NHCW, dst_shape: (640, 640, 3))
[2026-03-31 14:06:16.856] [8275] [HailoRT] [info] [vstream.cpp:754] [InputVStreamImpl] Creating detectorYOLO26n/input_layer1...
[2026-03-31 14:06:16.856] [8275] [HailoRT] [info] [vstream_builder.cpp:102] [create_inputs] Input pipeline 'detectorYOLO26n/input_layer1': (PreInferEl1detectorYOLO26n/input_layer1 | Reorder - src_order: NHWC, src_shape: (640, 640, 3), dst_order: NHCW, dst_shape: (640, 640, 3)) >> (PushQEl1detectorYOLO26n/input_layer1 | timeout: 10s) >> (HwWriteEl1detectorYOLO26n/input_layer1 | hw_frame_size: 1228800) >> HW
[2026-03-31 14:06:16.856] [8275] [HailoRT] [info] [edge_elements.cpp:287] [create] Created (HwReadEl0detectorYOLO26n/concat23 | hw_frame_size: 42000)
[2026-03-31 14:06:16.856] [8275] [HailoRT] [info] [queue_elements.cpp:800] [create] Created (UserBuffQEl0detectorYOLO26n/concat23 | timeout: 10s)
[2026-03-31 14:06:16.856] [8275] [HailoRT] [info] [vstream.cpp:1114] [OutputVStreamImpl] Creating detectorYOLO26n/concat23...
[2026-03-31 14:06:16.856] [8275] [HailoRT] [info] [vstream_builder.cpp:220] [create_outputs] Output pipeline 'detectorYOLO26n/concat23': HW >> (HwReadEl0detectorYOLO26n/concat23 | hw_frame_size: 42000) >> (UserBuffQEl0detectorYOLO26n/concat23 | timeout: 10s)
[2026-03-31 14:06:16.873] [9626] [HailoRT] [info] [queue_elements.cpp:855] [run_in_thread] Shutdown event was signaled in dequeue of UserBuffQEl0detectorYOLO26n/concat23!
[2026-03-31 14:06:16.873] [9626] [HailoRT] [info] [queue_elements.cpp:68] [operator()] Thread in element UserBuffQEl0detectorYOLO26n/concat23 is not running anymore, exiting..
[2026-03-31 14:06:16.873] [8275] [HailoRT] [info] [queue_elements.cpp:46] [~BaseQueueElement] Queue element UserBuffQEl0detectorYOLO26n/concat23 has 0 frames in his Queue on destruction
[2026-03-31 14:06:16.873] [9625] [HailoRT] [info] [queue_elements.cpp:68] [operator()] Thread in element PushQEl1detectorYOLO26n/input_layer1 is not running anymore, exiting..
[2026-03-31 14:06:16.873] [8275] [HailoRT] [info] [queue_elements.cpp:46] [~BaseQueueElement] Queue element PushQEl1detectorYOLO26n/input_layer1 has 0 frames in his Queue on destruction
[2026-03-31 14:06:16.874] [8275] [HailoRT] [info] [core_op.cpp:186] [deactivate] Deactivating took 0.604425 ms
[2026-03-31 14:06:16.874] [8275] [HailoRT] [info] [core_op.cpp:186] [deactivate] Deactivating took 0.613258 ms
[2026-03-31 14:06:16.930] [8275] [HailoRT] [info] [core_op.cpp:156] [activate] Activating detectorYOLO26n took 0.273666 milliseconds. Note that the function is asynchronous and thus the network is not fully activated yet.
[2026-03-31 14:06:16.930] [8275] [HailoRT] [info] [core_op.cpp:156] [activate] Activating detectorYOLO26n took 0.299037 milliseconds. Note that the function is asynchronous and thus the network is not fully activated yet.
[2026-03-31 14:06:16.930] [8275] [HailoRT] [info] [edge_elements.cpp:52] [create] Created (HwWriteEl1detectorYOLO26n/input_layer1 | hw_frame_size: 1228800)
[2026-03-31 14:06:16.931] [8275] [HailoRT] [info] [queue_elements.cpp:284] [create] Created (PushQEl1detectorYOLO26n/input_layer1 | timeout: 10s)
[2026-03-31 14:06:16.931] [8275] [HailoRT] [info] [filter_elements.cpp:101] [create] Created (PreInferEl1detectorYOLO26n/input_layer1 | Reorder - src_order: NHWC, src_shape: (640, 640, 3), dst_order: NHCW, dst_shape: (640, 640, 3))
[2026-03-31 14:06:16.931] [8275] [HailoRT] [info] [vstream.cpp:754] [InputVStreamImpl] Creating detectorYOLO26n/input_layer1...
[2026-03-31 14:06:16.931] [8275] [HailoRT] [info] [vstream_builder.cpp:102] [create_inputs] Input pipeline 'detectorYOLO26n/input_layer1': (PreInferEl1detectorYOLO26n/input_layer1 | Reorder - src_order: NHWC, src_shape: (640, 640, 3), dst_order: NHCW, dst_shape: (640, 640, 3)) >> (PushQEl1detectorYOLO26n/input_layer1 | timeout: 10s) >> (HwWriteEl1detectorYOLO26n/input_layer1 | hw_frame_size: 1228800) >> HW
[2026-03-31 14:06:16.931] [8275] [HailoRT] [info] [edge_elements.cpp:287] [create] Created (HwReadEl0detectorYOLO26n/concat23 | hw_frame_size: 42000)
[2026-03-31 14:06:16.931] [8275] [HailoRT] [info] [queue_elements.cpp:800] [create] Created (UserBuffQEl0detectorYOLO26n/concat23 | timeout: 10s)
[2026-03-31 14:06:16.931] [8275] [HailoRT] [info] [vstream.cpp:1114] [OutputVStreamImpl] Creating detectorYOLO26n/concat23...
[2026-03-31 14:06:16.931] [8275] [HailoRT] [info] [vstream_builder.cpp:220] [create_outputs] Output pipeline 'detectorYOLO26n/concat23': HW >> (HwReadEl0detectorYOLO26n/concat23 | hw_frame_size: 42000) >> (UserBuffQEl0detectorYOLO26n/concat23 | timeout: 10s)
[2026-03-31 14:06:16.948] [9630] [HailoRT] [info] [queue_elements.cpp:855] [run_in_thread] Shutdown event was signaled in dequeue of UserBuffQEl0detectorYOLO26n/concat23!
[2026-03-31 14:06:16.948] [8275] [HailoRT] [info] [queue_elements.cpp:46] [~BaseQueueElement] Queue element UserBuffQEl0detectorYOLO26n/concat23 has 0 frames in his Queue on destruction
[2026-03-31 14:06:16.948] [9629] [HailoRT] [info] [queue_elements.cpp:68] [operator()] Thread in element PushQEl1detectorYOLO26n/input_layer1 is not running anymore, exiting..
[2026-03-31 14:06:16.948] [8275] [HailoRT] [info] [queue_elements.cpp:46] [~BaseQueueElement] Queue element PushQEl1detectorYOLO26n/input_layer1 has 0 frames in his Queue on destruction
[2026-03-31 14:06:16.949] [8275] [HailoRT] [info] [core_op.cpp:186] [deactivate] Deactivating took 0.630128 ms
[2026-03-31 14:06:16.949] [8275] [HailoRT] [info] [core_op.cpp:186] [deactivate] Deactivating took 0.644647 ms
[2026-03-31 14:06:17.003] [8275] [HailoRT] [info] [core_op.cpp:156] [activate] Activating detectorYOLO26n took 0.31237 milliseconds. Note that the function is asynchronous and thus the network is not fully activated yet.
[2026-03-31 14:06:17.003] [8275] [HailoRT] [info] [core_op.cpp:156] [activate] Activating detectorYOLO26n took 0.355666 milliseconds. Note that the function is asynchronous and thus the network is not fully activated yet.
[2026-03-31 14:06:17.004] [8275] [HailoRT] [info] [edge_elements.cpp:52] [create] Created (HwWriteEl1detectorYOLO26n/input_layer1 | hw_frame_size: 1228800)
[2026-03-31 14:06:17.004] [8275] [HailoRT] [info] [queue_elements.cpp:284] [create] Created (PushQEl1detectorYOLO26n/input_layer1 | timeout: 10s)
[2026-03-31 14:06:17.004] [8275] [HailoRT] [info] [filter_elements.cpp:101] [create] Created (PreInferEl1detectorYOLO26n/input_layer1 | Reorder - src_order: NHWC, src_shape: (640, 640, 3), dst_order: NHCW, dst_shape: (640, 640, 3))
[2026-03-31 14:06:17.004] [8275] [HailoRT] [info] [vstream.cpp:754] [InputVStreamImpl] Creating detectorYOLO26n/input_layer1...
[2026-03-31 14:06:17.004] [8275] [HailoRT] [info] [vstream_builder.cpp:102] [create_inputs] Input pipeline 'detectorYOLO26n/input_layer1': (PreInferEl1detectorYOLO26n/input_layer1 | Reorder - src_order: NHWC, src_shape: (640, 640, 3), dst_order: NHCW, dst_shape: (640, 640, 3)) >> (PushQEl1detectorYOLO26n/input_layer1 | timeout: 10s) >> (HwWriteEl1detectorYOLO26n/input_layer1 | hw_frame_size: 1228800) >> HW
[2026-03-31 14:06:17.004] [8275] [HailoRT] [info] [edge_elements.cpp:287] [create] Created (HwReadEl0detectorYOLO26n/concat23 | hw_frame_size: 42000)
[2026-03-31 14:06:17.004] [8275] [HailoRT] [info] [queue_elements.cpp:800] [create] Created (UserBuffQEl0detectorYOLO26n/concat23 | timeout: 10s)
[2026-03-31 14:06:17.004] [8275] [HailoRT] [info] [vstream.cpp:1114] [OutputVStreamImpl] Creating detectorYOLO26n/concat23...
[2026-03-31 14:06:17.004] [8275] [HailoRT] [info] [vstream_builder.cpp:220] [create_outputs] Output pipeline 'detectorYOLO26n/concat23': HW >> (HwReadEl0detectorYOLO26n/concat23 | hw_frame_size: 42000) >> (UserBuffQEl0detectorYOLO26n/concat23 | timeout: 10s)
[2026-03-31 14:06:17.020] [9634] [HailoRT] [info] [queue_elements.cpp:855] [run_in_thread] Shutdown event was signaled in dequeue of UserBuffQEl0detectorYOLO26n/concat23!
[2026-03-31 14:06:17.020] [9634] [HailoRT] [info] [queue_elements.cpp:68] [operator()] Thread in element UserBuffQEl0detectorYOLO26n/concat23 is not running anymore, exiting..
[2026-03-31 14:06:17.020] [8275] [HailoRT] [info] [queue_elements.cpp:46] [~BaseQueueElement] Queue element UserBuffQEl0detectorYOLO26n/concat23 has 0 frames in his Queue on destruction
[2026-03-31 14:06:17.020] [9633] [HailoRT] [info] [queue_elements.cpp:68] [operator()] Thread in element PushQEl1detectorYOLO26n/input_layer1 is not running anymore, exiting..
[2026-03-31 14:06:17.020] [8275] [HailoRT] [info] [queue_elements.cpp:46] [~BaseQueueElement] Queue element PushQEl1detectorYOLO26n/input_layer1 has 0 frames in his Queue on destruction
[2026-03-31 14:06:17.021] [8275] [HailoRT] [info] [core_op.cpp:186] [deactivate] Deactivating took 0.654443 ms
[2026-03-31 14:06:17.021] [8275] [HailoRT] [info] [core_op.cpp:186] [deactivate] Deactivating took 0.665443 ms
[2026-03-31 14:06:17.076] [8275] [HailoRT] [info] [core_op.cpp:156] [activate] Activating detectorYOLO26n took 0.360703 milliseconds. Note that the function is asynchronous and thus the network is not fully activated yet.
[2026-03-31 14:06:17.076] [8275] [HailoRT] [info] [core_op.cpp:156] [activate] Activating detectorYOLO26n took 0.458647 milliseconds. Note that the function is asynchronous and thus the network is not fully activated yet.
[2026-03-31 14:06:17.076] [8275] [HailoRT] [info] [edge_elements.cpp:52] [create] Created (HwWriteEl1detectorYOLO26n/input_layer1 | hw_frame_size: 1228800)
[2026-03-31 14:06:17.076] [8275] [HailoRT] [info] [queue_elements.cpp:284] [create] Created (PushQEl1detectorYOLO26n/input_layer1 | timeout: 10s)
[2026-03-31 14:06:17.076] [8275] [HailoRT] [info] [filter_elements.cpp:101] [create] Created (PreInferEl1detectorYOLO26n/input_layer1 | Reorder - src_order: NHWC, src_shape: (640, 640, 3), dst_order: NHCW, dst_shape: (640, 640, 3))
[2026-03-31 14:06:17.076] [8275] [HailoRT] [info] [vstream.cpp:754] [InputVStreamImpl] Creating detectorYOLO26n/input_layer1...
[2026-03-31 14:06:17.076] [8275] [HailoRT] [info] [vstream_builder.cpp:102] [create_inputs] Input pipeline 'detectorYOLO26n/input_layer1': (PreInferEl1detectorYOLO26n/input_layer1 | Reorder - src_order: NHWC, src_shape: (640, 640, 3), dst_order: NHCW, dst_shape: (640, 640, 3)) >> (PushQEl1detectorYOLO26n/input_layer1 | timeout: 10s) >> (HwWriteEl1detectorYOLO26n/input_layer1 | hw_frame_size: 1228800) >> HW
[2026-03-31 14:06:17.076] [8275] [HailoRT] [info] [edge_elements.cpp:287] [create] Created (HwReadEl0detectorYOLO26n/concat23 | hw_frame_size: 42000)
[2026-03-31 14:06:17.076] [8275] [HailoRT] [info] [queue_elements.cpp:800] [create] Created (UserBuffQEl0detectorYOLO26n/concat23 | timeout: 10s)
[2026-03-31 14:06:17.076] [8275] [HailoRT] [info] [vstream.cpp:1114] [OutputVStreamImpl] Creating detectorYOLO26n/concat23...
[2026-03-31 14:06:17.076] [8275] [HailoRT] [info] [vstream_builder.cpp:220] [create_outputs] Output pipeline 'detectorYOLO26n/concat23': HW >> (HwReadEl0detectorYOLO26n/concat23 | hw_frame_size: 42000) >> (UserBuffQEl0detectorYOLO26n/concat23 | timeout: 10s)
[2026-03-31 14:06:17.092] [9638] [HailoRT] [info] [queue_elements.cpp:855] [run_in_thread] Shutdown event was signaled in dequeue of UserBuffQEl0detectorYOLO26n/concat23!
[2026-03-31 14:06:17.092] [9638] [HailoRT] [info] [queue_elements.cpp:68] [operator()] Thread in element UserBuffQEl0detectorYOLO26n/concat23 is not running anymore, exiting..
[2026-03-31 14:06:17.092] [8275] [HailoRT] [info] [queue_elements.cpp:46] [~BaseQueueElement] Queue element UserBuffQEl0detectorYOLO26n/concat23 has 0 frames in his Queue on destruction
[2026-03-31 14:06:17.093] [8275] [HailoRT] [info] [queue_elements.cpp:46] [~BaseQueueElement] Queue element PushQEl1detectorYOLO26n/input_layer1 has 0 frames in his Queue on destruction
[2026-03-31 14:06:17.093] [8275] [HailoRT] [info] [core_op.cpp:186] [deactivate] Deactivating took 0.60887 ms
[2026-03-31 14:06:17.093] [8275] [HailoRT] [info] [core_op.cpp:186] [deactivate] Deactivating took 0.621924 ms
[2026-03-31 14:06:17.147] [8275] [HailoRT] [info] [core_op.cpp:156] [activate] Activating detectorYOLO26n took 0.269962 milliseconds. Note that the function is asynchronous and thus the network is not fully activated yet.
[2026-03-31 14:06:17.147] [8275] [HailoRT] [info] [core_op.cpp:156] [activate] Activating detectorYOLO26n took 0.293259 milliseconds. Note that the function is asynchronous and thus the network is not fully activated yet.
[2026-03-31 14:06:17.147] [8275] [HailoRT] [info] [edge_elements.cpp:52] [create] Created (HwWriteEl1detectorYOLO26n/input_layer1 | hw_frame_size: 1228800)
[2026-03-31 14:06:17.147] [8275] [HailoRT] [info] [queue_elements.cpp:284] [create] Created (PushQEl1detectorYOLO26n/input_layer1 | timeout: 10s)
[2026-03-31 14:06:17.147] [8275] [HailoRT] [info] [filter_elements.cpp:101] [create] Created (PreInferEl1detectorYOLO26n/input_layer1 | Reorder - src_order: NHWC, src_shape: (640, 640, 3), dst_order: NHCW, dst_shape: (640, 640, 3))
[2026-03-31 14:06:17.147] [8275] [HailoRT] [info] [vstream.cpp:754] [InputVStreamImpl] Creating detectorYOLO26n/input_layer1...
[2026-03-31 14:06:17.147] [8275] [HailoRT] [info] [vstream_builder.cpp:102] [create_inputs] Input pipeline 'detectorYOLO26n/input_layer1': (PreInferEl1detectorYOLO26n/input_layer1 | Reorder - src_order: NHWC, src_shape: (640, 640, 3), dst_order: NHCW, dst_shape: (640, 640, 3)) >> (PushQEl1detectorYOLO26n/input_layer1 | timeout: 10s) >> (HwWriteEl1detectorYOLO26n/input_layer1 | hw_frame_size: 1228800) >> HW
[2026-03-31 14:06:17.147] [8275] [HailoRT] [info] [edge_elements.cpp:287] [create] Created (HwReadEl0detectorYOLO26n/concat23 | hw_frame_size: 42000)
[2026-03-31 14:06:17.148] [8275] [HailoRT] [info] [queue_elements.cpp:800] [create] Created (UserBuffQEl0detectorYOLO26n/concat23 | timeout: 10s)
[2026-03-31 14:06:17.148] [8275] [HailoRT] [info] [vstream.cpp:1114] [OutputVStreamImpl] Creating detectorYOLO26n/concat23...
[2026-03-31 14:06:17.148] [8275] [HailoRT] [info] [vstream_builder.cpp:220] [create_outputs] Output pipeline 'detectorYOLO26n/concat23': HW >> (HwReadEl0detectorYOLO26n/concat23 | hw_frame_size: 42000) >> (UserBuffQEl0detectorYOLO26n/concat23 | timeout: 10s)
[2026-03-31 14:06:17.163] [9642] [HailoRT] [info] [queue_elements.cpp:855] [run_in_thread] Shutdown event was signaled in dequeue of UserBuffQEl0detectorYOLO26n/concat23!
[2026-03-31 14:06:17.163] [9642] [HailoRT] [info] [queue_elements.cpp:68] [operator()] Thread in element UserBuffQEl0detectorYOLO26n/concat23 is not running anymore, exiting..
[2026-03-31 14:06:17.163] [8275] [HailoRT] [info] [queue_elements.cpp:46] [~BaseQueueElement] Queue element UserBuffQEl0detectorYOLO26n/concat23 has 0 frames in his Queue on destruction
[2026-03-31 14:06:17.163] [9641] [HailoRT] [info] [queue_elements.cpp:68] [operator()] Thread in element PushQEl1detectorYOLO26n/input_layer1 is not running anymore, exiting..
[2026-03-31 14:06:17.163] [8275] [HailoRT] [info] [queue_elements.cpp:46] [~BaseQueueElement] Queue element PushQEl1detectorYOLO26n/input_layer1 has 0 frames in his Queue on destruction
[2026-03-31 14:06:17.163] [8275] [HailoRT] [info] [core_op.cpp:186] [deactivate] Deactivating took 0.603591 ms
[2026-03-31 14:06:17.163] [8275] [HailoRT] [info] [core_op.cpp:186] [deactivate] Deactivating took 0.612055 ms
[2026-03-31 14:06:17.215] [8275] [HailoRT] [info] [core_op.cpp:156] [activate] Activating detectorYOLO26n took 0.28187 milliseconds. Note that the function is asynchronous and thus the network is not fully activated yet.
[2026-03-31 14:06:17.215] [8275] [HailoRT] [info] [core_op.cpp:156] [activate] Activating detectorYOLO26n took 0.307499 milliseconds. Note that the function is asynchronous and thus the network is not fully activated yet.
[2026-03-31 14:06:17.215] [8275] [HailoRT] [info] [edge_elements.cpp:52] [create] Created (HwWriteEl1detectorYOLO26n/input_layer1 | hw_frame_size: 1228800)
[2026-03-31 14:06:17.215] [8275] [HailoRT] [info] [queue_elements.cpp:284] [create] Created (PushQEl1detectorYOLO26n/input_layer1 | timeout: 10s)
[2026-03-31 14:06:17.215] [8275] [HailoRT] [info] [filter_elements.cpp:101] [create] Created (PreInferEl1detectorYOLO26n/input_layer1 | Reorder - src_order: NHWC, src_shape: (640, 640, 3), dst_order: NHCW, dst_shape: (640, 640, 3))
[2026-03-31 14:06:17.215] [8275] [HailoRT] [info] [vstream.cpp:754] [InputVStreamImpl] Creating detectorYOLO26n/input_layer1...
[2026-03-31 14:06:17.215] [8275] [HailoRT] [info] [vstream_builder.cpp:102] [create_inputs] Input pipeline 'detectorYOLO26n/input_layer1': (PreInferEl1detectorYOLO26n/input_layer1 | Reorder - src_order: NHWC, src_shape: (640, 640, 3), dst_order: NHCW, dst_shape: (640, 640, 3)) >> (PushQEl1detectorYOLO26n/input_layer1 | timeout: 10s) >> (HwWriteEl1detectorYOLO26n/input_layer1 | hw_frame_size: 1228800) >> HW
[2026-03-31 14:06:17.215] [8275] [HailoRT] [info] [edge_elements.cpp:287] [create] Created (HwReadEl0detectorYOLO26n/concat23 | hw_frame_size: 42000)
[2026-03-31 14:06:17.215] [8275] [HailoRT] [info] [queue_elements.cpp:800] [create] Created (UserBuffQEl0detectorYOLO26n/concat23 | timeout: 10s)
[2026-03-31 14:06:17.215] [8275] [HailoRT] [info] [vstream.cpp:1114] [OutputVStreamImpl] Creating detectorYOLO26n/concat23...
[2026-03-31 14:06:17.215] [8275] [HailoRT] [info] [vstream_builder.cpp:220] [create_outputs] Output pipeline 'detectorYOLO26n/concat23': HW >> (HwReadEl0detectorYOLO26n/concat23 | hw_frame_size: 42000) >> (UserBuffQEl0detectorYOLO26n/concat23 | timeout: 10s)
[2026-03-31 14:06:17.232] [9646] [HailoRT] [info] [queue_elements.cpp:855] [run_in_thread] Shutdown event was signaled in dequeue of UserBuffQEl0detectorYOLO26n/concat23!
[2026-03-31 14:06:17.232] [9646] [HailoRT] [info] [queue_elements.cpp:68] [operator()] Thread in element UserBuffQEl0detectorYOLO26n/concat23 is not running anymore, exiting..
[2026-03-31 14:06:17.232] [8275] [HailoRT] [info] [queue_elements.cpp:46] [~BaseQueueElement] Queue element UserBuffQEl0detectorYOLO26n/concat23 has 0 frames in his Queue on destruction
[2026-03-31 14:06:17.232] [8275] [HailoRT] [info] [queue_elements.cpp:46] [~BaseQueueElement] Queue element PushQEl1detectorYOLO26n/input_layer1 has 0 frames in his Queue on destruction
[2026-03-31 14:06:17.233] [8275] [HailoRT] [info] [core_op.cpp:186] [deactivate] Deactivating took 0.61374 ms
[2026-03-31 14:06:17.233] [8275] [HailoRT] [info] [core_op.cpp:186] [deactivate] Deactivating took 0.622795 ms
[2026-03-31 14:06:17.288] [8275] [HailoRT] [info] [core_op.cpp:156] [activate] Activating detectorYOLO26n took 0.301573 milliseconds. Note that the function is asynchronous and thus the network is not fully activated yet.
[2026-03-31 14:06:17.288] [8275] [HailoRT] [info] [core_op.cpp:156] [activate] Activating detectorYOLO26n took 0.338647 milliseconds. Note that the function is asynchronous and thus the network is not fully activated yet.
[2026-03-31 14:06:17.288] [8275] [HailoRT] [info] [edge_elements.cpp:52] [create] Created (HwWriteEl1detectorYOLO26n/input_layer1 | hw_frame_size: 1228800)
[2026-03-31 14:06:17.289] [8275] [HailoRT] [info] [queue_elements.cpp:284] [create] Created (PushQEl1detectorYOLO26n/input_layer1 | timeout: 10s)
[2026-03-31 14:06:17.289] [8275] [HailoRT] [info] [filter_elements.cpp:101] [create] Created (PreInferEl1detectorYOLO26n/input_layer1 | Reorder - src_order: NHWC, src_shape: (640, 640, 3), dst_order: NHCW, dst_shape: (640, 640, 3))
[2026-03-31 14:06:17.289] [8275] [HailoRT] [info] [vstream.cpp:754] [InputVStreamImpl] Creating detectorYOLO26n/input_layer1...
[2026-03-31 14:06:17.289] [8275] [HailoRT] [info] [vstream_builder.cpp:102] [create_inputs] Input pipeline 'detectorYOLO26n/input_layer1': (PreInferEl1detectorYOLO26n/input_layer1 | Reorder - src_order: NHWC, src_shape: (640, 640, 3), dst_order: NHCW, dst_shape: (640, 640, 3)) >> (PushQEl1detectorYOLO26n/input_layer1 | timeout: 10s) >> (HwWriteEl1detectorYOLO26n/input_layer1 | hw_frame_size: 1228800) >> HW
[2026-03-31 14:06:17.289] [8275] [HailoRT] [info] [edge_elements.cpp:287] [create] Created (HwReadEl0detectorYOLO26n/concat23 | hw_frame_size: 42000)
[2026-03-31 14:06:17.289] [8275] [HailoRT] [info] [queue_elements.cpp:800] [create] Created (UserBuffQEl0detectorYOLO26n/concat23 | timeout: 10s)
[2026-03-31 14:06:17.289] [8275] [HailoRT] [info] [vstream.cpp:1114] [OutputVStreamImpl] Creating detectorYOLO26n/concat23...
[2026-03-31 14:06:17.289] [8275] [HailoRT] [info] [vstream_builder.cpp:220] [create_outputs] Output pipeline 'detectorYOLO26n/concat23': HW >> (HwReadEl0detectorYOLO26n/concat23 | hw_frame_size: 42000) >> (UserBuffQEl0detectorYOLO26n/concat23 | timeout: 10s)
[2026-03-31 14:06:17.304] [9650] [HailoRT] [info] [queue_elements.cpp:855] [run_in_thread] Shutdown event was signaled in dequeue of UserBuffQEl0detectorYOLO26n/concat23!
[2026-03-31 14:06:17.305] [9650] [HailoRT] [info] [queue_elements.cpp:68] [operator()] Thread in element UserBuffQEl0detectorYOLO26n/concat23 is not running anymore, exiting..
[2026-03-31 14:06:17.305] [8275] [HailoRT] [info] [queue_elements.cpp:46] [~BaseQueueElement] Queue element UserBuffQEl0detectorYOLO26n/concat23 has 0 frames in his Queue on destruction
[2026-03-31 14:06:17.305] [9649] [HailoRT] [info] [queue_elements.cpp:68] [operator()] Thread in element PushQEl1detectorYOLO26n/input_layer1 is not running anymore, exiting..
[2026-03-31 14:06:17.306] [8275] [HailoRT] [info] [queue_elements.cpp:46] [~BaseQueueElement] Queue element PushQEl1detectorYOLO26n/input_layer1 has 0 frames in his Queue on destruction
[2026-03-31 14:06:17.307] [8275] [HailoRT] [info] [core_op.cpp:186] [deactivate] Deactivating took 0.534869 ms
[2026-03-31 14:06:17.307] [8275] [HailoRT] [info] [core_op.cpp:186] [deactivate] Deactivating took 0.543999 ms
[2026-03-31 14:06:17.360] [8275] [HailoRT] [info] [core_op.cpp:156] [activate] Activating detectorYOLO26n took 0.269573 milliseconds. Note that the function is asynchronous and thus the network is not fully activated yet.
[2026-03-31 14:06:17.360] [8275] [HailoRT] [info] [core_op.cpp:156] [activate] Activating detectorYOLO26n took 0.295869 milliseconds. Note that the function is asynchronous and thus the network is not fully activated yet.
[2026-03-31 14:06:17.360] [8275] [HailoRT] [info] [edge_elements.cpp:52] [create] Created (HwWriteEl1detectorYOLO26n/input_layer1 | hw_frame_size: 1228800)
[2026-03-31 14:06:17.360] [8275] [HailoRT] [info] [queue_elements.cpp:284] [create] Created (PushQEl1detectorYOLO26n/input_layer1 | timeout: 10s)
[2026-03-31 14:06:17.360] [8275] [HailoRT] [info] [filter_elements.cpp:101] [create] Created (PreInferEl1detectorYOLO26n/input_layer1 | Reorder - src_order: NHWC, src_shape: (640, 640, 3), dst_order: NHCW, dst_shape: (640, 640, 3))
[2026-03-31 14:06:17.360] [8275] [HailoRT] [info] [vstream.cpp:754] [InputVStreamImpl] Creating detectorYOLO26n/input_layer1...
[2026-03-31 14:06:17.360] [8275] [HailoRT] [info] [vstream_builder.cpp:102] [create_inputs] Input pipeline 'detectorYOLO26n/input_layer1': (PreInferEl1detectorYOLO26n/input_layer1 | Reorder - src_order: NHWC, src_shape: (640, 640, 3), dst_order: NHCW, dst_shape: (640, 640, 3)) >> (PushQEl1detectorYOLO26n/input_layer1 | timeout: 10s) >> (HwWriteEl1detectorYOLO26n/input_layer1 | hw_frame_size: 1228800) >> HW
[2026-03-31 14:06:17.360] [8275] [HailoRT] [info] [edge_elements.cpp:287] [create] Created (HwReadEl0detectorYOLO26n/concat23 | hw_frame_size: 42000)
[2026-03-31 14:06:17.361] [8275] [HailoRT] [info] [queue_elements.cpp:800] [create] Created (UserBuffQEl0detectorYOLO26n/concat23 | timeout: 10s)
[2026-03-31 14:06:17.361] [8275] [HailoRT] [info] [vstream.cpp:1114] [OutputVStreamImpl] Creating detectorYOLO26n/concat23...
[2026-03-31 14:06:17.361] [8275] [HailoRT] [info] [vstream_builder.cpp:220] [create_outputs] Output pipeline 'detectorYOLO26n/concat23': HW >> (HwReadEl0detectorYOLO26n/concat23 | hw_frame_size: 42000) >> (UserBuffQEl0detectorYOLO26n/concat23 | timeout: 10s)
[2026-03-31 14:06:17.376] [9654] [HailoRT] [info] [queue_elements.cpp:855] [run_in_thread] Shutdown event was signaled in dequeue of UserBuffQEl0detectorYOLO26n/concat23!
[2026-03-31 14:06:17.376] [9654] [HailoRT] [info] [queue_elements.cpp:68] [operator()] Thread in element UserBuffQEl0detectorYOLO26n/concat23 is not running anymore, exiting..
[2026-03-31 14:06:17.376] [8275] [HailoRT] [info] [queue_elements.cpp:46] [~BaseQueueElement] Queue element UserBuffQEl0detectorYOLO26n/concat23 has 0 frames in his Queue on destruction
[2026-03-31 14:06:17.376] [9653] [HailoRT] [info] [queue_elements.cpp:68] [operator()] Thread in element PushQEl1detectorYOLO26n/input_layer1 is not running anymore, exiting..
[2026-03-31 14:06:17.376] [8275] [HailoRT] [info] [queue_elements.cpp:46] [~BaseQueueElement] Queue element PushQEl1detectorYOLO26n/input_layer1 has 0 frames in his Queue on destruction
[2026-03-31 14:06:17.377] [8275] [HailoRT] [info] [core_op.cpp:186] [deactivate] Deactivating took 0.601444 ms
[2026-03-31 14:06:17.377] [8275] [HailoRT] [info] [core_op.cpp:186] [deactivate] Deactivating took 0.610128 ms
[2026-03-31 14:06:17.429] [8275] [HailoRT] [info] [core_op.cpp:156] [activate] Activating detectorYOLO26n took 0.273 milliseconds. Note that the function is asynchronous and thus the network is not fully activated yet.
[2026-03-31 14:06:17.429] [8275] [HailoRT] [info] [core_op.cpp:156] [activate] Activating detectorYOLO26n took 0.296907 milliseconds. Note that the function is asynchronous and thus the network is not fully activated yet.
[2026-03-31 14:06:17.430] [8275] [HailoRT] [info] [edge_elements.cpp:52] [create] Created (HwWriteEl1detectorYOLO26n/input_layer1 | hw_frame_size: 1228800)
[2026-03-31 14:06:17.430] [8275] [HailoRT] [info] [queue_elements.cpp:284] [create] Created (PushQEl1detectorYOLO26n/input_layer1 | timeout: 10s)
[2026-03-31 14:06:17.430] [8275] [HailoRT] [info] [filter_elements.cpp:101] [create] Created (PreInferEl1detectorYOLO26n/input_layer1 | Reorder - src_order: NHWC, src_shape: (640, 640, 3), dst_order: NHCW, dst_shape: (640, 640, 3))
[2026-03-31 14:06:17.430] [8275] [HailoRT] [info] [vstream.cpp:754] [InputVStreamImpl] Creating detectorYOLO26n/input_layer1...
[2026-03-31 14:06:17.430] [8275] [HailoRT] [info] [vstream_builder.cpp:102] [create_inputs] Input pipeline 'detectorYOLO26n/input_layer1': (PreInferEl1detectorYOLO26n/input_layer1 | Reorder - src_order: NHWC, src_shape: (640, 640, 3), dst_order: NHCW, dst_shape: (640, 640, 3)) >> (PushQEl1detectorYOLO26n/input_layer1 | timeout: 10s) >> (HwWriteEl1detectorYOLO26n/input_layer1 | hw_frame_size: 1228800) >> HW
[2026-03-31 14:06:17.430] [8275] [HailoRT] [info] [edge_elements.cpp:287] [create] Created (HwReadEl0detectorYOLO26n/concat23 | hw_frame_size: 42000)
[2026-03-31 14:06:17.430] [8275] [HailoRT] [info] [queue_elements.cpp:800] [create] Created (UserBuffQEl0detectorYOLO26n/concat23 | timeout: 10s)
[2026-03-31 14:06:17.430] [8275] [HailoRT] [info] [vstream.cpp:1114] [OutputVStreamImpl] Creating detectorYOLO26n/concat23...
[2026-03-31 14:06:17.430] [8275] [HailoRT] [info] [vstream_builder.cpp:220] [create_outputs] Output pipeline 'detectorYOLO26n/concat23': HW >> (HwReadEl0detectorYOLO26n/concat23 | hw_frame_size: 42000) >> (UserBuffQEl0detectorYOLO26n/concat23 | timeout: 10s)
[2026-03-31 14:06:17.448] [9658] [HailoRT] [info] [queue_elements.cpp:855] [run_in_thread] Shutdown event was signaled in dequeue of UserBuffQEl0detectorYOLO26n/concat23!
[2026-03-31 14:06:17.448] [9658] [HailoRT] [info] [queue_elements.cpp:68] [operator()] Thread in element UserBuffQEl0detectorYOLO26n/concat23 is not running anymore, exiting..
[2026-03-31 14:06:17.448] [8275] [HailoRT] [info] [queue_elements.cpp:46] [~BaseQueueElement] Queue element UserBuffQEl0detectorYOLO26n/concat23 has 0 frames in his Queue on destruction
[2026-03-31 14:06:17.448] [9657] [HailoRT] [info] [queue_elements.cpp:68] [operator()] Thread in element PushQEl1detectorYOLO26n/input_layer1 is not running anymore, exiting..
[2026-03-31 14:06:17.448] [8275] [HailoRT] [info] [queue_elements.cpp:46] [~BaseQueueElement] Queue element PushQEl1detectorYOLO26n/input_layer1 has 0 frames in his Queue on destruction
[2026-03-31 14:06:17.448] [8275] [HailoRT] [info] [core_op.cpp:186] [deactivate] Deactivating took 0.600517 ms
[2026-03-31 14:06:17.448] [8275] [HailoRT] [info] [core_op.cpp:186] [deactivate] Deactivating took 0.609147 ms
[2026-03-31 14:06:17.504] [8275] [HailoRT] [info] [core_op.cpp:156] [activate] Activating detectorYOLO26n took 0.305295 milliseconds. Note that the function is asynchronous and thus the network is not fully activated yet.
[2026-03-31 14:06:17.504] [8275] [HailoRT] [info] [core_op.cpp:156] [activate] Activating detectorYOLO26n took 0.342684 milliseconds. Note that the function is asynchronous and thus the network is not fully activated yet.
[2026-03-31 14:06:17.504] [8275] [HailoRT] [info] [edge_elements.cpp:52] [create] Created (HwWriteEl1detectorYOLO26n/input_layer1 | hw_frame_size: 1228800)
[2026-03-31 14:06:17.504] [8275] [HailoRT] [info] [queue_elements.cpp:284] [create] Created (PushQEl1detectorYOLO26n/input_layer1 | timeout: 10s)
[2026-03-31 14:06:17.504] [8275] [HailoRT] [info] [filter_elements.cpp:101] [create] Created (PreInferEl1detectorYOLO26n/input_layer1 | Reorder - src_order: NHWC, src_shape: (640, 640, 3), dst_order: NHCW, dst_shape: (640, 640, 3))
[2026-03-31 14:06:17.504] [8275] [HailoRT] [info] [vstream.cpp:754] [InputVStreamImpl] Creating detectorYOLO26n/input_layer1...
[2026-03-31 14:06:17.504] [8275] [HailoRT] [info] [vstream_builder.cpp:102] [create_inputs] Input pipeline 'detectorYOLO26n/input_layer1': (PreInferEl1detectorYOLO26n/input_layer1 | Reorder - src_order: NHWC, src_shape: (640, 640, 3), dst_order: NHCW, dst_shape: (640, 640, 3)) >> (PushQEl1detectorYOLO26n/input_layer1 | timeout: 10s) >> (HwWriteEl1detectorYOLO26n/input_layer1 | hw_frame_size: 1228800) >> HW
[2026-03-31 14:06:17.504] [8275] [HailoRT] [info] [edge_elements.cpp:287] [create] Created (HwReadEl0detectorYOLO26n/concat23 | hw_frame_size: 42000)
[2026-03-31 14:06:17.504] [8275] [HailoRT] [info] [queue_elements.cpp:800] [create] Created (UserBuffQEl0detectorYOLO26n/concat23 | timeout: 10s)
[2026-03-31 14:06:17.504] [8275] [HailoRT] [info] [vstream.cpp:1114] [OutputVStreamImpl] Creating detectorYOLO26n/concat23...
[2026-03-31 14:06:17.504] [8275] [HailoRT] [info] [vstream_builder.cpp:220] [create_outputs] Output pipeline 'detectorYOLO26n/concat23': HW >> (HwReadEl0detectorYOLO26n/concat23 | hw_frame_size: 42000) >> (UserBuffQEl0detectorYOLO26n/concat23 | timeout: 10s)
[2026-03-31 14:06:17.521] [9662] [HailoRT] [info] [queue_elements.cpp:855] [run_in_thread] Shutdown event was signaled in dequeue of UserBuffQEl0detectorYOLO26n/concat23!
[2026-03-31 14:06:17.522] [9662] [HailoRT] [info] [queue_elements.cpp:68] [operator()] Thread in element UserBuffQEl0detectorYOLO26n/concat23 is not running anymore, exiting..
[2026-03-31 14:06:17.522] [8275] [HailoRT] [info] [queue_elements.cpp:46] [~BaseQueueElement] Queue element UserBuffQEl0detectorYOLO26n/concat23 has 0 frames in his Queue on destruction
[2026-03-31 14:06:17.522] [9661] [HailoRT] [info] [queue_elements.cpp:68] [operator()] Thread in element PushQEl1detectorYOLO26n/input_layer1 is not running anymore, exiting..
[2026-03-31 14:06:17.522] [8275] [HailoRT] [info] [queue_elements.cpp:46] [~BaseQueueElement] Queue element PushQEl1detectorYOLO26n/input_layer1 has 0 frames in his Queue on destruction
[2026-03-31 14:06:17.522] [8275] [HailoRT] [info] [core_op.cpp:186] [deactivate] Deactivating took 0.623017 ms
[2026-03-31 14:06:17.522] [8275] [HailoRT] [info] [core_op.cpp:186] [deactivate] Deactivating took 0.635647 ms
[2026-03-31 14:06:17.576] [8275] [HailoRT] [info] [core_op.cpp:156] [activate] Activating detectorYOLO26n took 0.258759 milliseconds. Note that the function is asynchronous and thus the network is not fully activated yet.
[2026-03-31 14:06:17.576] [8275] [HailoRT] [info] [core_op.cpp:156] [activate] Activating detectorYOLO26n took 0.283647 milliseconds. Note that the function is asynchronous and thus the network is not fully activated yet.
[2026-03-31 14:06:17.576] [8275] [HailoRT] [info] [edge_elements.cpp:52] [create] Created (HwWriteEl1detectorYOLO26n/input_layer1 | hw_frame_size: 1228800)
[2026-03-31 14:06:17.579] [8275] [HailoRT] [info] [queue_elements.cpp:284] [create] Created (PushQEl1detectorYOLO26n/input_layer1 | timeout: 10s)
[2026-03-31 14:06:17.579] [8275] [HailoRT] [info] [filter_elements.cpp:101] [create] Created (PreInferEl1detectorYOLO26n/input_layer1 | Reorder - src_order: NHWC, src_shape: (640, 640, 3), dst_order: NHCW, dst_shape: (640, 640, 3))
[2026-03-31 14:06:17.579] [8275] [HailoRT] [info] [vstream.cpp:754] [InputVStreamImpl] Creating detectorYOLO26n/input_layer1...
[2026-03-31 14:06:17.579] [8275] [HailoRT] [info] [vstream_builder.cpp:102] [create_inputs] Input pipeline 'detectorYOLO26n/input_layer1': (PreInferEl1detectorYOLO26n/input_layer1 | Reorder - src_order: NHWC, src_shape: (640, 640, 3), dst_order: NHCW, dst_shape: (640, 640, 3)) >> (PushQEl1detectorYOLO26n/input_layer1 | timeout: 10s) >> (HwWriteEl1detectorYOLO26n/input_layer1 | hw_frame_size: 1228800) >> HW
[2026-03-31 14:06:17.579] [8275] [HailoRT] [info] [edge_elements.cpp:287] [create] Created (HwReadEl0detectorYOLO26n/concat23 | hw_frame_size: 42000)
[2026-03-31 14:06:17.579] [8275] [HailoRT] [info] [queue_elements.cpp:800] [create] Created (UserBuffQEl0detectorYOLO26n/concat23 | timeout: 10s)
[2026-03-31 14:06:17.579] [8275] [HailoRT] [info] [vstream.cpp:1114] [OutputVStreamImpl] Creating detectorYOLO26n/concat23...
[2026-03-31 14:06:17.579] [8275] [HailoRT] [info] [vstream_builder.cpp:220] [create_outputs] Output pipeline 'detectorYOLO26n/concat23': HW >> (HwReadEl0detectorYOLO26n/concat23 | hw_frame_size: 42000) >> (UserBuffQEl0detectorYOLO26n/concat23 | timeout: 10s)
[2026-03-31 14:06:17.594] [9666] [HailoRT] [info] [queue_elements.cpp:855] [run_in_thread] Shutdown event was signaled in dequeue of UserBuffQEl0detectorYOLO26n/concat23!
[2026-03-31 14:06:17.594] [9666] [HailoRT] [info] [queue_elements.cpp:68] [operator()] Thread in element UserBuffQEl0detectorYOLO26n/concat23 is not running anymore, exiting..
[2026-03-31 14:06:17.594] [8275] [HailoRT] [info] [queue_elements.cpp:46] [~BaseQueueElement] Queue element UserBuffQEl0detectorYOLO26n/concat23 has 0 frames in his Queue on destruction
[2026-03-31 14:06:17.594] [9665] [HailoRT] [info] [queue_elements.cpp:68] [operator()] Thread in element PushQEl1detectorYOLO26n/input_layer1 is not running anymore, exiting..
[2026-03-31 14:06:17.594] [8275] [HailoRT] [info] [queue_elements.cpp:46] [~BaseQueueElement] Queue element PushQEl1detectorYOLO26n/input_layer1 has 0 frames in his Queue on destruction
[2026-03-31 14:06:17.595] [8275] [HailoRT] [info] [core_op.cpp:186] [deactivate] Deactivating took 0.603721 ms
[2026-03-31 14:06:17.595] [8275] [HailoRT] [info] [core_op.cpp:186] [deactivate] Deactivating took 0.612535 ms
[2026-03-31 14:06:17.648] [8275] [HailoRT] [info] [core_op.cpp:156] [activate] Activating detectorYOLO26n took 0.273499 milliseconds. Note that the function is asynchronous and thus the network is not fully activated yet.
[2026-03-31 14:06:17.648] [8275] [HailoRT] [info] [core_op.cpp:156] [activate] Activating detectorYOLO26n took 0.296814 milliseconds. Note that the function is asynchronous and thus the network is not fully activated yet.
[2026-03-31 14:06:17.648] [8275] [HailoRT] [info] [edge_elements.cpp:52] [create] Created (HwWriteEl1detectorYOLO26n/input_layer1 | hw_frame_size: 1228800)
[2026-03-31 14:06:17.648] [8275] [HailoRT] [info] [queue_elements.cpp:284] [create] Created (PushQEl1detectorYOLO26n/input_layer1 | timeout: 10s)
[2026-03-31 14:06:17.648] [8275] [HailoRT] [info] [filter_elements.cpp:101] [create] Created (PreInferEl1detectorYOLO26n/input_layer1 | Reorder - src_order: NHWC, src_shape: (640, 640, 3), dst_order: NHCW, dst_shape: (640, 640, 3))
[2026-03-31 14:06:17.648] [8275] [HailoRT] [info] [vstream.cpp:754] [InputVStreamImpl] Creating detectorYOLO26n/input_layer1...
[2026-03-31 14:06:17.648] [8275] [HailoRT] [info] [vstream_builder.cpp:102] [create_inputs] Input pipeline 'detectorYOLO26n/input_layer1': (PreInferEl1detectorYOLO26n/input_layer1 | Reorder - src_order: NHWC, src_shape: (640, 640, 3), dst_order: NHCW, dst_shape: (640, 640, 3)) >> (PushQEl1detectorYOLO26n/input_layer1 | timeout: 10s) >> (HwWriteEl1detectorYOLO26n/input_layer1 | hw_frame_size: 1228800) >> HW
[2026-03-31 14:06:17.648] [8275] [HailoRT] [info] [edge_elements.cpp:287] [create] Created (HwReadEl0detectorYOLO26n/concat23 | hw_frame_size: 42000)
[2026-03-31 14:06:17.648] [8275] [HailoRT] [info] [queue_elements.cpp:800] [create] Created (UserBuffQEl0detectorYOLO26n/concat23 | timeout: 10s)
[2026-03-31 14:06:17.648] [8275] [HailoRT] [info] [vstream.cpp:1114] [OutputVStreamImpl] Creating detectorYOLO26n/concat23...
[2026-03-31 14:06:17.648] [8275] [HailoRT] [info] [vstream_builder.cpp:220] [create_outputs] Output pipeline 'detectorYOLO26n/concat23': HW >> (HwReadEl0detectorYOLO26n/concat23 | hw_frame_size: 42000) >> (UserBuffQEl0detectorYOLO26n/concat23 | timeout: 10s)
[2026-03-31 14:06:17.663] [9670] [HailoRT] [info] [queue_elements.cpp:855] [run_in_thread] Shutdown event was signaled in dequeue of UserBuffQEl0detectorYOLO26n/concat23!
[2026-03-31 14:06:17.663] [9670] [HailoRT] [info] [queue_elements.cpp:68] [operator()] Thread in element UserBuffQEl0detectorYOLO26n/concat23 is not running anymore, exiting..
[2026-03-31 14:06:17.663] [8275] [HailoRT] [info] [queue_elements.cpp:46] [~BaseQueueElement] Queue element UserBuffQEl0detectorYOLO26n/concat23 has 0 frames in his Queue on destruction
[2026-03-31 14:06:17.664] [8275] [HailoRT] [info] [queue_elements.cpp:46] [~BaseQueueElement] Queue element PushQEl1detectorYOLO26n/input_layer1 has 0 frames in his Queue on destruction
[2026-03-31 14:06:17.664] [8275] [HailoRT] [info] [core_op.cpp:186] [deactivate] Deactivating took 0.61098 ms
[2026-03-31 14:06:17.664] [8275] [HailoRT] [info] [core_op.cpp:186] [deactivate] Deactivating took 0.619758 ms
[2026-03-31 14:06:17.717] [8275] [HailoRT] [info] [core_op.cpp:156] [activate] Activating detectorYOLO26n took 0.273537 milliseconds. Note that the function is asynchronous and thus the network is not fully activated yet.
[2026-03-31 14:06:17.717] [8275] [HailoRT] [info] [core_op.cpp:156] [activate] Activating detectorYOLO26n took 0.296833 milliseconds. Note that the function is asynchronous and thus the network is not fully activated yet.
[2026-03-31 14:06:17.717] [8275] [HailoRT] [info] [edge_elements.cpp:52] [create] Created (HwWriteEl1detectorYOLO26n/input_layer1 | hw_frame_size: 1228800)
[2026-03-31 14:06:17.717] [8275] [HailoRT] [info] [queue_elements.cpp:284] [create] Created (PushQEl1detectorYOLO26n/input_layer1 | timeout: 10s)
[2026-03-31 14:06:17.718] [8275] [HailoRT] [info] [filter_elements.cpp:101] [create] Created (PreInferEl1detectorYOLO26n/input_layer1 | Reorder - src_order: NHWC, src_shape: (640, 640, 3), dst_order: NHCW, dst_shape: (640, 640, 3))
[2026-03-31 14:06:17.718] [8275] [HailoRT] [info] [vstream.cpp:754] [InputVStreamImpl] Creating detectorYOLO26n/input_layer1...
[2026-03-31 14:06:17.718] [8275] [HailoRT] [info] [vstream_builder.cpp:102] [create_inputs] Input pipeline 'detectorYOLO26n/input_layer1': (PreInferEl1detectorYOLO26n/input_layer1 | Reorder - src_order: NHWC, src_shape: (640, 640, 3), dst_order: NHCW, dst_shape: (640, 640, 3)) >> (PushQEl1detectorYOLO26n/input_layer1 | timeout: 10s) >> (HwWriteEl1detectorYOLO26n/input_layer1 | hw_frame_size: 1228800) >> HW
[2026-03-31 14:06:17.718] [8275] [HailoRT] [info] [edge_elements.cpp:287] [create] Created (HwReadEl0detectorYOLO26n/concat23 | hw_frame_size: 42000)
[2026-03-31 14:06:17.718] [8275] [HailoRT] [info] [queue_elements.cpp:800] [create] Created (UserBuffQEl0detectorYOLO26n/concat23 | timeout: 10s)
[2026-03-31 14:06:17.718] [8275] [HailoRT] [info] [vstream.cpp:1114] [OutputVStreamImpl] Creating detectorYOLO26n/concat23...
[2026-03-31 14:06:17.718] [8275] [HailoRT] [info] [vstream_builder.cpp:220] [create_outputs] Output pipeline 'detectorYOLO26n/concat23': HW >> (HwReadEl0detectorYOLO26n/concat23 | hw_frame_size: 42000) >> (UserBuffQEl0detectorYOLO26n/concat23 | timeout: 10s)
[2026-03-31 14:06:17.733] [9674] [HailoRT] [info] [queue_elements.cpp:855] [run_in_thread] Shutdown event was signaled in dequeue of UserBuffQEl0detectorYOLO26n/concat23!
[2026-03-31 14:06:17.733] [9674] [HailoRT] [info] [queue_elements.cpp:68] [operator()] Thread in element UserBuffQEl0detectorYOLO26n/concat23 is not running anymore, exiting..
[2026-03-31 14:06:17.733] [8275] [HailoRT] [info] [queue_elements.cpp:46] [~BaseQueueElement] Queue element UserBuffQEl0detectorYOLO26n/concat23 has 0 frames in his Queue on destruction
[2026-03-31 14:06:17.733] [9673] [HailoRT] [info] [queue_elements.cpp:68] [operator()] Thread in element PushQEl1detectorYOLO26n/input_layer1 is not running anymore, exiting..
[2026-03-31 14:06:17.733] [8275] [HailoRT] [info] [queue_elements.cpp:46] [~BaseQueueElement] Queue element PushQEl1detectorYOLO26n/input_layer1 has 0 frames in his Queue on destruction
[2026-03-31 14:06:17.734] [8275] [HailoRT] [info] [core_op.cpp:186] [deactivate] Deactivating took 0.604832 ms
[2026-03-31 14:06:17.734] [8275] [HailoRT] [info] [core_op.cpp:186] [deactivate] Deactivating took 0.613573 ms
[2026-03-31 14:06:17.786] [8275] [HailoRT] [info] [core_op.cpp:156] [activate] Activating detectorYOLO26n took 0.298685 milliseconds. Note that the function is asynchronous and thus the network is not fully activated yet.
[2026-03-31 14:06:17.786] [8275] [HailoRT] [info] [core_op.cpp:156] [activate] Activating detectorYOLO26n took 0.327185 milliseconds. Note that the function is asynchronous and thus the network is not fully activated yet.
[2026-03-31 14:06:17.786] [8275] [HailoRT] [info] [edge_elements.cpp:52] [create] Created (HwWriteEl1detectorYOLO26n/input_layer1 | hw_frame_size: 1228800)
[2026-03-31 14:06:17.787] [8275] [HailoRT] [info] [queue_elements.cpp:284] [create] Created (PushQEl1detectorYOLO26n/input_layer1 | timeout: 10s)
[2026-03-31 14:06:17.787] [8275] [HailoRT] [info] [filter_elements.cpp:101] [create] Created (PreInferEl1detectorYOLO26n/input_layer1 | Reorder - src_order: NHWC, src_shape: (640, 640, 3), dst_order: NHCW, dst_shape: (640, 640, 3))
[2026-03-31 14:06:17.787] [8275] [HailoRT] [info] [vstream.cpp:754] [InputVStreamImpl] Creating detectorYOLO26n/input_layer1...
[2026-03-31 14:06:17.787] [8275] [HailoRT] [info] [vstream_builder.cpp:102] [create_inputs] Input pipeline 'detectorYOLO26n/input_layer1': (PreInferEl1detectorYOLO26n/input_layer1 | Reorder - src_order: NHWC, src_shape: (640, 640, 3), dst_order: NHCW, dst_shape: (640, 640, 3)) >> (PushQEl1detectorYOLO26n/input_layer1 | timeout: 10s) >> (HwWriteEl1detectorYOLO26n/input_layer1 | hw_frame_size: 1228800) >> HW
[2026-03-31 14:06:17.787] [8275] [HailoRT] [info] [edge_elements.cpp:287] [create] Created (HwReadEl0detectorYOLO26n/concat23 | hw_frame_size: 42000)
[2026-03-31 14:06:17.787] [8275] [HailoRT] [info] [queue_elements.cpp:800] [create] Created (UserBuffQEl0detectorYOLO26n/concat23 | timeout: 10s)
[2026-03-31 14:06:17.787] [8275] [HailoRT] [info] [vstream.cpp:1114] [OutputVStreamImpl] Creating detectorYOLO26n/concat23...
[2026-03-31 14:06:17.787] [8275] [HailoRT] [info] [vstream_builder.cpp:220] [create_outputs] Output pipeline 'detectorYOLO26n/concat23': HW >> (HwReadEl0detectorYOLO26n/concat23 | hw_frame_size: 42000) >> (UserBuffQEl0detectorYOLO26n/concat23 | timeout: 10s)
[2026-03-31 14:06:17.802] [9678] [HailoRT] [info] [queue_elements.cpp:855] [run_in_thread] Shutdown event was signaled in dequeue of UserBuffQEl0detectorYOLO26n/concat23!
[2026-03-31 14:06:17.802] [9678] [HailoRT] [info] [queue_elements.cpp:68] [operator()] Thread in element UserBuffQEl0detectorYOLO26n/concat23 is not running anymore, exiting..
[2026-03-31 14:06:17.802] [8275] [HailoRT] [info] [queue_elements.cpp:46] [~BaseQueueElement] Queue element UserBuffQEl0detectorYOLO26n/concat23 has 0 frames in his Queue on destruction
[2026-03-31 14:06:17.802] [8275] [HailoRT] [info] [queue_elements.cpp:46] [~BaseQueueElement] Queue element PushQEl1detectorYOLO26n/input_layer1 has 0 frames in his Queue on destruction
[2026-03-31 14:06:17.803] [8275] [HailoRT] [info] [core_op.cpp:186] [deactivate] Deactivating took 0.615703 ms
[2026-03-31 14:06:17.803] [8275] [HailoRT] [info] [core_op.cpp:186] [deactivate] Deactivating took 0.624684 ms
[2026-03-31 14:06:17.856] [8275] [HailoRT] [info] [core_op.cpp:156] [activate] Activating detectorYOLO26n took 0.272981 milliseconds. Note that the function is asynchronous and thus the network is not fully activated yet.
[2026-03-31 14:06:17.856] [8275] [HailoRT] [info] [core_op.cpp:156] [activate] Activating detectorYOLO26n took 0.295518 milliseconds. Note that the function is asynchronous and thus the network is not fully activated yet.
[2026-03-31 14:06:17.856] [8275] [HailoRT] [info] [edge_elements.cpp:52] [create] Created (HwWriteEl1detectorYOLO26n/input_layer1 | hw_frame_size: 1228800)
[2026-03-31 14:06:17.856] [8275] [HailoRT] [info] [queue_elements.cpp:284] [create] Created (PushQEl1detectorYOLO26n/input_layer1 | timeout: 10s)
[2026-03-31 14:06:17.856] [8275] [HailoRT] [info] [filter_elements.cpp:101] [create] Created (PreInferEl1detectorYOLO26n/input_layer1 | Reorder - src_order: NHWC, src_shape: (640, 640, 3), dst_order: NHCW, dst_shape: (640, 640, 3))
[2026-03-31 14:06:17.856] [8275] [HailoRT] [info] [vstream.cpp:754] [InputVStreamImpl] Creating detectorYOLO26n/input_layer1...
[2026-03-31 14:06:17.856] [8275] [HailoRT] [info] [vstream_builder.cpp:102] [create_inputs] Input pipeline 'detectorYOLO26n/input_layer1': (PreInferEl1detectorYOLO26n/input_layer1 | Reorder - src_order: NHWC, src_shape: (640, 640, 3), dst_order: NHCW, dst_shape: (640, 640, 3)) >> (PushQEl1detectorYOLO26n/input_layer1 | timeout: 10s) >> (HwWriteEl1detectorYOLO26n/input_layer1 | hw_frame_size: 1228800) >> HW
[2026-03-31 14:06:17.856] [8275] [HailoRT] [info] [edge_elements.cpp:287] [create] Created (HwReadEl0detectorYOLO26n/concat23 | hw_frame_size: 42000)
[2026-03-31 14:06:17.856] [8275] [HailoRT] [info] [queue_elements.cpp:800] [create] Created (UserBuffQEl0detectorYOLO26n/concat23 | timeout: 10s)
[2026-03-31 14:06:17.856] [8275] [HailoRT] [info] [vstream.cpp:1114] [OutputVStreamImpl] Creating detectorYOLO26n/concat23...
[2026-03-31 14:06:17.856] [8275] [HailoRT] [info] [vstream_builder.cpp:220] [create_outputs] Output pipeline 'detectorYOLO26n/concat23': HW >> (HwReadEl0detectorYOLO26n/concat23 | hw_frame_size: 42000) >> (UserBuffQEl0detectorYOLO26n/concat23 | timeout: 10s)
[2026-03-31 14:06:17.872] [9682] [HailoRT] [info] [queue_elements.cpp:855] [run_in_thread] Shutdown event was signaled in dequeue of UserBuffQEl0detectorYOLO26n/concat23!
[2026-03-31 14:06:17.872] [9682] [HailoRT] [info] [queue_elements.cpp:68] [operator()] Thread in element UserBuffQEl0detectorYOLO26n/concat23 is not running anymore, exiting..
[2026-03-31 14:06:17.872] [8275] [HailoRT] [info] [queue_elements.cpp:46] [~BaseQueueElement] Queue element UserBuffQEl0detectorYOLO26n/concat23 has 0 frames in his Queue on destruction
[2026-03-31 14:06:17.872] [9681] [HailoRT] [info] [queue_elements.cpp:68] [operator()] Thread in element PushQEl1detectorYOLO26n/input_layer1 is not running anymore, exiting..
[2026-03-31 14:06:17.872] [8275] [HailoRT] [info] [queue_elements.cpp:46] [~BaseQueueElement] Queue element PushQEl1detectorYOLO26n/input_layer1 has 0 frames in his Queue on destruction
[2026-03-31 14:06:17.872] [8275] [HailoRT] [info] [core_op.cpp:186] [deactivate] Deactivating took 0.608387 ms
[2026-03-31 14:06:17.872] [8275] [HailoRT] [info] [core_op.cpp:186] [deactivate] Deactivating took 0.626073 ms
[2026-03-31 14:06:17.925] [8275] [HailoRT] [info] [core_op.cpp:156] [activate] Activating detectorYOLO26n took 0.277648 milliseconds. Note that the function is asynchronous and thus the network is not fully activated yet.
[2026-03-31 14:06:17.925] [8275] [HailoRT] [info] [core_op.cpp:156] [activate] Activating detectorYOLO26n took 0.305481 milliseconds. Note that the function is asynchronous and thus the network is not fully activated yet.
[2026-03-31 14:06:17.926] [8275] [HailoRT] [info] [edge_elements.cpp:52] [create] Created (HwWriteEl1detectorYOLO26n/input_layer1 | hw_frame_size: 1228800)
[2026-03-31 14:06:17.926] [8275] [HailoRT] [info] [queue_elements.cpp:284] [create] Created (PushQEl1detectorYOLO26n/input_layer1 | timeout: 10s)
[2026-03-31 14:06:17.926] [8275] [HailoRT] [info] [filter_elements.cpp:101] [create] Created (PreInferEl1detectorYOLO26n/input_layer1 | Reorder - src_order: NHWC, src_shape: (640, 640, 3), dst_order: NHCW, dst_shape: (640, 640, 3))
[2026-03-31 14:06:17.926] [8275] [HailoRT] [info] [vstream.cpp:754] [InputVStreamImpl] Creating detectorYOLO26n/input_layer1...
[2026-03-31 14:06:17.926] [8275] [HailoRT] [info] [vstream_builder.cpp:102] [create_inputs] Input pipeline 'detectorYOLO26n/input_layer1': (PreInferEl1detectorYOLO26n/input_layer1 | Reorder - src_order: NHWC, src_shape: (640, 640, 3), dst_order: NHCW, dst_shape: (640, 640, 3)) >> (PushQEl1detectorYOLO26n/input_layer1 | timeout: 10s) >> (HwWriteEl1detectorYOLO26n/input_layer1 | hw_frame_size: 1228800) >> HW
[2026-03-31 14:06:17.926] [8275] [HailoRT] [info] [edge_elements.cpp:287] [create] Created (HwReadEl0detectorYOLO26n/concat23 | hw_frame_size: 42000)
[2026-03-31 14:06:17.926] [8275] [HailoRT] [info] [queue_elements.cpp:800] [create] Created (UserBuffQEl0detectorYOLO26n/concat23 | timeout: 10s)
[2026-03-31 14:06:17.926] [8275] [HailoRT] [info] [vstream.cpp:1114] [OutputVStreamImpl] Creating detectorYOLO26n/concat23...
[2026-03-31 14:06:17.926] [8275] [HailoRT] [info] [vstream_builder.cpp:220] [create_outputs] Output pipeline 'detectorYOLO26n/concat23': HW >> (HwReadEl0detectorYOLO26n/concat23 | hw_frame_size: 42000) >> (UserBuffQEl0detectorYOLO26n/concat23 | timeout: 10s)
[2026-03-31 14:06:17.941] [9686] [HailoRT] [info] [queue_elements.cpp:855] [run_in_thread] Shutdown event was signaled in dequeue of UserBuffQEl0detectorYOLO26n/concat23!
[2026-03-31 14:06:17.941] [9686] [HailoRT] [info] [queue_elements.cpp:68] [operator()] Thread in element UserBuffQEl0detectorYOLO26n/concat23 is not running anymore, exiting..
[2026-03-31 14:06:17.941] [8275] [HailoRT] [info] [queue_elements.cpp:46] [~BaseQueueElement] Queue element UserBuffQEl0detectorYOLO26n/concat23 has 0 frames in his Queue on destruction
[2026-03-31 14:06:17.942] [9685] [HailoRT] [info] [queue_elements.cpp:68] [operator()] Thread in element PushQEl1detectorYOLO26n/input_layer1 is not running anymore, exiting..
[2026-03-31 14:06:17.942] [8275] [HailoRT] [info] [queue_elements.cpp:46] [~BaseQueueElement] Queue element PushQEl1detectorYOLO26n/input_layer1 has 0 frames in his Queue on destruction
[2026-03-31 14:06:17.942] [8275] [HailoRT] [info] [core_op.cpp:186] [deactivate] Deactivating took 0.60585 ms
[2026-03-31 14:06:17.942] [8275] [HailoRT] [info] [core_op.cpp:186] [deactivate] Deactivating took 0.614628 ms
[2026-03-31 14:06:17.997] [8275] [HailoRT] [info] [core_op.cpp:156] [activate] Activating detectorYOLO26n took 0.262721 milliseconds. Note that the function is asynchronous and thus the network is not fully activated yet.
[2026-03-31 14:06:17.997] [8275] [HailoRT] [info] [core_op.cpp:156] [activate] Activating detectorYOLO26n took 0.286666 milliseconds. Note that the function is asynchronous and thus the network is not fully activated yet.
[2026-03-31 14:06:17.997] [8275] [HailoRT] [info] [edge_elements.cpp:52] [create] Created (HwWriteEl1detectorYOLO26n/input_layer1 | hw_frame_size: 1228800)
[2026-03-31 14:06:17.997] [8275] [HailoRT] [info] [queue_elements.cpp:284] [create] Created (PushQEl1detectorYOLO26n/input_layer1 | timeout: 10s)
[2026-03-31 14:06:17.997] [8275] [HailoRT] [info] [filter_elements.cpp:101] [create] Created (PreInferEl1detectorYOLO26n/input_layer1 | Reorder - src_order: NHWC, src_shape: (640, 640, 3), dst_order: NHCW, dst_shape: (640, 640, 3))
[2026-03-31 14:06:17.997] [8275] [HailoRT] [info] [vstream.cpp:754] [InputVStreamImpl] Creating detectorYOLO26n/input_layer1...
[2026-03-31 14:06:17.997] [8275] [HailoRT] [info] [vstream_builder.cpp:102] [create_inputs] Input pipeline 'detectorYOLO26n/input_layer1': (PreInferEl1detectorYOLO26n/input_layer1 | Reorder - src_order: NHWC, src_shape: (640, 640, 3), dst_order: NHCW, dst_shape: (640, 640, 3)) >> (PushQEl1detectorYOLO26n/input_layer1 | timeout: 10s) >> (HwWriteEl1detectorYOLO26n/input_layer1 | hw_frame_size: 1228800) >> HW
[2026-03-31 14:06:17.997] [8275] [HailoRT] [info] [edge_elements.cpp:287] [create] Created (HwReadEl0detectorYOLO26n/concat23 | hw_frame_size: 42000)
[2026-03-31 14:06:17.997] [8275] [HailoRT] [info] [queue_elements.cpp:800] [create] Created (UserBuffQEl0detectorYOLO26n/concat23 | timeout: 10s)
[2026-03-31 14:06:17.997] [8275] [HailoRT] [info] [vstream.cpp:1114] [OutputVStreamImpl] Creating detectorYOLO26n/concat23...
[2026-03-31 14:06:17.997] [8275] [HailoRT] [info] [vstream_builder.cpp:220] [create_outputs] Output pipeline 'detectorYOLO26n/concat23': HW >> (HwReadEl0detectorYOLO26n/concat23 | hw_frame_size: 42000) >> (UserBuffQEl0detectorYOLO26n/concat23 | timeout: 10s)
[2026-03-31 14:06:18.013] [9690] [HailoRT] [info] [queue_elements.cpp:855] [run_in_thread] Shutdown event was signaled in dequeue of UserBuffQEl0detectorYOLO26n/concat23!
[2026-03-31 14:06:18.013] [9690] [HailoRT] [info] [queue_elements.cpp:68] [operator()] Thread in element UserBuffQEl0detectorYOLO26n/concat23 is not running anymore, exiting..
[2026-03-31 14:06:18.013] [8275] [HailoRT] [info] [queue_elements.cpp:46] [~BaseQueueElement] Queue element UserBuffQEl0detectorYOLO26n/concat23 has 0 frames in his Queue on destruction
[2026-03-31 14:06:18.013] [9689] [HailoRT] [info] [queue_elements.cpp:68] [operator()] Thread in element PushQEl1detectorYOLO26n/input_layer1 is not running anymore, exiting..
[2026-03-31 14:06:18.013] [8275] [HailoRT] [info] [queue_elements.cpp:46] [~BaseQueueElement] Queue element PushQEl1detectorYOLO26n/input_layer1 has 0 frames in his Queue on destruction
[2026-03-31 14:06:18.014] [8275] [HailoRT] [info] [core_op.cpp:186] [deactivate] Deactivating took 0.601424 ms
[2026-03-31 14:06:18.014] [8275] [HailoRT] [info] [core_op.cpp:186] [deactivate] Deactivating took 0.610332 ms
[2026-03-31 14:06:18.067] [8275] [HailoRT] [info] [core_op.cpp:156] [activate] Activating detectorYOLO26n took 0.275129 milliseconds. Note that the function is asynchronous and thus the network is not fully activated yet.
[2026-03-31 14:06:18.067] [8275] [HailoRT] [info] [core_op.cpp:156] [activate] Activating detectorYOLO26n took 0.29874 milliseconds. Note that the function is asynchronous and thus the network is not fully activated yet.
[2026-03-31 14:06:18.067] [8275] [HailoRT] [info] [edge_elements.cpp:52] [create] Created (HwWriteEl1detectorYOLO26n/input_layer1 | hw_frame_size: 1228800)
[2026-03-31 14:06:18.067] [8275] [HailoRT] [info] [queue_elements.cpp:284] [create] Created (PushQEl1detectorYOLO26n/input_layer1 | timeout: 10s)
[2026-03-31 14:06:18.067] [8275] [HailoRT] [info] [filter_elements.cpp:101] [create] Created (PreInferEl1detectorYOLO26n/input_layer1 | Reorder - src_order: NHWC, src_shape: (640, 640, 3), dst_order: NHCW, dst_shape: (640, 640, 3))
[2026-03-31 14:06:18.067] [8275] [HailoRT] [info] [vstream.cpp:754] [InputVStreamImpl] Creating detectorYOLO26n/input_layer1...
[2026-03-31 14:06:18.067] [8275] [HailoRT] [info] [vstream_builder.cpp:102] [create_inputs] Input pipeline 'detectorYOLO26n/input_layer1': (PreInferEl1detectorYOLO26n/input_layer1 | Reorder - src_order: NHWC, src_shape: (640, 640, 3), dst_order: NHCW, dst_shape: (640, 640, 3)) >> (PushQEl1detectorYOLO26n/input_layer1 | timeout: 10s) >> (HwWriteEl1detectorYOLO26n/input_layer1 | hw_frame_size: 1228800) >> HW
[2026-03-31 14:06:18.067] [8275] [HailoRT] [info] [edge_elements.cpp:287] [create] Created (HwReadEl0detectorYOLO26n/concat23 | hw_frame_size: 42000)
[2026-03-31 14:06:18.067] [8275] [HailoRT] [info] [queue_elements.cpp:800] [create] Created (UserBuffQEl0detectorYOLO26n/concat23 | timeout: 10s)
[2026-03-31 14:06:18.067] [8275] [HailoRT] [info] [vstream.cpp:1114] [OutputVStreamImpl] Creating detectorYOLO26n/concat23...
[2026-03-31 14:06:18.067] [8275] [HailoRT] [info] [vstream_builder.cpp:220] [create_outputs] Output pipeline 'detectorYOLO26n/concat23': HW >> (HwReadEl0detectorYOLO26n/concat23 | hw_frame_size: 42000) >> (UserBuffQEl0detectorYOLO26n/concat23 | timeout: 10s)
[2026-03-31 14:06:18.083] [9694] [HailoRT] [info] [queue_elements.cpp:855] [run_in_thread] Shutdown event was signaled in dequeue of UserBuffQEl0detectorYOLO26n/concat23!
[2026-03-31 14:06:18.083] [9694] [HailoRT] [info] [queue_elements.cpp:68] [operator()] Thread in element UserBuffQEl0detectorYOLO26n/concat23 is not running anymore, exiting..
[2026-03-31 14:06:18.083] [8275] [HailoRT] [info] [queue_elements.cpp:46] [~BaseQueueElement] Queue element UserBuffQEl0detectorYOLO26n/concat23 has 0 frames in his Queue on destruction
[2026-03-31 14:06:18.083] [9693] [HailoRT] [info] [queue_elements.cpp:68] [operator()] Thread in element PushQEl1detectorYOLO26n/input_layer1 is not running anymore, exiting..
[2026-03-31 14:06:18.083] [8275] [HailoRT] [info] [queue_elements.cpp:46] [~BaseQueueElement] Queue element PushQEl1detectorYOLO26n/input_layer1 has 0 frames in his Queue on destruction
[2026-03-31 14:06:18.083] [8275] [HailoRT] [info] [core_op.cpp:186] [deactivate] Deactivating took 0.603221 ms
[2026-03-31 14:06:18.083] [8275] [HailoRT] [info] [core_op.cpp:186] [deactivate] Deactivating took 0.611961 ms
[2026-03-31 14:06:18.140] [8275] [HailoRT] [info] [core_op.cpp:156] [activate] Activating detectorYOLO26n took 0.314425 milliseconds. Note that the function is asynchronous and thus the network is not fully activated yet.
[2026-03-31 14:06:18.140] [8275] [HailoRT] [info] [core_op.cpp:156] [activate] Activating detectorYOLO26n took 0.354073 milliseconds. Note that the function is asynchronous and thus the network is not fully activated yet.
[2026-03-31 14:06:18.140] [8275] [HailoRT] [info] [edge_elements.cpp:52] [create] Created (HwWriteEl1detectorYOLO26n/input_layer1 | hw_frame_size: 1228800)
[2026-03-31 14:06:18.140] [8275] [HailoRT] [info] [queue_elements.cpp:284] [create] Created (PushQEl1detectorYOLO26n/input_layer1 | timeout: 10s)
[2026-03-31 14:06:18.140] [8275] [HailoRT] [info] [filter_elements.cpp:101] [create] Created (PreInferEl1detectorYOLO26n/input_layer1 | Reorder - src_order: NHWC, src_shape: (640, 640, 3), dst_order: NHCW, dst_shape: (640, 640, 3))
[2026-03-31 14:06:18.140] [8275] [HailoRT] [info] [vstream.cpp:754] [InputVStreamImpl] Creating detectorYOLO26n/input_layer1...
[2026-03-31 14:06:18.140] [8275] [HailoRT] [info] [vstream_builder.cpp:102] [create_inputs] Input pipeline 'detectorYOLO26n/input_layer1': (PreInferEl1detectorYOLO26n/input_layer1 | Reorder - src_order: NHWC, src_shape: (640, 640, 3), dst_order: NHCW, dst_shape: (640, 640, 3)) >> (PushQEl1detectorYOLO26n/input_layer1 | timeout: 10s) >> (HwWriteEl1detectorYOLO26n/input_layer1 | hw_frame_size: 1228800) >> HW
[2026-03-31 14:06:18.140] [8275] [HailoRT] [info] [edge_elements.cpp:287] [create] Created (HwReadEl0detectorYOLO26n/concat23 | hw_frame_size: 42000)
[2026-03-31 14:06:18.141] [8275] [HailoRT] [info] [queue_elements.cpp:800] [create] Created (UserBuffQEl0detectorYOLO26n/concat23 | timeout: 10s)
[2026-03-31 14:06:18.141] [8275] [HailoRT] [info] [vstream.cpp:1114] [OutputVStreamImpl] Creating detectorYOLO26n/concat23...
[2026-03-31 14:06:18.141] [8275] [HailoRT] [info] [vstream_builder.cpp:220] [create_outputs] Output pipeline 'detectorYOLO26n/concat23': HW >> (HwReadEl0detectorYOLO26n/concat23 | hw_frame_size: 42000) >> (UserBuffQEl0detectorYOLO26n/concat23 | timeout: 10s)
[2026-03-31 14:06:18.156] [9698] [HailoRT] [info] [queue_elements.cpp:855] [run_in_thread] Shutdown event was signaled in dequeue of UserBuffQEl0detectorYOLO26n/concat23!
[2026-03-31 14:06:18.156] [9698] [HailoRT] [info] [queue_elements.cpp:68] [operator()] Thread in element UserBuffQEl0detectorYOLO26n/concat23 is not running anymore, exiting..
[2026-03-31 14:06:18.156] [8275] [HailoRT] [info] [queue_elements.cpp:46] [~BaseQueueElement] Queue element UserBuffQEl0detectorYOLO26n/concat23 has 0 frames in his Queue on destruction
[2026-03-31 14:06:18.156] [9697] [HailoRT] [info] [queue_elements.cpp:68] [operator()] Thread in element PushQEl1detectorYOLO26n/input_layer1 is not running anymore, exiting..
[2026-03-31 14:06:18.156] [8275] [HailoRT] [info] [queue_elements.cpp:46] [~BaseQueueElement] Queue element PushQEl1detectorYOLO26n/input_layer1 has 0 frames in his Queue on destruction
[2026-03-31 14:06:18.157] [8275] [HailoRT] [info] [core_op.cpp:186] [deactivate] Deactivating took 0.604573 ms
[2026-03-31 14:06:18.157] [8275] [HailoRT] [info] [core_op.cpp:186] [deactivate] Deactivating took 0.614129 ms
[2026-03-31 14:06:18.212] [8275] [HailoRT] [info] [core_op.cpp:156] [activate] Activating detectorYOLO26n took 0.368 milliseconds. Note that the function is asynchronous and thus the network is not fully activated yet.
[2026-03-31 14:06:18.212] [8275] [HailoRT] [info] [core_op.cpp:156] [activate] Activating detectorYOLO26n took 0.415332 milliseconds. Note that the function is asynchronous and thus the network is not fully activated yet.
[2026-03-31 14:06:18.212] [8275] [HailoRT] [info] [edge_elements.cpp:52] [create] Created (HwWriteEl1detectorYOLO26n/input_layer1 | hw_frame_size: 1228800)
[2026-03-31 14:06:18.212] [8275] [HailoRT] [info] [queue_elements.cpp:284] [create] Created (PushQEl1detectorYOLO26n/input_layer1 | timeout: 10s)
[2026-03-31 14:06:18.212] [8275] [HailoRT] [info] [filter_elements.cpp:101] [create] Created (PreInferEl1detectorYOLO26n/input_layer1 | Reorder - src_order: NHWC, src_shape: (640, 640, 3), dst_order: NHCW, dst_shape: (640, 640, 3))
[2026-03-31 14:06:18.212] [8275] [HailoRT] [info] [vstream.cpp:754] [InputVStreamImpl] Creating detectorYOLO26n/input_layer1...
[2026-03-31 14:06:18.212] [8275] [HailoRT] [info] [vstream_builder.cpp:102] [create_inputs] Input pipeline 'detectorYOLO26n/input_layer1': (PreInferEl1detectorYOLO26n/input_layer1 | Reorder - src_order: NHWC, src_shape: (640, 640, 3), dst_order: NHCW, dst_shape: (640, 640, 3)) >> (PushQEl1detectorYOLO26n/input_layer1 | timeout: 10s) >> (HwWriteEl1detectorYOLO26n/input_layer1 | hw_frame_size: 1228800) >> HW
[2026-03-31 14:06:18.212] [8275] [HailoRT] [info] [edge_elements.cpp:287] [create] Created (HwReadEl0detectorYOLO26n/concat23 | hw_frame_size: 42000)
[2026-03-31 14:06:18.212] [8275] [HailoRT] [info] [queue_elements.cpp:800] [create] Created (UserBuffQEl0detectorYOLO26n/concat23 | timeout: 10s)
[2026-03-31 14:06:18.212] [8275] [HailoRT] [info] [vstream.cpp:1114] [OutputVStreamImpl] Creating detectorYOLO26n/concat23...
[2026-03-31 14:06:18.212] [8275] [HailoRT] [info] [vstream_builder.cpp:220] [create_outputs] Output pipeline 'detectorYOLO26n/concat23': HW >> (HwReadEl0detectorYOLO26n/concat23 | hw_frame_size: 42000) >> (UserBuffQEl0detectorYOLO26n/concat23 | timeout: 10s)
[2026-03-31 14:06:18.228] [9702] [HailoRT] [info] [queue_elements.cpp:855] [run_in_thread] Shutdown event was signaled in dequeue of UserBuffQEl0detectorYOLO26n/concat23!
[2026-03-31 14:06:18.228] [9702] [HailoRT] [info] [queue_elements.cpp:68] [operator()] Thread in element UserBuffQEl0detectorYOLO26n/concat23 is not running anymore, exiting..
[2026-03-31 14:06:18.228] [8275] [HailoRT] [info] [queue_elements.cpp:46] [~BaseQueueElement] Queue element UserBuffQEl0detectorYOLO26n/concat23 has 0 frames in his Queue on destruction
[2026-03-31 14:06:18.228] [9701] [HailoRT] [info] [queue_elements.cpp:68] [operator()] Thread in element PushQEl1detectorYOLO26n/input_layer1 is not running anymore, exiting..
[2026-03-31 14:06:18.228] [8275] [HailoRT] [info] [queue_elements.cpp:46] [~BaseQueueElement] Queue element PushQEl1detectorYOLO26n/input_layer1 has 0 frames in his Queue on destruction
[2026-03-31 14:06:18.229] [8275] [HailoRT] [info] [core_op.cpp:186] [deactivate] Deactivating took 0.632388 ms
[2026-03-31 14:06:18.229] [8275] [HailoRT] [info] [core_op.cpp:186] [deactivate] Deactivating took 0.646795 ms
[2026-03-31 14:06:18.282] [8275] [HailoRT] [info] [core_op.cpp:156] [activate] Activating detectorYOLO26n took 0.271184 milliseconds. Note that the function is asynchronous and thus the network is not fully activated yet.
[2026-03-31 14:06:18.282] [8275] [HailoRT] [info] [core_op.cpp:156] [activate] Activating detectorYOLO26n took 0.294517 milliseconds. Note that the function is asynchronous and thus the network is not fully activated yet.
[2026-03-31 14:06:18.282] [8275] [HailoRT] [info] [edge_elements.cpp:52] [create] Created (HwWriteEl1detectorYOLO26n/input_layer1 | hw_frame_size: 1228800)
[2026-03-31 14:06:18.282] [8275] [HailoRT] [info] [queue_elements.cpp:284] [create] Created (PushQEl1detectorYOLO26n/input_layer1 | timeout: 10s)
[2026-03-31 14:06:18.282] [8275] [HailoRT] [info] [filter_elements.cpp:101] [create] Created (PreInferEl1detectorYOLO26n/input_layer1 | Reorder - src_order: NHWC, src_shape: (640, 640, 3), dst_order: NHCW, dst_shape: (640, 640, 3))
[2026-03-31 14:06:18.282] [8275] [HailoRT] [info] [vstream.cpp:754] [InputVStreamImpl] Creating detectorYOLO26n/input_layer1...
[2026-03-31 14:06:18.282] [8275] [HailoRT] [info] [vstream_builder.cpp:102] [create_inputs] Input pipeline 'detectorYOLO26n/input_layer1': (PreInferEl1detectorYOLO26n/input_layer1 | Reorder - src_order: NHWC, src_shape: (640, 640, 3), dst_order: NHCW, dst_shape: (640, 640, 3)) >> (PushQEl1detectorYOLO26n/input_layer1 | timeout: 10s) >> (HwWriteEl1detectorYOLO26n/input_layer1 | hw_frame_size: 1228800) >> HW
[2026-03-31 14:06:18.282] [8275] [HailoRT] [info] [edge_elements.cpp:287] [create] Created (HwReadEl0detectorYOLO26n/concat23 | hw_frame_size: 42000)
[2026-03-31 14:06:18.283] [8275] [HailoRT] [info] [queue_elements.cpp:800] [create] Created (UserBuffQEl0detectorYOLO26n/concat23 | timeout: 10s)
[2026-03-31 14:06:18.283] [8275] [HailoRT] [info] [vstream.cpp:1114] [OutputVStreamImpl] Creating detectorYOLO26n/concat23...
[2026-03-31 14:06:18.283] [8275] [HailoRT] [info] [vstream_builder.cpp:220] [create_outputs] Output pipeline 'detectorYOLO26n/concat23': HW >> (HwReadEl0detectorYOLO26n/concat23 | hw_frame_size: 42000) >> (UserBuffQEl0detectorYOLO26n/concat23 | timeout: 10s)
[2026-03-31 14:06:18.298] [9706] [HailoRT] [info] [queue_elements.cpp:855] [run_in_thread] Shutdown event was signaled in dequeue of UserBuffQEl0detectorYOLO26n/concat23!
[2026-03-31 14:06:18.298] [9706] [HailoRT] [info] [queue_elements.cpp:68] [operator()] Thread in element UserBuffQEl0detectorYOLO26n/concat23 is not running anymore, exiting..
[2026-03-31 14:06:18.298] [8275] [HailoRT] [info] [queue_elements.cpp:46] [~BaseQueueElement] Queue element UserBuffQEl0detectorYOLO26n/concat23 has 0 frames in his Queue on destruction
[2026-03-31 14:06:18.298] [9705] [HailoRT] [info] [queue_elements.cpp:68] [operator()] Thread in element PushQEl1detectorYOLO26n/input_layer1 is not running anymore, exiting..
[2026-03-31 14:06:18.298] [8275] [HailoRT] [info] [queue_elements.cpp:46] [~BaseQueueElement] Queue element PushQEl1detectorYOLO26n/input_layer1 has 0 frames in his Queue on destruction
[2026-03-31 14:06:18.299] [8275] [HailoRT] [info] [core_op.cpp:186] [deactivate] Deactivating took 0.616017 ms
[2026-03-31 14:06:18.299] [8275] [HailoRT] [info] [core_op.cpp:186] [deactivate] Deactivating took 0.626869 ms
[2026-03-31 14:06:18.352] [8275] [HailoRT] [info] [core_op.cpp:156] [activate] Activating detectorYOLO26n took 0.278722 milliseconds. Note that the function is asynchronous and thus the network is not fully activated yet.
[2026-03-31 14:06:18.352] [8275] [HailoRT] [info] [core_op.cpp:156] [activate] Activating detectorYOLO26n took 0.302185 milliseconds. Note that the function is asynchronous and thus the network is not fully activated yet.
[2026-03-31 14:06:18.353] [8275] [HailoRT] [info] [edge_elements.cpp:52] [create] Created (HwWriteEl1detectorYOLO26n/input_layer1 | hw_frame_size: 1228800)
[2026-03-31 14:06:18.353] [8275] [HailoRT] [info] [queue_elements.cpp:284] [create] Created (PushQEl1detectorYOLO26n/input_layer1 | timeout: 10s)
[2026-03-31 14:06:18.353] [8275] [HailoRT] [info] [filter_elements.cpp:101] [create] Created (PreInferEl1detectorYOLO26n/input_layer1 | Reorder - src_order: NHWC, src_shape: (640, 640, 3), dst_order: NHCW, dst_shape: (640, 640, 3))
[2026-03-31 14:06:18.353] [8275] [HailoRT] [info] [vstream.cpp:754] [InputVStreamImpl] Creating detectorYOLO26n/input_layer1...
[2026-03-31 14:06:18.353] [8275] [HailoRT] [info] [vstream_builder.cpp:102] [create_inputs] Input pipeline 'detectorYOLO26n/input_layer1': (PreInferEl1detectorYOLO26n/input_layer1 | Reorder - src_order: NHWC, src_shape: (640, 640, 3), dst_order: NHCW, dst_shape: (640, 640, 3)) >> (PushQEl1detectorYOLO26n/input_layer1 | timeout: 10s) >> (HwWriteEl1detectorYOLO26n/input_layer1 | hw_frame_size: 1228800) >> HW
[2026-03-31 14:06:18.353] [8275] [HailoRT] [info] [edge_elements.cpp:287] [create] Created (HwReadEl0detectorYOLO26n/concat23 | hw_frame_size: 42000)
[2026-03-31 14:06:18.353] [8275] [HailoRT] [info] [queue_elements.cpp:800] [create] Created (UserBuffQEl0detectorYOLO26n/concat23 | timeout: 10s)
[2026-03-31 14:06:18.353] [8275] [HailoRT] [info] [vstream.cpp:1114] [OutputVStreamImpl] Creating detectorYOLO26n/concat23...
[2026-03-31 14:06:18.353] [8275] [HailoRT] [info] [vstream_builder.cpp:220] [create_outputs] Output pipeline 'detectorYOLO26n/concat23': HW >> (HwReadEl0detectorYOLO26n/concat23 | hw_frame_size: 42000) >> (UserBuffQEl0detectorYOLO26n/concat23 | timeout: 10s)
[2026-03-31 14:06:18.369] [9710] [HailoRT] [info] [queue_elements.cpp:855] [run_in_thread] Shutdown event was signaled in dequeue of UserBuffQEl0detectorYOLO26n/concat23!
[2026-03-31 14:06:18.369] [9710] [HailoRT] [info] [queue_elements.cpp:68] [operator()] Thread in element UserBuffQEl0detectorYOLO26n/concat23 is not running anymore, exiting..
[2026-03-31 14:06:18.369] [8275] [HailoRT] [info] [queue_elements.cpp:46] [~BaseQueueElement] Queue element UserBuffQEl0detectorYOLO26n/concat23 has 0 frames in his Queue on destruction
[2026-03-31 14:06:18.369] [9709] [HailoRT] [info] [queue_elements.cpp:68] [operator()] Thread in element PushQEl1detectorYOLO26n/input_layer1 is not running anymore, exiting..
[2026-03-31 14:06:18.369] [8275] [HailoRT] [info] [queue_elements.cpp:46] [~BaseQueueElement] Queue element PushQEl1detectorYOLO26n/input_layer1 has 0 frames in his Queue on destruction
[2026-03-31 14:06:18.369] [8275] [HailoRT] [info] [core_op.cpp:186] [deactivate] Deactivating took 0.604425 ms
[2026-03-31 14:06:18.369] [8275] [HailoRT] [info] [core_op.cpp:186] [deactivate] Deactivating took 0.612851 ms
[2026-03-31 14:06:18.422] [8275] [HailoRT] [info] [core_op.cpp:156] [activate] Activating detectorYOLO26n took 0.272241 milliseconds. Note that the function is asynchronous and thus the network is not fully activated yet.
[2026-03-31 14:06:18.422] [8275] [HailoRT] [info] [core_op.cpp:156] [activate] Activating detectorYOLO26n took 0.324759 milliseconds. Note that the function is asynchronous and thus the network is not fully activated yet.
[2026-03-31 14:06:18.422] [8275] [HailoRT] [info] [edge_elements.cpp:52] [create] Created (HwWriteEl1detectorYOLO26n/input_layer1 | hw_frame_size: 1228800)
[2026-03-31 14:06:18.422] [8275] [HailoRT] [info] [queue_elements.cpp:284] [create] Created (PushQEl1detectorYOLO26n/input_layer1 | timeout: 10s)
[2026-03-31 14:06:18.422] [8275] [HailoRT] [info] [filter_elements.cpp:101] [create] Created (PreInferEl1detectorYOLO26n/input_layer1 | Reorder - src_order: NHWC, src_shape: (640, 640, 3), dst_order: NHCW, dst_shape: (640, 640, 3))
[2026-03-31 14:06:18.422] [8275] [HailoRT] [info] [vstream.cpp:754] [InputVStreamImpl] Creating detectorYOLO26n/input_layer1...
[2026-03-31 14:06:18.422] [8275] [HailoRT] [info] [vstream_builder.cpp:102] [create_inputs] Input pipeline 'detectorYOLO26n/input_layer1': (PreInferEl1detectorYOLO26n/input_layer1 | Reorder - src_order: NHWC, src_shape: (640, 640, 3), dst_order: NHCW, dst_shape: (640, 640, 3)) >> (PushQEl1detectorYOLO26n/input_layer1 | timeout: 10s) >> (HwWriteEl1detectorYOLO26n/input_layer1 | hw_frame_size: 1228800) >> HW
[2026-03-31 14:06:18.422] [8275] [HailoRT] [info] [edge_elements.cpp:287] [create] Created (HwReadEl0detectorYOLO26n/concat23 | hw_frame_size: 42000)
[2026-03-31 14:06:18.422] [8275] [HailoRT] [info] [queue_elements.cpp:800] [create] Created (UserBuffQEl0detectorYOLO26n/concat23 | timeout: 10s)
[2026-03-31 14:06:18.422] [8275] [HailoRT] [info] [vstream.cpp:1114] [OutputVStreamImpl] Creating detectorYOLO26n/concat23...
[2026-03-31 14:06:18.422] [8275] [HailoRT] [info] [vstream_builder.cpp:220] [create_outputs] Output pipeline 'detectorYOLO26n/concat23': HW >> (HwReadEl0detectorYOLO26n/concat23 | hw_frame_size: 42000) >> (UserBuffQEl0detectorYOLO26n/concat23 | timeout: 10s)
[2026-03-31 14:06:18.438] [9714] [HailoRT] [info] [queue_elements.cpp:855] [run_in_thread] Shutdown event was signaled in dequeue of UserBuffQEl0detectorYOLO26n/concat23!
[2026-03-31 14:06:18.438] [9714] [HailoRT] [info] [queue_elements.cpp:68] [operator()] Thread in element UserBuffQEl0detectorYOLO26n/concat23 is not running anymore, exiting..
[2026-03-31 14:06:18.438] [8275] [HailoRT] [info] [queue_elements.cpp:46] [~BaseQueueElement] Queue element UserBuffQEl0detectorYOLO26n/concat23 has 0 frames in his Queue on destruction
[2026-03-31 14:06:18.439] [9713] [HailoRT] [info] [queue_elements.cpp:68] [operator()] Thread in element PushQEl1detectorYOLO26n/input_layer1 is not running anymore, exiting..
[2026-03-31 14:06:18.439] [8275] [HailoRT] [info] [queue_elements.cpp:46] [~BaseQueueElement] Queue element PushQEl1detectorYOLO26n/input_layer1 has 0 frames in his Queue on destruction
[2026-03-31 14:06:18.439] [8275] [HailoRT] [info] [core_op.cpp:186] [deactivate] Deactivating took 0.605147 ms
[2026-03-31 14:06:18.439] [8275] [HailoRT] [info] [core_op.cpp:186] [deactivate] Deactivating took 0.613646 ms
[2026-03-31 14:06:18.492] [8275] [HailoRT] [info] [core_op.cpp:156] [activate] Activating detectorYOLO26n took 0.276462 milliseconds. Note that the function is asynchronous and thus the network is not fully activated yet.
[2026-03-31 14:06:18.492] [8275] [HailoRT] [info] [core_op.cpp:156] [activate] Activating detectorYOLO26n took 0.302518 milliseconds. Note that the function is asynchronous and thus the network is not fully activated yet.
[2026-03-31 14:06:18.492] [8275] [HailoRT] [info] [edge_elements.cpp:52] [create] Created (HwWriteEl1detectorYOLO26n/input_layer1 | hw_frame_size: 1228800)
[2026-03-31 14:06:18.492] [8275] [HailoRT] [info] [queue_elements.cpp:284] [create] Created (PushQEl1detectorYOLO26n/input_layer1 | timeout: 10s)
[2026-03-31 14:06:18.492] [8275] [HailoRT] [info] [filter_elements.cpp:101] [create] Created (PreInferEl1detectorYOLO26n/input_layer1 | Reorder - src_order: NHWC, src_shape: (640, 640, 3), dst_order: NHCW, dst_shape: (640, 640, 3))
[2026-03-31 14:06:18.492] [8275] [HailoRT] [info] [vstream.cpp:754] [InputVStreamImpl] Creating detectorYOLO26n/input_layer1...
[2026-03-31 14:06:18.492] [8275] [HailoRT] [info] [vstream_builder.cpp:102] [create_inputs] Input pipeline 'detectorYOLO26n/input_layer1': (PreInferEl1detectorYOLO26n/input_layer1 | Reorder - src_order: NHWC, src_shape: (640, 640, 3), dst_order: NHCW, dst_shape: (640, 640, 3)) >> (PushQEl1detectorYOLO26n/input_layer1 | timeout: 10s) >> (HwWriteEl1detectorYOLO26n/input_layer1 | hw_frame_size: 1228800) >> HW
[2026-03-31 14:06:18.492] [8275] [HailoRT] [info] [edge_elements.cpp:287] [create] Created (HwReadEl0detectorYOLO26n/concat23 | hw_frame_size: 42000)
[2026-03-31 14:06:18.492] [8275] [HailoRT] [info] [queue_elements.cpp:800] [create] Created (UserBuffQEl0detectorYOLO26n/concat23 | timeout: 10s)
[2026-03-31 14:06:18.492] [8275] [HailoRT] [info] [vstream.cpp:1114] [OutputVStreamImpl] Creating detectorYOLO26n/concat23...
[2026-03-31 14:06:18.492] [8275] [HailoRT] [info] [vstream_builder.cpp:220] [create_outputs] Output pipeline 'detectorYOLO26n/concat23': HW >> (HwReadEl0detectorYOLO26n/concat23 | hw_frame_size: 42000) >> (UserBuffQEl0detectorYOLO26n/concat23 | timeout: 10s)
[2026-03-31 14:06:18.508] [9718] [HailoRT] [info] [queue_elements.cpp:855] [run_in_thread] Shutdown event was signaled in dequeue of UserBuffQEl0detectorYOLO26n/concat23!
[2026-03-31 14:06:18.508] [9718] [HailoRT] [info] [queue_elements.cpp:68] [operator()] Thread in element UserBuffQEl0detectorYOLO26n/concat23 is not running anymore, exiting..
[2026-03-31 14:06:18.508] [8275] [HailoRT] [info] [queue_elements.cpp:46] [~BaseQueueElement] Queue element UserBuffQEl0detectorYOLO26n/concat23 has 0 frames in his Queue on destruction
[2026-03-31 14:06:18.508] [9717] [HailoRT] [info] [queue_elements.cpp:68] [operator()] Thread in element PushQEl1detectorYOLO26n/input_layer1 is not running anymore, exiting..
[2026-03-31 14:06:18.508] [8275] [HailoRT] [info] [queue_elements.cpp:46] [~BaseQueueElement] Queue element PushQEl1detectorYOLO26n/input_layer1 has 0 frames in his Queue on destruction
[2026-03-31 14:06:18.509] [8275] [HailoRT] [info] [core_op.cpp:186] [deactivate] Deactivating took 0.601092 ms
[2026-03-31 14:06:18.509] [8275] [HailoRT] [info] [core_op.cpp:186] [deactivate] Deactivating took 0.61048 ms
[2026-03-31 14:06:18.563] [8275] [HailoRT] [info] [core_op.cpp:156] [activate] Activating detectorYOLO26n took 0.329166 milliseconds. Note that the function is asynchronous and thus the network is not fully activated yet.
[2026-03-31 14:06:18.563] [8275] [HailoRT] [info] [core_op.cpp:156] [activate] Activating detectorYOLO26n took 0.368573 milliseconds. Note that the function is asynchronous and thus the network is not fully activated yet.
[2026-03-31 14:06:18.563] [8275] [HailoRT] [info] [edge_elements.cpp:52] [create] Created (HwWriteEl1detectorYOLO26n/input_layer1 | hw_frame_size: 1228800)
[2026-03-31 14:06:18.563] [8275] [HailoRT] [info] [queue_elements.cpp:284] [create] Created (PushQEl1detectorYOLO26n/input_layer1 | timeout: 10s)
[2026-03-31 14:06:18.563] [8275] [HailoRT] [info] [filter_elements.cpp:101] [create] Created (PreInferEl1detectorYOLO26n/input_layer1 | Reorder - src_order: NHWC, src_shape: (640, 640, 3), dst_order: NHCW, dst_shape: (640, 640, 3))
[2026-03-31 14:06:18.563] [8275] [HailoRT] [info] [vstream.cpp:754] [InputVStreamImpl] Creating detectorYOLO26n/input_layer1...
[2026-03-31 14:06:18.563] [8275] [HailoRT] [info] [vstream_builder.cpp:102] [create_inputs] Input pipeline 'detectorYOLO26n/input_layer1': (PreInferEl1detectorYOLO26n/input_layer1 | Reorder - src_order: NHWC, src_shape: (640, 640, 3), dst_order: NHCW, dst_shape: (640, 640, 3)) >> (PushQEl1detectorYOLO26n/input_layer1 | timeout: 10s) >> (HwWriteEl1detectorYOLO26n/input_layer1 | hw_frame_size: 1228800) >> HW
[2026-03-31 14:06:18.563] [8275] [HailoRT] [info] [edge_elements.cpp:287] [create] Created (HwReadEl0detectorYOLO26n/concat23 | hw_frame_size: 42000)
[2026-03-31 14:06:18.563] [8275] [HailoRT] [info] [queue_elements.cpp:800] [create] Created (UserBuffQEl0detectorYOLO26n/concat23 | timeout: 10s)
[2026-03-31 14:06:18.563] [8275] [HailoRT] [info] [vstream.cpp:1114] [OutputVStreamImpl] Creating detectorYOLO26n/concat23...
[2026-03-31 14:06:18.563] [8275] [HailoRT] [info] [vstream_builder.cpp:220] [create_outputs] Output pipeline 'detectorYOLO26n/concat23': HW >> (HwReadEl0detectorYOLO26n/concat23 | hw_frame_size: 42000) >> (UserBuffQEl0detectorYOLO26n/concat23 | timeout: 10s)
[2026-03-31 14:06:18.579] [9722] [HailoRT] [info] [queue_elements.cpp:855] [run_in_thread] Shutdown event was signaled in dequeue of UserBuffQEl0detectorYOLO26n/concat23!
[2026-03-31 14:06:18.579] [9722] [HailoRT] [info] [queue_elements.cpp:68] [operator()] Thread in element UserBuffQEl0detectorYOLO26n/concat23 is not running anymore, exiting..
[2026-03-31 14:06:18.579] [8275] [HailoRT] [info] [queue_elements.cpp:46] [~BaseQueueElement] Queue element UserBuffQEl0detectorYOLO26n/concat23 has 0 frames in his Queue on destruction
[2026-03-31 14:06:18.579] [9721] [HailoRT] [info] [queue_elements.cpp:68] [operator()] Thread in element PushQEl1detectorYOLO26n/input_layer1 is not running anymore, exiting..
[2026-03-31 14:06:18.579] [8275] [HailoRT] [info] [queue_elements.cpp:46] [~BaseQueueElement] Queue element PushQEl1detectorYOLO26n/input_layer1 has 0 frames in his Queue on destruction
[2026-03-31 14:06:18.580] [8275] [HailoRT] [info] [core_op.cpp:186] [deactivate] Deactivating took 0.61861 ms
[2026-03-31 14:06:18.580] [8275] [HailoRT] [info] [core_op.cpp:186] [deactivate] Deactivating took 0.631684 ms
[2026-03-31 14:06:18.630] [8275] [HailoRT] [info] [core_op.cpp:156] [activate] Activating detectorYOLO26n took 0.278814 milliseconds. Note that the function is asynchronous and thus the network is not fully activated yet.
[2026-03-31 14:06:18.630] [8275] [HailoRT] [info] [core_op.cpp:156] [activate] Activating detectorYOLO26n took 0.303777 milliseconds. Note that the function is asynchronous and thus the network is not fully activated yet.
[2026-03-31 14:06:18.631] [8275] [HailoRT] [info] [edge_elements.cpp:52] [create] Created (HwWriteEl1detectorYOLO26n/input_layer1 | hw_frame_size: 1228800)
[2026-03-31 14:06:18.631] [8275] [HailoRT] [info] [queue_elements.cpp:284] [create] Created (PushQEl1detectorYOLO26n/input_layer1 | timeout: 10s)
[2026-03-31 14:06:18.631] [8275] [HailoRT] [info] [filter_elements.cpp:101] [create] Created (PreInferEl1detectorYOLO26n/input_layer1 | Reorder - src_order: NHWC, src_shape: (640, 640, 3), dst_order: NHCW, dst_shape: (640, 640, 3))
[2026-03-31 14:06:18.631] [8275] [HailoRT] [info] [vstream.cpp:754] [InputVStreamImpl] Creating detectorYOLO26n/input_layer1...
[2026-03-31 14:06:18.631] [8275] [HailoRT] [info] [vstream_builder.cpp:102] [create_inputs] Input pipeline 'detectorYOLO26n/input_layer1': (PreInferEl1detectorYOLO26n/input_layer1 | Reorder - src_order: NHWC, src_shape: (640, 640, 3), dst_order: NHCW, dst_shape: (640, 640, 3)) >> (PushQEl1detectorYOLO26n/input_layer1 | timeout: 10s) >> (HwWriteEl1detectorYOLO26n/input_layer1 | hw_frame_size: 1228800) >> HW
[2026-03-31 14:06:18.631] [8275] [HailoRT] [info] [edge_elements.cpp:287] [create] Created (HwReadEl0detectorYOLO26n/concat23 | hw_frame_size: 42000)
[2026-03-31 14:06:18.631] [8275] [HailoRT] [info] [queue_elements.cpp:800] [create] Created (UserBuffQEl0detectorYOLO26n/concat23 | timeout: 10s)
[2026-03-31 14:06:18.631] [8275] [HailoRT] [info] [vstream.cpp:1114] [OutputVStreamImpl] Creating detectorYOLO26n/concat23...
[2026-03-31 14:06:18.631] [8275] [HailoRT] [info] [vstream_builder.cpp:220] [create_outputs] Output pipeline 'detectorYOLO26n/concat23': HW >> (HwReadEl0detectorYOLO26n/concat23 | hw_frame_size: 42000) >> (UserBuffQEl0detectorYOLO26n/concat23 | timeout: 10s)
[2026-03-31 14:06:18.646] [9726] [HailoRT] [info] [queue_elements.cpp:855] [run_in_thread] Shutdown event was signaled in dequeue of UserBuffQEl0detectorYOLO26n/concat23!
[2026-03-31 14:06:18.646] [9726] [HailoRT] [info] [queue_elements.cpp:68] [operator()] Thread in element UserBuffQEl0detectorYOLO26n/concat23 is not running anymore, exiting..
[2026-03-31 14:06:18.646] [8275] [HailoRT] [info] [queue_elements.cpp:46] [~BaseQueueElement] Queue element UserBuffQEl0detectorYOLO26n/concat23 has 0 frames in his Queue on destruction
[2026-03-31 14:06:18.646] [9725] [HailoRT] [info] [queue_elements.cpp:68] [operator()] Thread in element PushQEl1detectorYOLO26n/input_layer1 is not running anymore, exiting..
[2026-03-31 14:06:18.646] [8275] [HailoRT] [info] [queue_elements.cpp:46] [~BaseQueueElement] Queue element PushQEl1detectorYOLO26n/input_layer1 has 0 frames in his Queue on destruction
[2026-03-31 14:06:18.647] [8275] [HailoRT] [info] [core_op.cpp:186] [deactivate] Deactivating took 0.601684 ms
[2026-03-31 14:06:18.647] [8275] [HailoRT] [info] [core_op.cpp:186] [deactivate] Deactivating took 0.611462 ms
[2026-03-31 14:06:18.698] [8275] [HailoRT] [info] [core_op.cpp:156] [activate] Activating detectorYOLO26n took 0.264907 milliseconds. Note that the function is asynchronous and thus the network is not fully activated yet.
[2026-03-31 14:06:18.698] [8275] [HailoRT] [info] [core_op.cpp:156] [activate] Activating detectorYOLO26n took 0.285703 milliseconds. Note that the function is asynchronous and thus the network is not fully activated yet.
[2026-03-31 14:06:18.698] [8275] [HailoRT] [info] [edge_elements.cpp:52] [create] Created (HwWriteEl1detectorYOLO26n/input_layer1 | hw_frame_size: 1228800)
[2026-03-31 14:06:18.698] [8275] [HailoRT] [info] [queue_elements.cpp:284] [create] Created (PushQEl1detectorYOLO26n/input_layer1 | timeout: 10s)
[2026-03-31 14:06:18.698] [8275] [HailoRT] [info] [filter_elements.cpp:101] [create] Created (PreInferEl1detectorYOLO26n/input_layer1 | Reorder - src_order: NHWC, src_shape: (640, 640, 3), dst_order: NHCW, dst_shape: (640, 640, 3))
[2026-03-31 14:06:18.698] [8275] [HailoRT] [info] [vstream.cpp:754] [InputVStreamImpl] Creating detectorYOLO26n/input_layer1...
[2026-03-31 14:06:18.698] [8275] [HailoRT] [info] [vstream_builder.cpp:102] [create_inputs] Input pipeline 'detectorYOLO26n/input_layer1': (PreInferEl1detectorYOLO26n/input_layer1 | Reorder - src_order: NHWC, src_shape: (640, 640, 3), dst_order: NHCW, dst_shape: (640, 640, 3)) >> (PushQEl1detectorYOLO26n/input_layer1 | timeout: 10s) >> (HwWriteEl1detectorYOLO26n/input_layer1 | hw_frame_size: 1228800) >> HW
[2026-03-31 14:06:18.698] [8275] [HailoRT] [info] [edge_elements.cpp:287] [create] Created (HwReadEl0detectorYOLO26n/concat23 | hw_frame_size: 42000)
[2026-03-31 14:06:18.698] [8275] [HailoRT] [info] [queue_elements.cpp:800] [create] Created (UserBuffQEl0detectorYOLO26n/concat23 | timeout: 10s)
[2026-03-31 14:06:18.698] [8275] [HailoRT] [info] [vstream.cpp:1114] [OutputVStreamImpl] Creating detectorYOLO26n/concat23...
[2026-03-31 14:06:18.698] [8275] [HailoRT] [info] [vstream_builder.cpp:220] [create_outputs] Output pipeline 'detectorYOLO26n/concat23': HW >> (HwReadEl0detectorYOLO26n/concat23 | hw_frame_size: 42000) >> (UserBuffQEl0detectorYOLO26n/concat23 | timeout: 10s)
[2026-03-31 14:06:18.714] [9730] [HailoRT] [info] [queue_elements.cpp:855] [run_in_thread] Shutdown event was signaled in dequeue of UserBuffQEl0detectorYOLO26n/concat23!
[2026-03-31 14:06:18.714] [9730] [HailoRT] [info] [queue_elements.cpp:68] [operator()] Thread in element UserBuffQEl0detectorYOLO26n/concat23 is not running anymore, exiting..
[2026-03-31 14:06:18.714] [8275] [HailoRT] [info] [queue_elements.cpp:46] [~BaseQueueElement] Queue element UserBuffQEl0detectorYOLO26n/concat23 has 0 frames in his Queue on destruction
[2026-03-31 14:06:18.714] [9729] [HailoRT] [info] [queue_elements.cpp:68] [operator()] Thread in element PushQEl1detectorYOLO26n/input_layer1 is not running anymore, exiting..
[2026-03-31 14:06:18.714] [8275] [HailoRT] [info] [queue_elements.cpp:46] [~BaseQueueElement] Queue element PushQEl1detectorYOLO26n/input_layer1 has 0 frames in his Queue on destruction
[2026-03-31 14:06:18.714] [8275] [HailoRT] [info] [core_op.cpp:186] [deactivate] Deactivating took 0.600628 ms
[2026-03-31 14:06:18.714] [8275] [HailoRT] [info] [core_op.cpp:186] [deactivate] Deactivating took 0.609888 ms
[2026-03-31 14:06:18.766] [8275] [HailoRT] [info] [core_op.cpp:156] [activate] Activating detectorYOLO26n took 0.27887 milliseconds. Note that the function is asynchronous and thus the network is not fully activated yet.
[2026-03-31 14:06:18.766] [8275] [HailoRT] [info] [core_op.cpp:156] [activate] Activating detectorYOLO26n took 0.304352 milliseconds. Note that the function is asynchronous and thus the network is not fully activated yet.
[2026-03-31 14:06:18.766] [8275] [HailoRT] [info] [edge_elements.cpp:52] [create] Created (HwWriteEl1detectorYOLO26n/input_layer1 | hw_frame_size: 1228800)
[2026-03-31 14:06:18.766] [8275] [HailoRT] [info] [queue_elements.cpp:284] [create] Created (PushQEl1detectorYOLO26n/input_layer1 | timeout: 10s)
[2026-03-31 14:06:18.766] [8275] [HailoRT] [info] [filter_elements.cpp:101] [create] Created (PreInferEl1detectorYOLO26n/input_layer1 | Reorder - src_order: NHWC, src_shape: (640, 640, 3), dst_order: NHCW, dst_shape: (640, 640, 3))
[2026-03-31 14:06:18.766] [8275] [HailoRT] [info] [vstream.cpp:754] [InputVStreamImpl] Creating detectorYOLO26n/input_layer1...
[2026-03-31 14:06:18.766] [8275] [HailoRT] [info] [vstream_builder.cpp:102] [create_inputs] Input pipeline 'detectorYOLO26n/input_layer1': (PreInferEl1detectorYOLO26n/input_layer1 | Reorder - src_order: NHWC, src_shape: (640, 640, 3), dst_order: NHCW, dst_shape: (640, 640, 3)) >> (PushQEl1detectorYOLO26n/input_layer1 | timeout: 10s) >> (HwWriteEl1detectorYOLO26n/input_layer1 | hw_frame_size: 1228800) >> HW
[2026-03-31 14:06:18.766] [8275] [HailoRT] [info] [edge_elements.cpp:287] [create] Created (HwReadEl0detectorYOLO26n/concat23 | hw_frame_size: 42000)
[2026-03-31 14:06:18.766] [8275] [HailoRT] [info] [queue_elements.cpp:800] [create] Created (UserBuffQEl0detectorYOLO26n/concat23 | timeout: 10s)
[2026-03-31 14:06:18.766] [8275] [HailoRT] [info] [vstream.cpp:1114] [OutputVStreamImpl] Creating detectorYOLO26n/concat23...
[2026-03-31 14:06:18.766] [8275] [HailoRT] [info] [vstream_builder.cpp:220] [create_outputs] Output pipeline 'detectorYOLO26n/concat23': HW >> (HwReadEl0detectorYOLO26n/concat23 | hw_frame_size: 42000) >> (UserBuffQEl0detectorYOLO26n/concat23 | timeout: 10s)
[2026-03-31 14:06:18.782] [9734] [HailoRT] [info] [queue_elements.cpp:855] [run_in_thread] Shutdown event was signaled in dequeue of UserBuffQEl0detectorYOLO26n/concat23!
[2026-03-31 14:06:18.782] [9734] [HailoRT] [info] [queue_elements.cpp:68] [operator()] Thread in element UserBuffQEl0detectorYOLO26n/concat23 is not running anymore, exiting..
[2026-03-31 14:06:18.782] [8275] [HailoRT] [info] [queue_elements.cpp:46] [~BaseQueueElement] Queue element UserBuffQEl0detectorYOLO26n/concat23 has 0 frames in his Queue on destruction
[2026-03-31 14:06:18.782] [9733] [HailoRT] [info] [queue_elements.cpp:68] [operator()] Thread in element PushQEl1detectorYOLO26n/input_layer1 is not running anymore, exiting..
[2026-03-31 14:06:18.782] [8275] [HailoRT] [info] [queue_elements.cpp:46] [~BaseQueueElement] Queue element PushQEl1detectorYOLO26n/input_layer1 has 0 frames in his Queue on destruction
[2026-03-31 14:06:18.782] [8275] [HailoRT] [info] [core_op.cpp:186] [deactivate] Deactivating took 0.610221 ms
[2026-03-31 14:06:18.782] [8275] [HailoRT] [info] [core_op.cpp:186] [deactivate] Deactivating took 0.619369 ms
[2026-03-31 14:06:18.839] [8275] [HailoRT] [info] [core_op.cpp:156] [activate] Activating detectorYOLO26n took 0.286037 milliseconds. Note that the function is asynchronous and thus the network is not fully activated yet.
[2026-03-31 14:06:18.840] [8275] [HailoRT] [info] [core_op.cpp:156] [activate] Activating detectorYOLO26n took 0.372592 milliseconds. Note that the function is asynchronous and thus the network is not fully activated yet.
[2026-03-31 14:06:18.840] [8275] [HailoRT] [info] [edge_elements.cpp:52] [create] Created (HwWriteEl1detectorYOLO26n/input_layer1 | hw_frame_size: 1228800)
[2026-03-31 14:06:18.840] [8275] [HailoRT] [info] [queue_elements.cpp:284] [create] Created (PushQEl1detectorYOLO26n/input_layer1 | timeout: 10s)
[2026-03-31 14:06:18.840] [8275] [HailoRT] [info] [filter_elements.cpp:101] [create] Created (PreInferEl1detectorYOLO26n/input_layer1 | Reorder - src_order: NHWC, src_shape: (640, 640, 3), dst_order: NHCW, dst_shape: (640, 640, 3))
[2026-03-31 14:06:18.840] [8275] [HailoRT] [info] [vstream.cpp:754] [InputVStreamImpl] Creating detectorYOLO26n/input_layer1...
[2026-03-31 14:06:18.840] [8275] [HailoRT] [info] [vstream_builder.cpp:102] [create_inputs] Input pipeline 'detectorYOLO26n/input_layer1': (PreInferEl1detectorYOLO26n/input_layer1 | Reorder - src_order: NHWC, src_shape: (640, 640, 3), dst_order: NHCW, dst_shape: (640, 640, 3)) >> (PushQEl1detectorYOLO26n/input_layer1 | timeout: 10s) >> (HwWriteEl1detectorYOLO26n/input_layer1 | hw_frame_size: 1228800) >> HW
[2026-03-31 14:06:18.840] [8275] [HailoRT] [info] [edge_elements.cpp:287] [create] Created (HwReadEl0detectorYOLO26n/concat23 | hw_frame_size: 42000)
[2026-03-31 14:06:18.840] [8275] [HailoRT] [info] [queue_elements.cpp:800] [create] Created (UserBuffQEl0detectorYOLO26n/concat23 | timeout: 10s)
[2026-03-31 14:06:18.840] [8275] [HailoRT] [info] [vstream.cpp:1114] [OutputVStreamImpl] Creating detectorYOLO26n/concat23...
[2026-03-31 14:06:18.840] [8275] [HailoRT] [info] [vstream_builder.cpp:220] [create_outputs] Output pipeline 'detectorYOLO26n/concat23': HW >> (HwReadEl0detectorYOLO26n/concat23 | hw_frame_size: 42000) >> (UserBuffQEl0detectorYOLO26n/concat23 | timeout: 10s)
[2026-03-31 14:06:18.856] [9738] [HailoRT] [info] [queue_elements.cpp:855] [run_in_thread] Shutdown event was signaled in dequeue of UserBuffQEl0detectorYOLO26n/concat23!
[2026-03-31 14:06:18.856] [9738] [HailoRT] [info] [queue_elements.cpp:68] [operator()] Thread in element UserBuffQEl0detectorYOLO26n/concat23 is not running anymore, exiting..
[2026-03-31 14:06:18.856] [8275] [HailoRT] [info] [queue_elements.cpp:46] [~BaseQueueElement] Queue element UserBuffQEl0detectorYOLO26n/concat23 has 0 frames in his Queue on destruction
[2026-03-31 14:06:18.856] [9737] [HailoRT] [info] [queue_elements.cpp:68] [operator()] Thread in element PushQEl1detectorYOLO26n/input_layer1 is not running anymore, exiting..
[2026-03-31 14:06:18.856] [8275] [HailoRT] [info] [queue_elements.cpp:46] [~BaseQueueElement] Queue element PushQEl1detectorYOLO26n/input_layer1 has 0 frames in his Queue on destruction
[2026-03-31 14:06:18.857] [8275] [HailoRT] [info] [core_op.cpp:186] [deactivate] Deactivating took 0.601647 ms
[2026-03-31 14:06:18.857] [8275] [HailoRT] [info] [core_op.cpp:186] [deactivate] Deactivating took 0.611073 ms
[2026-03-31 14:06:18.909] [8275] [HailoRT] [info] [core_op.cpp:156] [activate] Activating detectorYOLO26n took 0.272388 milliseconds. Note that the function is asynchronous and thus the network is not fully activated yet.
[2026-03-31 14:06:18.909] [8275] [HailoRT] [info] [core_op.cpp:156] [activate] Activating detectorYOLO26n took 0.297777 milliseconds. Note that the function is asynchronous and thus the network is not fully activated yet.
[2026-03-31 14:06:18.909] [8275] [HailoRT] [info] [edge_elements.cpp:52] [create] Created (HwWriteEl1detectorYOLO26n/input_layer1 | hw_frame_size: 1228800)
[2026-03-31 14:06:18.909] [8275] [HailoRT] [info] [queue_elements.cpp:284] [create] Created (PushQEl1detectorYOLO26n/input_layer1 | timeout: 10s)
[2026-03-31 14:06:18.909] [8275] [HailoRT] [info] [filter_elements.cpp:101] [create] Created (PreInferEl1detectorYOLO26n/input_layer1 | Reorder - src_order: NHWC, src_shape: (640, 640, 3), dst_order: NHCW, dst_shape: (640, 640, 3))
[2026-03-31 14:06:18.909] [8275] [HailoRT] [info] [vstream.cpp:754] [InputVStreamImpl] Creating detectorYOLO26n/input_layer1...
[2026-03-31 14:06:18.909] [8275] [HailoRT] [info] [vstream_builder.cpp:102] [create_inputs] Input pipeline 'detectorYOLO26n/input_layer1': (PreInferEl1detectorYOLO26n/input_layer1 | Reorder - src_order: NHWC, src_shape: (640, 640, 3), dst_order: NHCW, dst_shape: (640, 640, 3)) >> (PushQEl1detectorYOLO26n/input_layer1 | timeout: 10s) >> (HwWriteEl1detectorYOLO26n/input_layer1 | hw_frame_size: 1228800) >> HW
[2026-03-31 14:06:18.909] [8275] [HailoRT] [info] [edge_elements.cpp:287] [create] Created (HwReadEl0detectorYOLO26n/concat23 | hw_frame_size: 42000)
[2026-03-31 14:06:18.909] [8275] [HailoRT] [info] [queue_elements.cpp:800] [create] Created (UserBuffQEl0detectorYOLO26n/concat23 | timeout: 10s)
[2026-03-31 14:06:18.909] [8275] [HailoRT] [info] [vstream.cpp:1114] [OutputVStreamImpl] Creating detectorYOLO26n/concat23...
[2026-03-31 14:06:18.909] [8275] [HailoRT] [info] [vstream_builder.cpp:220] [create_outputs] Output pipeline 'detectorYOLO26n/concat23': HW >> (HwReadEl0detectorYOLO26n/concat23 | hw_frame_size: 42000) >> (UserBuffQEl0detectorYOLO26n/concat23 | timeout: 10s)
[2026-03-31 14:06:18.926] [9742] [HailoRT] [info] [queue_elements.cpp:855] [run_in_thread] Shutdown event was signaled in dequeue of UserBuffQEl0detectorYOLO26n/concat23!
[2026-03-31 14:06:18.926] [9742] [HailoRT] [info] [queue_elements.cpp:68] [operator()] Thread in element UserBuffQEl0detectorYOLO26n/concat23 is not running anymore, exiting..
[2026-03-31 14:06:18.926] [8275] [HailoRT] [info] [queue_elements.cpp:46] [~BaseQueueElement] Queue element UserBuffQEl0detectorYOLO26n/concat23 has 0 frames in his Queue on destruction
[2026-03-31 14:06:18.926] [9741] [HailoRT] [info] [queue_elements.cpp:68] [operator()] Thread in element PushQEl1detectorYOLO26n/input_layer1 is not running anymore, exiting..
[2026-03-31 14:06:18.926] [8275] [HailoRT] [info] [queue_elements.cpp:46] [~BaseQueueElement] Queue element PushQEl1detectorYOLO26n/input_layer1 has 0 frames in his Queue on destruction
[2026-03-31 14:06:18.926] [8275] [HailoRT] [info] [core_op.cpp:186] [deactivate] Deactivating took 0.539387 ms
[2026-03-31 14:06:18.926] [8275] [HailoRT] [info] [core_op.cpp:186] [deactivate] Deactivating took 0.549147 ms
[2026-03-31 14:06:18.979] [8275] [HailoRT] [info] [core_op.cpp:156] [activate] Activating detectorYOLO26n took 0.262536 milliseconds. Note that the function is asynchronous and thus the network is not fully activated yet.
[2026-03-31 14:06:18.979] [8275] [HailoRT] [info] [core_op.cpp:156] [activate] Activating detectorYOLO26n took 0.302147 milliseconds. Note that the function is asynchronous and thus the network is not fully activated yet.
[2026-03-31 14:06:18.979] [8275] [HailoRT] [info] [edge_elements.cpp:52] [create] Created (HwWriteEl1detectorYOLO26n/input_layer1 | hw_frame_size: 1228800)
[2026-03-31 14:06:18.979] [8275] [HailoRT] [info] [queue_elements.cpp:284] [create] Created (PushQEl1detectorYOLO26n/input_layer1 | timeout: 10s)
[2026-03-31 14:06:18.979] [8275] [HailoRT] [info] [filter_elements.cpp:101] [create] Created (PreInferEl1detectorYOLO26n/input_layer1 | Reorder - src_order: NHWC, src_shape: (640, 640, 3), dst_order: NHCW, dst_shape: (640, 640, 3))
[2026-03-31 14:06:18.979] [8275] [HailoRT] [info] [vstream.cpp:754] [InputVStreamImpl] Creating detectorYOLO26n/input_layer1...
[2026-03-31 14:06:18.979] [8275] [HailoRT] [info] [vstream_builder.cpp:102] [create_inputs] Input pipeline 'detectorYOLO26n/input_layer1': (PreInferEl1detectorYOLO26n/input_layer1 | Reorder - src_order: NHWC, src_shape: (640, 640, 3), dst_order: NHCW, dst_shape: (640, 640, 3)) >> (PushQEl1detectorYOLO26n/input_layer1 | timeout: 10s) >> (HwWriteEl1detectorYOLO26n/input_layer1 | hw_frame_size: 1228800) >> HW
[2026-03-31 14:06:18.979] [8275] [HailoRT] [info] [edge_elements.cpp:287] [create] Created (HwReadEl0detectorYOLO26n/concat23 | hw_frame_size: 42000)
[2026-03-31 14:06:18.979] [8275] [HailoRT] [info] [queue_elements.cpp:800] [create] Created (UserBuffQEl0detectorYOLO26n/concat23 | timeout: 10s)
[2026-03-31 14:06:18.979] [8275] [HailoRT] [info] [vstream.cpp:1114] [OutputVStreamImpl] Creating detectorYOLO26n/concat23...
[2026-03-31 14:06:18.979] [8275] [HailoRT] [info] [vstream_builder.cpp:220] [create_outputs] Output pipeline 'detectorYOLO26n/concat23': HW >> (HwReadEl0detectorYOLO26n/concat23 | hw_frame_size: 42000) >> (UserBuffQEl0detectorYOLO26n/concat23 | timeout: 10s)
[2026-03-31 14:06:18.995] [9746] [HailoRT] [info] [queue_elements.cpp:855] [run_in_thread] Shutdown event was signaled in dequeue of UserBuffQEl0detectorYOLO26n/concat23!
[2026-03-31 14:06:18.995] [9746] [HailoRT] [info] [queue_elements.cpp:68] [operator()] Thread in element UserBuffQEl0detectorYOLO26n/concat23 is not running anymore, exiting..
[2026-03-31 14:06:18.995] [8275] [HailoRT] [info] [queue_elements.cpp:46] [~BaseQueueElement] Queue element UserBuffQEl0detectorYOLO26n/concat23 has 0 frames in his Queue on destruction
[2026-03-31 14:06:18.995] [9745] [HailoRT] [info] [queue_elements.cpp:68] [operator()] Thread in element PushQEl1detectorYOLO26n/input_layer1 is not running anymore, exiting..
[2026-03-31 14:06:18.995] [8275] [HailoRT] [info] [queue_elements.cpp:46] [~BaseQueueElement] Queue element PushQEl1detectorYOLO26n/input_layer1 has 0 frames in his Queue on destruction
[2026-03-31 14:06:18.996] [8275] [HailoRT] [info] [core_op.cpp:186] [deactivate] Deactivating took 0.604646 ms
[2026-03-31 14:06:18.996] [8275] [HailoRT] [info] [core_op.cpp:186] [deactivate] Deactivating took 0.61361 ms
[2026-03-31 14:06:19.049] [8275] [HailoRT] [info] [core_op.cpp:156] [activate] Activating detectorYOLO26n took 0.281833 milliseconds. Note that the function is asynchronous and thus the network is not fully activated yet.
[2026-03-31 14:06:19.049] [8275] [HailoRT] [info] [core_op.cpp:156] [activate] Activating detectorYOLO26n took 0.34924 milliseconds. Note that the function is asynchronous and thus the network is not fully activated yet.
[2026-03-31 14:06:19.049] [8275] [HailoRT] [info] [edge_elements.cpp:52] [create] Created (HwWriteEl1detectorYOLO26n/input_layer1 | hw_frame_size: 1228800)
[2026-03-31 14:06:19.050] [8275] [HailoRT] [info] [queue_elements.cpp:284] [create] Created (PushQEl1detectorYOLO26n/input_layer1 | timeout: 10s)
[2026-03-31 14:06:19.050] [8275] [HailoRT] [info] [filter_elements.cpp:101] [create] Created (PreInferEl1detectorYOLO26n/input_layer1 | Reorder - src_order: NHWC, src_shape: (640, 640, 3), dst_order: NHCW, dst_shape: (640, 640, 3))
[2026-03-31 14:06:19.050] [8275] [HailoRT] [info] [vstream.cpp:754] [InputVStreamImpl] Creating detectorYOLO26n/input_layer1...
[2026-03-31 14:06:19.050] [8275] [HailoRT] [info] [vstream_builder.cpp:102] [create_inputs] Input pipeline 'detectorYOLO26n/input_layer1': (PreInferEl1detectorYOLO26n/input_layer1 | Reorder - src_order: NHWC, src_shape: (640, 640, 3), dst_order: NHCW, dst_shape: (640, 640, 3)) >> (PushQEl1detectorYOLO26n/input_layer1 | timeout: 10s) >> (HwWriteEl1detectorYOLO26n/input_layer1 | hw_frame_size: 1228800) >> HW
[2026-03-31 14:06:19.050] [8275] [HailoRT] [info] [edge_elements.cpp:287] [create] Created (HwReadEl0detectorYOLO26n/concat23 | hw_frame_size: 42000)
[2026-03-31 14:06:19.050] [8275] [HailoRT] [info] [queue_elements.cpp:800] [create] Created (UserBuffQEl0detectorYOLO26n/concat23 | timeout: 10s)
[2026-03-31 14:06:19.050] [8275] [HailoRT] [info] [vstream.cpp:1114] [OutputVStreamImpl] Creating detectorYOLO26n/concat23...
[2026-03-31 14:06:19.050] [8275] [HailoRT] [info] [vstream_builder.cpp:220] [create_outputs] Output pipeline 'detectorYOLO26n/concat23': HW >> (HwReadEl0detectorYOLO26n/concat23 | hw_frame_size: 42000) >> (UserBuffQEl0detectorYOLO26n/concat23 | timeout: 10s)
[2026-03-31 14:06:19.065] [9750] [HailoRT] [info] [queue_elements.cpp:855] [run_in_thread] Shutdown event was signaled in dequeue of UserBuffQEl0detectorYOLO26n/concat23!
[2026-03-31 14:06:19.065] [9750] [HailoRT] [info] [queue_elements.cpp:68] [operator()] Thread in element UserBuffQEl0detectorYOLO26n/concat23 is not running anymore, exiting..
[2026-03-31 14:06:19.065] [8275] [HailoRT] [info] [queue_elements.cpp:46] [~BaseQueueElement] Queue element UserBuffQEl0detectorYOLO26n/concat23 has 0 frames in his Queue on destruction
[2026-03-31 14:06:19.065] [9749] [HailoRT] [info] [queue_elements.cpp:68] [operator()] Thread in element PushQEl1detectorYOLO26n/input_layer1 is not running anymore, exiting..
[2026-03-31 14:06:19.065] [8275] [HailoRT] [info] [queue_elements.cpp:46] [~BaseQueueElement] Queue element PushQEl1detectorYOLO26n/input_layer1 has 0 frames in his Queue on destruction
[2026-03-31 14:06:19.066] [8275] [HailoRT] [info] [core_op.cpp:186] [deactivate] Deactivating took 0.601572 ms
[2026-03-31 14:06:19.066] [8275] [HailoRT] [info] [core_op.cpp:186] [deactivate] Deactivating took 0.611444 ms
[2026-03-31 14:06:19.118] [8275] [HailoRT] [info] [core_op.cpp:156] [activate] Activating detectorYOLO26n took 0.269481 milliseconds. Note that the function is asynchronous and thus the network is not fully activated yet.
[2026-03-31 14:06:19.118] [8275] [HailoRT] [info] [core_op.cpp:156] [activate] Activating detectorYOLO26n took 0.29374 milliseconds. Note that the function is asynchronous and thus the network is not fully activated yet.
[2026-03-31 14:06:19.118] [8275] [HailoRT] [info] [edge_elements.cpp:52] [create] Created (HwWriteEl1detectorYOLO26n/input_layer1 | hw_frame_size: 1228800)
[2026-03-31 14:06:19.118] [8275] [HailoRT] [info] [queue_elements.cpp:284] [create] Created (PushQEl1detectorYOLO26n/input_layer1 | timeout: 10s)
[2026-03-31 14:06:19.118] [8275] [HailoRT] [info] [filter_elements.cpp:101] [create] Created (PreInferEl1detectorYOLO26n/input_layer1 | Reorder - src_order: NHWC, src_shape: (640, 640, 3), dst_order: NHCW, dst_shape: (640, 640, 3))
[2026-03-31 14:06:19.119] [8275] [HailoRT] [info] [vstream.cpp:754] [InputVStreamImpl] Creating detectorYOLO26n/input_layer1...
[2026-03-31 14:06:19.119] [8275] [HailoRT] [info] [vstream_builder.cpp:102] [create_inputs] Input pipeline 'detectorYOLO26n/input_layer1': (PreInferEl1detectorYOLO26n/input_layer1 | Reorder - src_order: NHWC, src_shape: (640, 640, 3), dst_order: NHCW, dst_shape: (640, 640, 3)) >> (PushQEl1detectorYOLO26n/input_layer1 | timeout: 10s) >> (HwWriteEl1detectorYOLO26n/input_layer1 | hw_frame_size: 1228800) >> HW
[2026-03-31 14:06:19.119] [8275] [HailoRT] [info] [edge_elements.cpp:287] [create] Created (HwReadEl0detectorYOLO26n/concat23 | hw_frame_size: 42000)
[2026-03-31 14:06:19.119] [8275] [HailoRT] [info] [queue_elements.cpp:800] [create] Created (UserBuffQEl0detectorYOLO26n/concat23 | timeout: 10s)
[2026-03-31 14:06:19.119] [8275] [HailoRT] [info] [vstream.cpp:1114] [OutputVStreamImpl] Creating detectorYOLO26n/concat23...
[2026-03-31 14:06:19.119] [8275] [HailoRT] [info] [vstream_builder.cpp:220] [create_outputs] Output pipeline 'detectorYOLO26n/concat23': HW >> (HwReadEl0detectorYOLO26n/concat23 | hw_frame_size: 42000) >> (UserBuffQEl0detectorYOLO26n/concat23 | timeout: 10s)
[2026-03-31 14:06:19.135] [9754] [HailoRT] [info] [queue_elements.cpp:855] [run_in_thread] Shutdown event was signaled in dequeue of UserBuffQEl0detectorYOLO26n/concat23!
[2026-03-31 14:06:19.135] [9754] [HailoRT] [info] [queue_elements.cpp:68] [operator()] Thread in element UserBuffQEl0detectorYOLO26n/concat23 is not running anymore, exiting..
[2026-03-31 14:06:19.135] [8275] [HailoRT] [info] [queue_elements.cpp:46] [~BaseQueueElement] Queue element UserBuffQEl0detectorYOLO26n/concat23 has 0 frames in his Queue on destruction
[2026-03-31 14:06:19.135] [9753] [HailoRT] [info] [queue_elements.cpp:68] [operator()] Thread in element PushQEl1detectorYOLO26n/input_layer1 is not running anymore, exiting..
[2026-03-31 14:06:19.135] [8275] [HailoRT] [info] [queue_elements.cpp:46] [~BaseQueueElement] Queue element PushQEl1detectorYOLO26n/input_layer1 has 0 frames in his Queue on destruction
[2026-03-31 14:06:19.136] [8275] [HailoRT] [info] [core_op.cpp:186] [deactivate] Deactivating took 0.601906 ms
[2026-03-31 14:06:19.136] [8275] [HailoRT] [info] [core_op.cpp:186] [deactivate] Deactivating took 0.610592 ms
[2026-03-31 14:06:19.190] [8275] [HailoRT] [info] [core_op.cpp:156] [activate] Activating detectorYOLO26n took 0.275278 milliseconds. Note that the function is asynchronous and thus the network is not fully activated yet.
[2026-03-31 14:06:19.190] [8275] [HailoRT] [info] [core_op.cpp:156] [activate] Activating detectorYOLO26n took 0.301444 milliseconds. Note that the function is asynchronous and thus the network is not fully activated yet.
[2026-03-31 14:06:19.190] [8275] [HailoRT] [info] [edge_elements.cpp:52] [create] Created (HwWriteEl1detectorYOLO26n/input_layer1 | hw_frame_size: 1228800)
[2026-03-31 14:06:19.190] [8275] [HailoRT] [info] [queue_elements.cpp:284] [create] Created (PushQEl1detectorYOLO26n/input_layer1 | timeout: 10s)
[2026-03-31 14:06:19.190] [8275] [HailoRT] [info] [filter_elements.cpp:101] [create] Created (PreInferEl1detectorYOLO26n/input_layer1 | Reorder - src_order: NHWC, src_shape: (640, 640, 3), dst_order: NHCW, dst_shape: (640, 640, 3))
[2026-03-31 14:06:19.190] [8275] [HailoRT] [info] [vstream.cpp:754] [InputVStreamImpl] Creating detectorYOLO26n/input_layer1...
[2026-03-31 14:06:19.190] [8275] [HailoRT] [info] [vstream_builder.cpp:102] [create_inputs] Input pipeline 'detectorYOLO26n/input_layer1': (PreInferEl1detectorYOLO26n/input_layer1 | Reorder - src_order: NHWC, src_shape: (640, 640, 3), dst_order: NHCW, dst_shape: (640, 640, 3)) >> (PushQEl1detectorYOLO26n/input_layer1 | timeout: 10s) >> (HwWriteEl1detectorYOLO26n/input_layer1 | hw_frame_size: 1228800) >> HW
[2026-03-31 14:06:19.191] [8275] [HailoRT] [info] [edge_elements.cpp:287] [create] Created (HwReadEl0detectorYOLO26n/concat23 | hw_frame_size: 42000)
[2026-03-31 14:06:19.191] [8275] [HailoRT] [info] [queue_elements.cpp:800] [create] Created (UserBuffQEl0detectorYOLO26n/concat23 | timeout: 10s)
[2026-03-31 14:06:19.191] [8275] [HailoRT] [info] [vstream.cpp:1114] [OutputVStreamImpl] Creating detectorYOLO26n/concat23...
[2026-03-31 14:06:19.191] [8275] [HailoRT] [info] [vstream_builder.cpp:220] [create_outputs] Output pipeline 'detectorYOLO26n/concat23': HW >> (HwReadEl0detectorYOLO26n/concat23 | hw_frame_size: 42000) >> (UserBuffQEl0detectorYOLO26n/concat23 | timeout: 10s)
[2026-03-31 14:06:19.207] [9758] [HailoRT] [info] [queue_elements.cpp:855] [run_in_thread] Shutdown event was signaled in dequeue of UserBuffQEl0detectorYOLO26n/concat23!
[2026-03-31 14:06:19.207] [9758] [HailoRT] [info] [queue_elements.cpp:68] [operator()] Thread in element UserBuffQEl0detectorYOLO26n/concat23 is not running anymore, exiting..
[2026-03-31 14:06:19.207] [8275] [HailoRT] [info] [queue_elements.cpp:46] [~BaseQueueElement] Queue element UserBuffQEl0detectorYOLO26n/concat23 has 0 frames in his Queue on destruction
[2026-03-31 14:06:19.207] [9757] [HailoRT] [info] [queue_elements.cpp:68] [operator()] Thread in element PushQEl1detectorYOLO26n/input_layer1 is not running anymore, exiting..
[2026-03-31 14:06:19.207] [8275] [HailoRT] [info] [queue_elements.cpp:46] [~BaseQueueElement] Queue element PushQEl1detectorYOLO26n/input_layer1 has 0 frames in his Queue on destruction
[2026-03-31 14:06:19.207] [8275] [HailoRT] [info] [core_op.cpp:186] [deactivate] Deactivating took 0.605758 ms
[2026-03-31 14:06:19.207] [8275] [HailoRT] [info] [core_op.cpp:186] [deactivate] Deactivating took 0.641573 ms
[2026-03-31 14:06:19.260] [8275] [HailoRT] [info] [core_op.cpp:156] [activate] Activating detectorYOLO26n took 0.258925 milliseconds. Note that the function is asynchronous and thus the network is not fully activated yet.
[2026-03-31 14:06:19.260] [8275] [HailoRT] [info] [core_op.cpp:156] [activate] Activating detectorYOLO26n took 0.281036 milliseconds. Note that the function is asynchronous and thus the network is not fully activated yet.
[2026-03-31 14:06:19.260] [8275] [HailoRT] [info] [edge_elements.cpp:52] [create] Created (HwWriteEl1detectorYOLO26n/input_layer1 | hw_frame_size: 1228800)
[2026-03-31 14:06:19.260] [8275] [HailoRT] [info] [queue_elements.cpp:284] [create] Created (PushQEl1detectorYOLO26n/input_layer1 | timeout: 10s)
[2026-03-31 14:06:19.260] [8275] [HailoRT] [info] [filter_elements.cpp:101] [create] Created (PreInferEl1detectorYOLO26n/input_layer1 | Reorder - src_order: NHWC, src_shape: (640, 640, 3), dst_order: NHCW, dst_shape: (640, 640, 3))
[2026-03-31 14:06:19.260] [8275] [HailoRT] [info] [vstream.cpp:754] [InputVStreamImpl] Creating detectorYOLO26n/input_layer1...
[2026-03-31 14:06:19.260] [8275] [HailoRT] [info] [vstream_builder.cpp:102] [create_inputs] Input pipeline 'detectorYOLO26n/input_layer1': (PreInferEl1detectorYOLO26n/input_layer1 | Reorder - src_order: NHWC, src_shape: (640, 640, 3), dst_order: NHCW, dst_shape: (640, 640, 3)) >> (PushQEl1detectorYOLO26n/input_layer1 | timeout: 10s) >> (HwWriteEl1detectorYOLO26n/input_layer1 | hw_frame_size: 1228800) >> HW
[2026-03-31 14:06:19.261] [8275] [HailoRT] [info] [edge_elements.cpp:287] [create] Created (HwReadEl0detectorYOLO26n/concat23 | hw_frame_size: 42000)
[2026-03-31 14:06:19.261] [8275] [HailoRT] [info] [queue_elements.cpp:800] [create] Created (UserBuffQEl0detectorYOLO26n/concat23 | timeout: 10s)
[2026-03-31 14:06:19.261] [8275] [HailoRT] [info] [vstream.cpp:1114] [OutputVStreamImpl] Creating detectorYOLO26n/concat23...
[2026-03-31 14:06:19.261] [8275] [HailoRT] [info] [vstream_builder.cpp:220] [create_outputs] Output pipeline 'detectorYOLO26n/concat23': HW >> (HwReadEl0detectorYOLO26n/concat23 | hw_frame_size: 42000) >> (UserBuffQEl0detectorYOLO26n/concat23 | timeout: 10s)
[2026-03-31 14:06:19.277] [9762] [HailoRT] [info] [queue_elements.cpp:855] [run_in_thread] Shutdown event was signaled in dequeue of UserBuffQEl0detectorYOLO26n/concat23!
[2026-03-31 14:06:19.277] [9762] [HailoRT] [info] [queue_elements.cpp:68] [operator()] Thread in element UserBuffQEl0detectorYOLO26n/concat23 is not running anymore, exiting..
[2026-03-31 14:06:19.277] [8275] [HailoRT] [info] [queue_elements.cpp:46] [~BaseQueueElement] Queue element UserBuffQEl0detectorYOLO26n/concat23 has 0 frames in his Queue on destruction
[2026-03-31 14:06:19.277] [9761] [HailoRT] [info] [queue_elements.cpp:68] [operator()] Thread in element PushQEl1detectorYOLO26n/input_layer1 is not running anymore, exiting..
[2026-03-31 14:06:19.277] [8275] [HailoRT] [info] [queue_elements.cpp:46] [~BaseQueueElement] Queue element PushQEl1detectorYOLO26n/input_layer1 has 0 frames in his Queue on destruction
[2026-03-31 14:06:19.277] [8275] [HailoRT] [info] [core_op.cpp:186] [deactivate] Deactivating took 0.603314 ms
[2026-03-31 14:06:19.277] [8275] [HailoRT] [info] [core_op.cpp:186] [deactivate] Deactivating took 0.612369 ms
[2026-03-31 14:06:19.329] [8275] [HailoRT] [info] [core_op.cpp:156] [activate] Activating detectorYOLO26n took 0.277777 milliseconds. Note that the function is asynchronous and thus the network is not fully activated yet.
[2026-03-31 14:06:19.329] [8275] [HailoRT] [info] [core_op.cpp:156] [activate] Activating detectorYOLO26n took 0.30474 milliseconds. Note that the function is asynchronous and thus the network is not fully activated yet.
[2026-03-31 14:06:19.329] [8275] [HailoRT] [info] [edge_elements.cpp:52] [create] Created (HwWriteEl1detectorYOLO26n/input_layer1 | hw_frame_size: 1228800)
[2026-03-31 14:06:19.330] [8275] [HailoRT] [info] [queue_elements.cpp:284] [create] Created (PushQEl1detectorYOLO26n/input_layer1 | timeout: 10s)
[2026-03-31 14:06:19.330] [8275] [HailoRT] [info] [filter_elements.cpp:101] [create] Created (PreInferEl1detectorYOLO26n/input_layer1 | Reorder - src_order: NHWC, src_shape: (640, 640, 3), dst_order: NHCW, dst_shape: (640, 640, 3))
[2026-03-31 14:06:19.330] [8275] [HailoRT] [info] [vstream.cpp:754] [InputVStreamImpl] Creating detectorYOLO26n/input_layer1...
[2026-03-31 14:06:19.330] [8275] [HailoRT] [info] [vstream_builder.cpp:102] [create_inputs] Input pipeline 'detectorYOLO26n/input_layer1': (PreInferEl1detectorYOLO26n/input_layer1 | Reorder - src_order: NHWC, src_shape: (640, 640, 3), dst_order: NHCW, dst_shape: (640, 640, 3)) >> (PushQEl1detectorYOLO26n/input_layer1 | timeout: 10s) >> (HwWriteEl1detectorYOLO26n/input_layer1 | hw_frame_size: 1228800) >> HW
[2026-03-31 14:06:19.330] [8275] [HailoRT] [info] [edge_elements.cpp:287] [create] Created (HwReadEl0detectorYOLO26n/concat23 | hw_frame_size: 42000)
[2026-03-31 14:06:19.330] [8275] [HailoRT] [info] [queue_elements.cpp:800] [create] Created (UserBuffQEl0detectorYOLO26n/concat23 | timeout: 10s)
[2026-03-31 14:06:19.330] [8275] [HailoRT] [info] [vstream.cpp:1114] [OutputVStreamImpl] Creating detectorYOLO26n/concat23...
[2026-03-31 14:06:19.330] [8275] [HailoRT] [info] [vstream_builder.cpp:220] [create_outputs] Output pipeline 'detectorYOLO26n/concat23': HW >> (HwReadEl0detectorYOLO26n/concat23 | hw_frame_size: 42000) >> (UserBuffQEl0detectorYOLO26n/concat23 | timeout: 10s)
[2026-03-31 14:06:19.346] [9766] [HailoRT] [info] [queue_elements.cpp:855] [run_in_thread] Shutdown event was signaled in dequeue of UserBuffQEl0detectorYOLO26n/concat23!
[2026-03-31 14:06:19.346] [9766] [HailoRT] [info] [queue_elements.cpp:68] [operator()] Thread in element UserBuffQEl0detectorYOLO26n/concat23 is not running anymore, exiting..
[2026-03-31 14:06:19.346] [8275] [HailoRT] [info] [queue_elements.cpp:46] [~BaseQueueElement] Queue element UserBuffQEl0detectorYOLO26n/concat23 has 0 frames in his Queue on destruction
[2026-03-31 14:06:19.346] [9765] [HailoRT] [info] [queue_elements.cpp:68] [operator()] Thread in element PushQEl1detectorYOLO26n/input_layer1 is not running anymore, exiting..
[2026-03-31 14:06:19.346] [8275] [HailoRT] [info] [queue_elements.cpp:46] [~BaseQueueElement] Queue element PushQEl1detectorYOLO26n/input_layer1 has 0 frames in his Queue on destruction
[2026-03-31 14:06:19.346] [8275] [HailoRT] [info] [core_op.cpp:186] [deactivate] Deactivating took 0.602499 ms
[2026-03-31 14:06:19.346] [8275] [HailoRT] [info] [core_op.cpp:186] [deactivate] Deactivating took 0.611277 ms
[2026-03-31 14:06:19.400] [8275] [HailoRT] [info] [core_op.cpp:156] [activate] Activating detectorYOLO26n took 0.258981 milliseconds. Note that the function is asynchronous and thus the network is not fully activated yet.
[2026-03-31 14:06:19.400] [8275] [HailoRT] [info] [core_op.cpp:156] [activate] Activating detectorYOLO26n took 0.284258 milliseconds. Note that the function is asynchronous and thus the network is not fully activated yet.
[2026-03-31 14:06:19.400] [8275] [HailoRT] [info] [edge_elements.cpp:52] [create] Created (HwWriteEl1detectorYOLO26n/input_layer1 | hw_frame_size: 1228800)
[2026-03-31 14:06:19.400] [8275] [HailoRT] [info] [queue_elements.cpp:284] [create] Created (PushQEl1detectorYOLO26n/input_layer1 | timeout: 10s)
[2026-03-31 14:06:19.400] [8275] [HailoRT] [info] [filter_elements.cpp:101] [create] Created (PreInferEl1detectorYOLO26n/input_layer1 | Reorder - src_order: NHWC, src_shape: (640, 640, 3), dst_order: NHCW, dst_shape: (640, 640, 3))
[2026-03-31 14:06:19.400] [8275] [HailoRT] [info] [vstream.cpp:754] [InputVStreamImpl] Creating detectorYOLO26n/input_layer1...
[2026-03-31 14:06:19.400] [8275] [HailoRT] [info] [vstream_builder.cpp:102] [create_inputs] Input pipeline 'detectorYOLO26n/input_layer1': (PreInferEl1detectorYOLO26n/input_layer1 | Reorder - src_order: NHWC, src_shape: (640, 640, 3), dst_order: NHCW, dst_shape: (640, 640, 3)) >> (PushQEl1detectorYOLO26n/input_layer1 | timeout: 10s) >> (HwWriteEl1detectorYOLO26n/input_layer1 | hw_frame_size: 1228800) >> HW
[2026-03-31 14:06:19.400] [8275] [HailoRT] [info] [edge_elements.cpp:287] [create] Created (HwReadEl0detectorYOLO26n/concat23 | hw_frame_size: 42000)
[2026-03-31 14:06:19.400] [8275] [HailoRT] [info] [queue_elements.cpp:800] [create] Created (UserBuffQEl0detectorYOLO26n/concat23 | timeout: 10s)
[2026-03-31 14:06:19.400] [8275] [HailoRT] [info] [vstream.cpp:1114] [OutputVStreamImpl] Creating detectorYOLO26n/concat23...
[2026-03-31 14:06:19.400] [8275] [HailoRT] [info] [vstream_builder.cpp:220] [create_outputs] Output pipeline 'detectorYOLO26n/concat23': HW >> (HwReadEl0detectorYOLO26n/concat23 | hw_frame_size: 42000) >> (UserBuffQEl0detectorYOLO26n/concat23 | timeout: 10s)
[2026-03-31 14:06:19.416] [9770] [HailoRT] [info] [queue_elements.cpp:855] [run_in_thread] Shutdown event was signaled in dequeue of UserBuffQEl0detectorYOLO26n/concat23!
[2026-03-31 14:06:19.416] [9770] [HailoRT] [info] [queue_elements.cpp:68] [operator()] Thread in element UserBuffQEl0detectorYOLO26n/concat23 is not running anymore, exiting..
[2026-03-31 14:06:19.416] [8275] [HailoRT] [info] [queue_elements.cpp:46] [~BaseQueueElement] Queue element UserBuffQEl0detectorYOLO26n/concat23 has 0 frames in his Queue on destruction
[2026-03-31 14:06:19.416] [9769] [HailoRT] [info] [queue_elements.cpp:68] [operator()] Thread in element PushQEl1detectorYOLO26n/input_layer1 is not running anymore, exiting..
[2026-03-31 14:06:19.416] [8275] [HailoRT] [info] [queue_elements.cpp:46] [~BaseQueueElement] Queue element PushQEl1detectorYOLO26n/input_layer1 has 0 frames in his Queue on destruction
[2026-03-31 14:06:19.417] [8275] [HailoRT] [info] [core_op.cpp:186] [deactivate] Deactivating took 0.620702 ms
[2026-03-31 14:06:19.417] [8275] [HailoRT] [info] [core_op.cpp:186] [deactivate] Deactivating took 0.634202 ms
[2026-03-31 14:06:19.469] [8275] [HailoRT] [info] [core_op.cpp:156] [activate] Activating detectorYOLO26n took 0.277444 milliseconds. Note that the function is asynchronous and thus the network is not fully activated yet.
[2026-03-31 14:06:19.469] [8275] [HailoRT] [info] [core_op.cpp:156] [activate] Activating detectorYOLO26n took 0.30424 milliseconds. Note that the function is asynchronous and thus the network is not fully activated yet.
[2026-03-31 14:06:19.470] [8275] [HailoRT] [info] [edge_elements.cpp:52] [create] Created (HwWriteEl1detectorYOLO26n/input_layer1 | hw_frame_size: 1228800)
[2026-03-31 14:06:19.470] [8275] [HailoRT] [info] [queue_elements.cpp:284] [create] Created (PushQEl1detectorYOLO26n/input_layer1 | timeout: 10s)
[2026-03-31 14:06:19.470] [8275] [HailoRT] [info] [filter_elements.cpp:101] [create] Created (PreInferEl1detectorYOLO26n/input_layer1 | Reorder - src_order: NHWC, src_shape: (640, 640, 3), dst_order: NHCW, dst_shape: (640, 640, 3))
[2026-03-31 14:06:19.470] [8275] [HailoRT] [info] [vstream.cpp:754] [InputVStreamImpl] Creating detectorYOLO26n/input_layer1...
[2026-03-31 14:06:19.470] [8275] [HailoRT] [info] [vstream_builder.cpp:102] [create_inputs] Input pipeline 'detectorYOLO26n/input_layer1': (PreInferEl1detectorYOLO26n/input_layer1 | Reorder - src_order: NHWC, src_shape: (640, 640, 3), dst_order: NHCW, dst_shape: (640, 640, 3)) >> (PushQEl1detectorYOLO26n/input_layer1 | timeout: 10s) >> (HwWriteEl1detectorYOLO26n/input_layer1 | hw_frame_size: 1228800) >> HW
[2026-03-31 14:06:19.470] [8275] [HailoRT] [info] [edge_elements.cpp:287] [create] Created (HwReadEl0detectorYOLO26n/concat23 | hw_frame_size: 42000)
[2026-03-31 14:06:19.470] [8275] [HailoRT] [info] [queue_elements.cpp:800] [create] Created (UserBuffQEl0detectorYOLO26n/concat23 | timeout: 10s)
[2026-03-31 14:06:19.470] [8275] [HailoRT] [info] [vstream.cpp:1114] [OutputVStreamImpl] Creating detectorYOLO26n/concat23...
[2026-03-31 14:06:19.470] [8275] [HailoRT] [info] [vstream_builder.cpp:220] [create_outputs] Output pipeline 'detectorYOLO26n/concat23': HW >> (HwReadEl0detectorYOLO26n/concat23 | hw_frame_size: 42000) >> (UserBuffQEl0detectorYOLO26n/concat23 | timeout: 10s)
[2026-03-31 14:06:19.485] [9774] [HailoRT] [info] [queue_elements.cpp:855] [run_in_thread] Shutdown event was signaled in dequeue of UserBuffQEl0detectorYOLO26n/concat23!
[2026-03-31 14:06:19.485] [9774] [HailoRT] [info] [queue_elements.cpp:68] [operator()] Thread in element UserBuffQEl0detectorYOLO26n/concat23 is not running anymore, exiting..
[2026-03-31 14:06:19.485] [8275] [HailoRT] [info] [queue_elements.cpp:46] [~BaseQueueElement] Queue element UserBuffQEl0detectorYOLO26n/concat23 has 0 frames in his Queue on destruction
[2026-03-31 14:06:19.485] [9773] [HailoRT] [info] [queue_elements.cpp:68] [operator()] Thread in element PushQEl1detectorYOLO26n/input_layer1 is not running anymore, exiting..
[2026-03-31 14:06:19.486] [8275] [HailoRT] [info] [queue_elements.cpp:46] [~BaseQueueElement] Queue element PushQEl1detectorYOLO26n/input_layer1 has 0 frames in his Queue on destruction
[2026-03-31 14:06:19.486] [8275] [HailoRT] [info] [core_op.cpp:186] [deactivate] Deactivating took 0.605776 ms
[2026-03-31 14:06:19.486] [8275] [HailoRT] [info] [core_op.cpp:186] [deactivate] Deactivating took 0.615147 ms
[2026-03-31 14:06:19.538] [8275] [HailoRT] [info] [core_op.cpp:156] [activate] Activating detectorYOLO26n took 0.263444 milliseconds. Note that the function is asynchronous and thus the network is not fully activated yet.
[2026-03-31 14:06:19.538] [8275] [HailoRT] [info] [core_op.cpp:156] [activate] Activating detectorYOLO26n took 0.28774 milliseconds. Note that the function is asynchronous and thus the network is not fully activated yet.
[2026-03-31 14:06:19.538] [8275] [HailoRT] [info] [edge_elements.cpp:52] [create] Created (HwWriteEl1detectorYOLO26n/input_layer1 | hw_frame_size: 1228800)
[2026-03-31 14:06:19.538] [8275] [HailoRT] [info] [queue_elements.cpp:284] [create] Created (PushQEl1detectorYOLO26n/input_layer1 | timeout: 10s)
[2026-03-31 14:06:19.538] [8275] [HailoRT] [info] [filter_elements.cpp:101] [create] Created (PreInferEl1detectorYOLO26n/input_layer1 | Reorder - src_order: NHWC, src_shape: (640, 640, 3), dst_order: NHCW, dst_shape: (640, 640, 3))
[2026-03-31 14:06:19.538] [8275] [HailoRT] [info] [vstream.cpp:754] [InputVStreamImpl] Creating detectorYOLO26n/input_layer1...
[2026-03-31 14:06:19.538] [8275] [HailoRT] [info] [vstream_builder.cpp:102] [create_inputs] Input pipeline 'detectorYOLO26n/input_layer1': (PreInferEl1detectorYOLO26n/input_layer1 | Reorder - src_order: NHWC, src_shape: (640, 640, 3), dst_order: NHCW, dst_shape: (640, 640, 3)) >> (PushQEl1detectorYOLO26n/input_layer1 | timeout: 10s) >> (HwWriteEl1detectorYOLO26n/input_layer1 | hw_frame_size: 1228800) >> HW
[2026-03-31 14:06:19.538] [8275] [HailoRT] [info] [edge_elements.cpp:287] [create] Created (HwReadEl0detectorYOLO26n/concat23 | hw_frame_size: 42000)
[2026-03-31 14:06:19.538] [8275] [HailoRT] [info] [queue_elements.cpp:800] [create] Created (UserBuffQEl0detectorYOLO26n/concat23 | timeout: 10s)
[2026-03-31 14:06:19.538] [8275] [HailoRT] [info] [vstream.cpp:1114] [OutputVStreamImpl] Creating detectorYOLO26n/concat23...
[2026-03-31 14:06:19.538] [8275] [HailoRT] [info] [vstream_builder.cpp:220] [create_outputs] Output pipeline 'detectorYOLO26n/concat23': HW >> (HwReadEl0detectorYOLO26n/concat23 | hw_frame_size: 42000) >> (UserBuffQEl0detectorYOLO26n/concat23 | timeout: 10s)
[2026-03-31 14:06:19.553] [9778] [HailoRT] [info] [queue_elements.cpp:855] [run_in_thread] Shutdown event was signaled in dequeue of UserBuffQEl0detectorYOLO26n/concat23!
[2026-03-31 14:06:19.553] [9778] [HailoRT] [info] [queue_elements.cpp:68] [operator()] Thread in element UserBuffQEl0detectorYOLO26n/concat23 is not running anymore, exiting..
[2026-03-31 14:06:19.553] [8275] [HailoRT] [info] [queue_elements.cpp:46] [~BaseQueueElement] Queue element UserBuffQEl0detectorYOLO26n/concat23 has 0 frames in his Queue on destruction
[2026-03-31 14:06:19.554] [9777] [HailoRT] [info] [queue_elements.cpp:68] [operator()] Thread in element PushQEl1detectorYOLO26n/input_layer1 is not running anymore, exiting..
[2026-03-31 14:06:19.554] [8275] [HailoRT] [info] [queue_elements.cpp:46] [~BaseQueueElement] Queue element PushQEl1detectorYOLO26n/input_layer1 has 0 frames in his Queue on destruction
[2026-03-31 14:06:19.554] [8275] [HailoRT] [info] [core_op.cpp:186] [deactivate] Deactivating took 0.604018 ms
[2026-03-31 14:06:19.554] [8275] [HailoRT] [info] [core_op.cpp:186] [deactivate] Deactivating took 0.613054 ms
[2026-03-31 14:06:19.605] [8275] [HailoRT] [info] [core_op.cpp:156] [activate] Activating detectorYOLO26n took 0.27637 milliseconds. Note that the function is asynchronous and thus the network is not fully activated yet.
[2026-03-31 14:06:19.605] [8275] [HailoRT] [info] [core_op.cpp:156] [activate] Activating detectorYOLO26n took 0.303148 milliseconds. Note that the function is asynchronous and thus the network is not fully activated yet.
[2026-03-31 14:06:19.606] [8275] [HailoRT] [info] [edge_elements.cpp:52] [create] Created (HwWriteEl1detectorYOLO26n/input_layer1 | hw_frame_size: 1228800)
[2026-03-31 14:06:19.606] [8275] [HailoRT] [info] [queue_elements.cpp:284] [create] Created (PushQEl1detectorYOLO26n/input_layer1 | timeout: 10s)
[2026-03-31 14:06:19.606] [8275] [HailoRT] [info] [filter_elements.cpp:101] [create] Created (PreInferEl1detectorYOLO26n/input_layer1 | Reorder - src_order: NHWC, src_shape: (640, 640, 3), dst_order: NHCW, dst_shape: (640, 640, 3))
[2026-03-31 14:06:19.606] [8275] [HailoRT] [info] [vstream.cpp:754] [InputVStreamImpl] Creating detectorYOLO26n/input_layer1...
[2026-03-31 14:06:19.606] [8275] [HailoRT] [info] [vstream_builder.cpp:102] [create_inputs] Input pipeline 'detectorYOLO26n/input_layer1': (PreInferEl1detectorYOLO26n/input_layer1 | Reorder - src_order: NHWC, src_shape: (640, 640, 3), dst_order: NHCW, dst_shape: (640, 640, 3)) >> (PushQEl1detectorYOLO26n/input_layer1 | timeout: 10s) >> (HwWriteEl1detectorYOLO26n/input_layer1 | hw_frame_size: 1228800) >> HW
[2026-03-31 14:06:19.606] [8275] [HailoRT] [info] [edge_elements.cpp:287] [create] Created (HwReadEl0detectorYOLO26n/concat23 | hw_frame_size: 42000)
[2026-03-31 14:06:19.606] [8275] [HailoRT] [info] [queue_elements.cpp:800] [create] Created (UserBuffQEl0detectorYOLO26n/concat23 | timeout: 10s)
[2026-03-31 14:06:19.606] [8275] [HailoRT] [info] [vstream.cpp:1114] [OutputVStreamImpl] Creating detectorYOLO26n/concat23...
[2026-03-31 14:06:19.606] [8275] [HailoRT] [info] [vstream_builder.cpp:220] [create_outputs] Output pipeline 'detectorYOLO26n/concat23': HW >> (HwReadEl0detectorYOLO26n/concat23 | hw_frame_size: 42000) >> (UserBuffQEl0detectorYOLO26n/concat23 | timeout: 10s)
[2026-03-31 14:06:19.621] [9782] [HailoRT] [info] [queue_elements.cpp:855] [run_in_thread] Shutdown event was signaled in dequeue of UserBuffQEl0detectorYOLO26n/concat23!
[2026-03-31 14:06:19.621] [9782] [HailoRT] [info] [queue_elements.cpp:68] [operator()] Thread in element UserBuffQEl0detectorYOLO26n/concat23 is not running anymore, exiting..
[2026-03-31 14:06:19.621] [8275] [HailoRT] [info] [queue_elements.cpp:46] [~BaseQueueElement] Queue element UserBuffQEl0detectorYOLO26n/concat23 has 0 frames in his Queue on destruction
[2026-03-31 14:06:19.621] [9781] [HailoRT] [info] [queue_elements.cpp:68] [operator()] Thread in element PushQEl1detectorYOLO26n/input_layer1 is not running anymore, exiting..
[2026-03-31 14:06:19.621] [8275] [HailoRT] [info] [queue_elements.cpp:46] [~BaseQueueElement] Queue element PushQEl1detectorYOLO26n/input_layer1 has 0 frames in his Queue on destruction
[2026-03-31 14:06:19.622] [8275] [HailoRT] [info] [core_op.cpp:186] [deactivate] Deactivating took 0.604777 ms
[2026-03-31 14:06:19.622] [8275] [HailoRT] [info] [core_op.cpp:186] [deactivate] Deactivating took 0.613573 ms
[2026-03-31 14:06:19.672] [8275] [HailoRT] [info] [core_op.cpp:156] [activate] Activating detectorYOLO26n took 0.266796 milliseconds. Note that the function is asynchronous and thus the network is not fully activated yet.
[2026-03-31 14:06:19.672] [8275] [HailoRT] [info] [core_op.cpp:156] [activate] Activating detectorYOLO26n took 0.289351 milliseconds. Note that the function is asynchronous and thus the network is not fully activated yet.
[2026-03-31 14:06:19.672] [8275] [HailoRT] [info] [edge_elements.cpp:52] [create] Created (HwWriteEl1detectorYOLO26n/input_layer1 | hw_frame_size: 1228800)
[2026-03-31 14:06:19.672] [8275] [HailoRT] [info] [queue_elements.cpp:284] [create] Created (PushQEl1detectorYOLO26n/input_layer1 | timeout: 10s)
[2026-03-31 14:06:19.672] [8275] [HailoRT] [info] [filter_elements.cpp:101] [create] Created (PreInferEl1detectorYOLO26n/input_layer1 | Reorder - src_order: NHWC, src_shape: (640, 640, 3), dst_order: NHCW, dst_shape: (640, 640, 3))
[2026-03-31 14:06:19.672] [8275] [HailoRT] [info] [vstream.cpp:754] [InputVStreamImpl] Creating detectorYOLO26n/input_layer1...
[2026-03-31 14:06:19.672] [8275] [HailoRT] [info] [vstream_builder.cpp:102] [create_inputs] Input pipeline 'detectorYOLO26n/input_layer1': (PreInferEl1detectorYOLO26n/input_layer1 | Reorder - src_order: NHWC, src_shape: (640, 640, 3), dst_order: NHCW, dst_shape: (640, 640, 3)) >> (PushQEl1detectorYOLO26n/input_layer1 | timeout: 10s) >> (HwWriteEl1detectorYOLO26n/input_layer1 | hw_frame_size: 1228800) >> HW
[2026-03-31 14:06:19.672] [8275] [HailoRT] [info] [edge_elements.cpp:287] [create] Created (HwReadEl0detectorYOLO26n/concat23 | hw_frame_size: 42000)
[2026-03-31 14:06:19.673] [8275] [HailoRT] [info] [queue_elements.cpp:800] [create] Created (UserBuffQEl0detectorYOLO26n/concat23 | timeout: 10s)
[2026-03-31 14:06:19.673] [8275] [HailoRT] [info] [vstream.cpp:1114] [OutputVStreamImpl] Creating detectorYOLO26n/concat23...
[2026-03-31 14:06:19.673] [8275] [HailoRT] [info] [vstream_builder.cpp:220] [create_outputs] Output pipeline 'detectorYOLO26n/concat23': HW >> (HwReadEl0detectorYOLO26n/concat23 | hw_frame_size: 42000) >> (UserBuffQEl0detectorYOLO26n/concat23 | timeout: 10s)
[2026-03-31 14:06:19.688] [9786] [HailoRT] [info] [queue_elements.cpp:855] [run_in_thread] Shutdown event was signaled in dequeue of UserBuffQEl0detectorYOLO26n/concat23!
[2026-03-31 14:06:19.688] [9786] [HailoRT] [info] [queue_elements.cpp:68] [operator()] Thread in element UserBuffQEl0detectorYOLO26n/concat23 is not running anymore, exiting..
[2026-03-31 14:06:19.688] [8275] [HailoRT] [info] [queue_elements.cpp:46] [~BaseQueueElement] Queue element UserBuffQEl0detectorYOLO26n/concat23 has 0 frames in his Queue on destruction
[2026-03-31 14:06:19.688] [9785] [HailoRT] [info] [queue_elements.cpp:68] [operator()] Thread in element PushQEl1detectorYOLO26n/input_layer1 is not running anymore, exiting..
[2026-03-31 14:06:19.688] [8275] [HailoRT] [info] [queue_elements.cpp:46] [~BaseQueueElement] Queue element PushQEl1detectorYOLO26n/input_layer1 has 0 frames in his Queue on destruction
[2026-03-31 14:06:19.689] [8275] [HailoRT] [info] [core_op.cpp:186] [deactivate] Deactivating took 0.605036 ms
[2026-03-31 14:06:19.689] [8275] [HailoRT] [info] [core_op.cpp:186] [deactivate] Deactivating took 0.614554 ms
[2026-03-31 14:06:19.740] [8275] [HailoRT] [info] [core_op.cpp:156] [activate] Activating detectorYOLO26n took 0.275648 milliseconds. Note that the function is asynchronous and thus the network is not fully activated yet.
[2026-03-31 14:06:19.740] [8275] [HailoRT] [info] [core_op.cpp:156] [activate] Activating detectorYOLO26n took 0.299851 milliseconds. Note that the function is asynchronous and thus the network is not fully activated yet.
[2026-03-31 14:06:19.740] [8275] [HailoRT] [info] [edge_elements.cpp:52] [create] Created (HwWriteEl1detectorYOLO26n/input_layer1 | hw_frame_size: 1228800)
[2026-03-31 14:06:19.740] [8275] [HailoRT] [info] [queue_elements.cpp:284] [create] Created (PushQEl1detectorYOLO26n/input_layer1 | timeout: 10s)
[2026-03-31 14:06:19.740] [8275] [HailoRT] [info] [filter_elements.cpp:101] [create] Created (PreInferEl1detectorYOLO26n/input_layer1 | Reorder - src_order: NHWC, src_shape: (640, 640, 3), dst_order: NHCW, dst_shape: (640, 640, 3))
[2026-03-31 14:06:19.740] [8275] [HailoRT] [info] [vstream.cpp:754] [InputVStreamImpl] Creating detectorYOLO26n/input_layer1...
[2026-03-31 14:06:19.740] [8275] [HailoRT] [info] [vstream_builder.cpp:102] [create_inputs] Input pipeline 'detectorYOLO26n/input_layer1': (PreInferEl1detectorYOLO26n/input_layer1 | Reorder - src_order: NHWC, src_shape: (640, 640, 3), dst_order: NHCW, dst_shape: (640, 640, 3)) >> (PushQEl1detectorYOLO26n/input_layer1 | timeout: 10s) >> (HwWriteEl1detectorYOLO26n/input_layer1 | hw_frame_size: 1228800) >> HW
[2026-03-31 14:06:19.740] [8275] [HailoRT] [info] [edge_elements.cpp:287] [create] Created (HwReadEl0detectorYOLO26n/concat23 | hw_frame_size: 42000)
[2026-03-31 14:06:19.740] [8275] [HailoRT] [info] [queue_elements.cpp:800] [create] Created (UserBuffQEl0detectorYOLO26n/concat23 | timeout: 10s)
[2026-03-31 14:06:19.740] [8275] [HailoRT] [info] [vstream.cpp:1114] [OutputVStreamImpl] Creating detectorYOLO26n/concat23...
[2026-03-31 14:06:19.740] [8275] [HailoRT] [info] [vstream_builder.cpp:220] [create_outputs] Output pipeline 'detectorYOLO26n/concat23': HW >> (HwReadEl0detectorYOLO26n/concat23 | hw_frame_size: 42000) >> (UserBuffQEl0detectorYOLO26n/concat23 | timeout: 10s)
[2026-03-31 14:06:19.755] [9790] [HailoRT] [info] [queue_elements.cpp:855] [run_in_thread] Shutdown event was signaled in dequeue of UserBuffQEl0detectorYOLO26n/concat23!
[2026-03-31 14:06:19.756] [9790] [HailoRT] [info] [queue_elements.cpp:68] [operator()] Thread in element UserBuffQEl0detectorYOLO26n/concat23 is not running anymore, exiting..
[2026-03-31 14:06:19.756] [8275] [HailoRT] [info] [queue_elements.cpp:46] [~BaseQueueElement] Queue element UserBuffQEl0detectorYOLO26n/concat23 has 0 frames in his Queue on destruction
[2026-03-31 14:06:19.756] [9789] [HailoRT] [info] [queue_elements.cpp:68] [operator()] Thread in element PushQEl1detectorYOLO26n/input_layer1 is not running anymore, exiting..
[2026-03-31 14:06:19.756] [8275] [HailoRT] [info] [queue_elements.cpp:46] [~BaseQueueElement] Queue element PushQEl1detectorYOLO26n/input_layer1 has 0 frames in his Queue on destruction
[2026-03-31 14:06:19.756] [8275] [HailoRT] [info] [core_op.cpp:186] [deactivate] Deactivating took 0.601295 ms
[2026-03-31 14:06:19.756] [8275] [HailoRT] [info] [core_op.cpp:186] [deactivate] Deactivating took 0.609554 ms
[2026-03-31 14:06:19.807] [8275] [HailoRT] [info] [core_op.cpp:156] [activate] Activating detectorYOLO26n took 0.26411 milliseconds. Note that the function is asynchronous and thus the network is not fully activated yet.
[2026-03-31 14:06:19.807] [8275] [HailoRT] [info] [core_op.cpp:156] [activate] Activating detectorYOLO26n took 0.28787 milliseconds. Note that the function is asynchronous and thus the network is not fully activated yet.
[2026-03-31 14:06:19.808] [8275] [HailoRT] [info] [edge_elements.cpp:52] [create] Created (HwWriteEl1detectorYOLO26n/input_layer1 | hw_frame_size: 1228800)
[2026-03-31 14:06:19.808] [8275] [HailoRT] [info] [queue_elements.cpp:284] [create] Created (PushQEl1detectorYOLO26n/input_layer1 | timeout: 10s)
[2026-03-31 14:06:19.808] [8275] [HailoRT] [info] [filter_elements.cpp:101] [create] Created (PreInferEl1detectorYOLO26n/input_layer1 | Reorder - src_order: NHWC, src_shape: (640, 640, 3), dst_order: NHCW, dst_shape: (640, 640, 3))
[2026-03-31 14:06:19.808] [8275] [HailoRT] [info] [vstream.cpp:754] [InputVStreamImpl] Creating detectorYOLO26n/input_layer1...
[2026-03-31 14:06:19.808] [8275] [HailoRT] [info] [vstream_builder.cpp:102] [create_inputs] Input pipeline 'detectorYOLO26n/input_layer1': (PreInferEl1detectorYOLO26n/input_layer1 | Reorder - src_order: NHWC, src_shape: (640, 640, 3), dst_order: NHCW, dst_shape: (640, 640, 3)) >> (PushQEl1detectorYOLO26n/input_layer1 | timeout: 10s) >> (HwWriteEl1detectorYOLO26n/input_layer1 | hw_frame_size: 1228800) >> HW
[2026-03-31 14:06:19.808] [8275] [HailoRT] [info] [edge_elements.cpp:287] [create] Created (HwReadEl0detectorYOLO26n/concat23 | hw_frame_size: 42000)
[2026-03-31 14:06:19.808] [8275] [HailoRT] [info] [queue_elements.cpp:800] [create] Created (UserBuffQEl0detectorYOLO26n/concat23 | timeout: 10s)
[2026-03-31 14:06:19.808] [8275] [HailoRT] [info] [vstream.cpp:1114] [OutputVStreamImpl] Creating detectorYOLO26n/concat23...
[2026-03-31 14:06:19.808] [8275] [HailoRT] [info] [vstream_builder.cpp:220] [create_outputs] Output pipeline 'detectorYOLO26n/concat23': HW >> (HwReadEl0detectorYOLO26n/concat23 | hw_frame_size: 42000) >> (UserBuffQEl0detectorYOLO26n/concat23 | timeout: 10s)
[2026-03-31 14:06:19.823] [9794] [HailoRT] [info] [queue_elements.cpp:855] [run_in_thread] Shutdown event was signaled in dequeue of UserBuffQEl0detectorYOLO26n/concat23!
[2026-03-31 14:06:19.823] [9794] [HailoRT] [info] [queue_elements.cpp:68] [operator()] Thread in element UserBuffQEl0detectorYOLO26n/concat23 is not running anymore, exiting..
[2026-03-31 14:06:19.823] [8275] [HailoRT] [info] [queue_elements.cpp:46] [~BaseQueueElement] Queue element UserBuffQEl0detectorYOLO26n/concat23 has 0 frames in his Queue on destruction
[2026-03-31 14:06:19.823] [9793] [HailoRT] [info] [queue_elements.cpp:68] [operator()] Thread in element PushQEl1detectorYOLO26n/input_layer1 is not running anymore, exiting..
[2026-03-31 14:06:19.823] [8275] [HailoRT] [info] [queue_elements.cpp:46] [~BaseQueueElement] Queue element PushQEl1detectorYOLO26n/input_layer1 has 0 frames in his Queue on destruction
[2026-03-31 14:06:19.824] [8275] [HailoRT] [info] [core_op.cpp:186] [deactivate] Deactivating took 0.601628 ms
[2026-03-31 14:06:19.824] [8275] [HailoRT] [info] [core_op.cpp:186] [deactivate] Deactivating took 0.610554 ms
[2026-03-31 14:06:19.877] [8275] [HailoRT] [info] [core_op.cpp:156] [activate] Activating detectorYOLO26n took 0.286295 milliseconds. Note that the function is asynchronous and thus the network is not fully activated yet.
[2026-03-31 14:06:19.877] [8275] [HailoRT] [info] [core_op.cpp:156] [activate] Activating detectorYOLO26n took 0.312592 milliseconds. Note that the function is asynchronous and thus the network is not fully activated yet.
[2026-03-31 14:06:19.877] [8275] [HailoRT] [info] [edge_elements.cpp:52] [create] Created (HwWriteEl1detectorYOLO26n/input_layer1 | hw_frame_size: 1228800)
[2026-03-31 14:06:19.877] [8275] [HailoRT] [info] [queue_elements.cpp:284] [create] Created (PushQEl1detectorYOLO26n/input_layer1 | timeout: 10s)
[2026-03-31 14:06:19.877] [8275] [HailoRT] [info] [filter_elements.cpp:101] [create] Created (PreInferEl1detectorYOLO26n/input_layer1 | Reorder - src_order: NHWC, src_shape: (640, 640, 3), dst_order: NHCW, dst_shape: (640, 640, 3))
[2026-03-31 14:06:19.877] [8275] [HailoRT] [info] [vstream.cpp:754] [InputVStreamImpl] Creating detectorYOLO26n/input_layer1...
[2026-03-31 14:06:19.877] [8275] [HailoRT] [info] [vstream_builder.cpp:102] [create_inputs] Input pipeline 'detectorYOLO26n/input_layer1': (PreInferEl1detectorYOLO26n/input_layer1 | Reorder - src_order: NHWC, src_shape: (640, 640, 3), dst_order: NHCW, dst_shape: (640, 640, 3)) >> (PushQEl1detectorYOLO26n/input_layer1 | timeout: 10s) >> (HwWriteEl1detectorYOLO26n/input_layer1 | hw_frame_size: 1228800) >> HW
[2026-03-31 14:06:19.877] [8275] [HailoRT] [info] [edge_elements.cpp:287] [create] Created (HwReadEl0detectorYOLO26n/concat23 | hw_frame_size: 42000)
[2026-03-31 14:06:19.878] [8275] [HailoRT] [info] [queue_elements.cpp:800] [create] Created (UserBuffQEl0detectorYOLO26n/concat23 | timeout: 10s)
[2026-03-31 14:06:19.878] [8275] [HailoRT] [info] [vstream.cpp:1114] [OutputVStreamImpl] Creating detectorYOLO26n/concat23...
[2026-03-31 14:06:19.878] [8275] [HailoRT] [info] [vstream_builder.cpp:220] [create_outputs] Output pipeline 'detectorYOLO26n/concat23': HW >> (HwReadEl0detectorYOLO26n/concat23 | hw_frame_size: 42000) >> (UserBuffQEl0detectorYOLO26n/concat23 | timeout: 10s)
[2026-03-31 14:06:19.893] [9798] [HailoRT] [info] [queue_elements.cpp:855] [run_in_thread] Shutdown event was signaled in dequeue of UserBuffQEl0detectorYOLO26n/concat23!
[2026-03-31 14:06:19.893] [9798] [HailoRT] [info] [queue_elements.cpp:68] [operator()] Thread in element UserBuffQEl0detectorYOLO26n/concat23 is not running anymore, exiting..
[2026-03-31 14:06:19.893] [8275] [HailoRT] [info] [queue_elements.cpp:46] [~BaseQueueElement] Queue element UserBuffQEl0detectorYOLO26n/concat23 has 0 frames in his Queue on destruction
[2026-03-31 14:06:19.893] [9797] [HailoRT] [info] [queue_elements.cpp:68] [operator()] Thread in element PushQEl1detectorYOLO26n/input_layer1 is not running anymore, exiting..
[2026-03-31 14:06:19.893] [8275] [HailoRT] [info] [queue_elements.cpp:46] [~BaseQueueElement] Queue element PushQEl1detectorYOLO26n/input_layer1 has 0 frames in his Queue on destruction
[2026-03-31 14:06:19.894] [8275] [HailoRT] [info] [core_op.cpp:186] [deactivate] Deactivating took 0.602221 ms
[2026-03-31 14:06:19.894] [8275] [HailoRT] [info] [core_op.cpp:186] [deactivate] Deactivating took 0.611481 ms
[2026-03-31 14:06:19.948] [8275] [HailoRT] [info] [core_op.cpp:156] [activate] Activating detectorYOLO26n took 0.315258 milliseconds. Note that the function is asynchronous and thus the network is not fully activated yet.
[2026-03-31 14:06:19.948] [8275] [HailoRT] [info] [core_op.cpp:156] [activate] Activating detectorYOLO26n took 0.35387 milliseconds. Note that the function is asynchronous and thus the network is not fully activated yet.
[2026-03-31 14:06:19.948] [8275] [HailoRT] [info] [edge_elements.cpp:52] [create] Created (HwWriteEl1detectorYOLO26n/input_layer1 | hw_frame_size: 1228800)
[2026-03-31 14:06:19.948] [8275] [HailoRT] [info] [queue_elements.cpp:284] [create] Created (PushQEl1detectorYOLO26n/input_layer1 | timeout: 10s)
[2026-03-31 14:06:19.948] [8275] [HailoRT] [info] [filter_elements.cpp:101] [create] Created (PreInferEl1detectorYOLO26n/input_layer1 | Reorder - src_order: NHWC, src_shape: (640, 640, 3), dst_order: NHCW, dst_shape: (640, 640, 3))
[2026-03-31 14:06:19.948] [8275] [HailoRT] [info] [vstream.cpp:754] [InputVStreamImpl] Creating detectorYOLO26n/input_layer1...
[2026-03-31 14:06:19.948] [8275] [HailoRT] [info] [vstream_builder.cpp:102] [create_inputs] Input pipeline 'detectorYOLO26n/input_layer1': (PreInferEl1detectorYOLO26n/input_layer1 | Reorder - src_order: NHWC, src_shape: (640, 640, 3), dst_order: NHCW, dst_shape: (640, 640, 3)) >> (PushQEl1detectorYOLO26n/input_layer1 | timeout: 10s) >> (HwWriteEl1detectorYOLO26n/input_layer1 | hw_frame_size: 1228800) >> HW
[2026-03-31 14:06:19.948] [8275] [HailoRT] [info] [edge_elements.cpp:287] [create] Created (HwReadEl0detectorYOLO26n/concat23 | hw_frame_size: 42000)
[2026-03-31 14:06:19.949] [8275] [HailoRT] [info] [queue_elements.cpp:800] [create] Created (UserBuffQEl0detectorYOLO26n/concat23 | timeout: 10s)
[2026-03-31 14:06:19.949] [8275] [HailoRT] [info] [vstream.cpp:1114] [OutputVStreamImpl] Creating detectorYOLO26n/concat23...
[2026-03-31 14:06:19.949] [8275] [HailoRT] [info] [vstream_builder.cpp:220] [create_outputs] Output pipeline 'detectorYOLO26n/concat23': HW >> (HwReadEl0detectorYOLO26n/concat23 | hw_frame_size: 42000) >> (UserBuffQEl0detectorYOLO26n/concat23 | timeout: 10s)
[2026-03-31 14:06:19.964] [9802] [HailoRT] [info] [queue_elements.cpp:855] [run_in_thread] Shutdown event was signaled in dequeue of UserBuffQEl0detectorYOLO26n/concat23!
[2026-03-31 14:06:19.964] [9802] [HailoRT] [info] [queue_elements.cpp:68] [operator()] Thread in element UserBuffQEl0detectorYOLO26n/concat23 is not running anymore, exiting..
[2026-03-31 14:06:19.964] [8275] [HailoRT] [info] [queue_elements.cpp:46] [~BaseQueueElement] Queue element UserBuffQEl0detectorYOLO26n/concat23 has 0 frames in his Queue on destruction
[2026-03-31 14:06:19.964] [9801] [HailoRT] [info] [queue_elements.cpp:68] [operator()] Thread in element PushQEl1detectorYOLO26n/input_layer1 is not running anymore, exiting..
[2026-03-31 14:06:19.964] [8275] [HailoRT] [info] [queue_elements.cpp:46] [~BaseQueueElement] Queue element PushQEl1detectorYOLO26n/input_layer1 has 0 frames in his Queue on destruction
[2026-03-31 14:06:19.965] [8275] [HailoRT] [info] [core_op.cpp:186] [deactivate] Deactivating took 0.62461 ms
[2026-03-31 14:06:19.965] [8275] [HailoRT] [info] [core_op.cpp:186] [deactivate] Deactivating took 0.637758 ms
[2026-03-31 14:06:20.019] [8275] [HailoRT] [info] [core_op.cpp:156] [activate] Activating detectorYOLO26n took 0.315036 milliseconds. Note that the function is asynchronous and thus the network is not fully activated yet.
[2026-03-31 14:06:20.019] [8275] [HailoRT] [info] [core_op.cpp:156] [activate] Activating detectorYOLO26n took 0.343369 milliseconds. Note that the function is asynchronous and thus the network is not fully activated yet.
[2026-03-31 14:06:20.019] [8275] [HailoRT] [info] [edge_elements.cpp:52] [create] Created (HwWriteEl1detectorYOLO26n/input_layer1 | hw_frame_size: 1228800)
[2026-03-31 14:06:20.019] [8275] [HailoRT] [info] [queue_elements.cpp:284] [create] Created (PushQEl1detectorYOLO26n/input_layer1 | timeout: 10s)
[2026-03-31 14:06:20.019] [8275] [HailoRT] [info] [filter_elements.cpp:101] [create] Created (PreInferEl1detectorYOLO26n/input_layer1 | Reorder - src_order: NHWC, src_shape: (640, 640, 3), dst_order: NHCW, dst_shape: (640, 640, 3))
[2026-03-31 14:06:20.019] [8275] [HailoRT] [info] [vstream.cpp:754] [InputVStreamImpl] Creating detectorYOLO26n/input_layer1...
[2026-03-31 14:06:20.019] [8275] [HailoRT] [info] [vstream_builder.cpp:102] [create_inputs] Input pipeline 'detectorYOLO26n/input_layer1': (PreInferEl1detectorYOLO26n/input_layer1 | Reorder - src_order: NHWC, src_shape: (640, 640, 3), dst_order: NHCW, dst_shape: (640, 640, 3)) >> (PushQEl1detectorYOLO26n/input_layer1 | timeout: 10s) >> (HwWriteEl1detectorYOLO26n/input_layer1 | hw_frame_size: 1228800) >> HW
[2026-03-31 14:06:20.019] [8275] [HailoRT] [info] [edge_elements.cpp:287] [create] Created (HwReadEl0detectorYOLO26n/concat23 | hw_frame_size: 42000)
[2026-03-31 14:06:20.019] [8275] [HailoRT] [info] [queue_elements.cpp:800] [create] Created (UserBuffQEl0detectorYOLO26n/concat23 | timeout: 10s)
[2026-03-31 14:06:20.019] [8275] [HailoRT] [info] [vstream.cpp:1114] [OutputVStreamImpl] Creating detectorYOLO26n/concat23...
[2026-03-31 14:06:20.019] [8275] [HailoRT] [info] [vstream_builder.cpp:220] [create_outputs] Output pipeline 'detectorYOLO26n/concat23': HW >> (HwReadEl0detectorYOLO26n/concat23 | hw_frame_size: 42000) >> (UserBuffQEl0detectorYOLO26n/concat23 | timeout: 10s)
[2026-03-31 14:06:20.035] [9806] [HailoRT] [info] [queue_elements.cpp:855] [run_in_thread] Shutdown event was signaled in dequeue of UserBuffQEl0detectorYOLO26n/concat23!
[2026-03-31 14:06:20.035] [9806] [HailoRT] [info] [queue_elements.cpp:68] [operator()] Thread in element UserBuffQEl0detectorYOLO26n/concat23 is not running anymore, exiting..
[2026-03-31 14:06:20.035] [8275] [HailoRT] [info] [queue_elements.cpp:46] [~BaseQueueElement] Queue element UserBuffQEl0detectorYOLO26n/concat23 has 0 frames in his Queue on destruction
[2026-03-31 14:06:20.035] [9805] [HailoRT] [info] [queue_elements.cpp:68] [operator()] Thread in element PushQEl1detectorYOLO26n/input_layer1 is not running anymore, exiting..
[2026-03-31 14:06:20.035] [8275] [HailoRT] [info] [queue_elements.cpp:46] [~BaseQueueElement] Queue element PushQEl1detectorYOLO26n/input_layer1 has 0 frames in his Queue on destruction
[2026-03-31 14:06:20.035] [8275] [HailoRT] [info] [core_op.cpp:186] [deactivate] Deactivating took 0.60348 ms
[2026-03-31 14:06:20.035] [8275] [HailoRT] [info] [core_op.cpp:186] [deactivate] Deactivating took 0.612054 ms
[2026-03-31 14:06:20.090] [8275] [HailoRT] [info] [core_op.cpp:156] [activate] Activating detectorYOLO26n took 0.317518 milliseconds. Note that the function is asynchronous and thus the network is not fully activated yet.
[2026-03-31 14:06:20.090] [8275] [HailoRT] [info] [core_op.cpp:156] [activate] Activating detectorYOLO26n took 0.366518 milliseconds. Note that the function is asynchronous and thus the network is not fully activated yet.
[2026-03-31 14:06:20.090] [8275] [HailoRT] [info] [edge_elements.cpp:52] [create] Created (HwWriteEl1detectorYOLO26n/input_layer1 | hw_frame_size: 1228800)
[2026-03-31 14:06:20.090] [8275] [HailoRT] [info] [queue_elements.cpp:284] [create] Created (PushQEl1detectorYOLO26n/input_layer1 | timeout: 10s)
[2026-03-31 14:06:20.090] [8275] [HailoRT] [info] [filter_elements.cpp:101] [create] Created (PreInferEl1detectorYOLO26n/input_layer1 | Reorder - src_order: NHWC, src_shape: (640, 640, 3), dst_order: NHCW, dst_shape: (640, 640, 3))
[2026-03-31 14:06:20.090] [8275] [HailoRT] [info] [vstream.cpp:754] [InputVStreamImpl] Creating detectorYOLO26n/input_layer1...
[2026-03-31 14:06:20.090] [8275] [HailoRT] [info] [vstream_builder.cpp:102] [create_inputs] Input pipeline 'detectorYOLO26n/input_layer1': (PreInferEl1detectorYOLO26n/input_layer1 | Reorder - src_order: NHWC, src_shape: (640, 640, 3), dst_order: NHCW, dst_shape: (640, 640, 3)) >> (PushQEl1detectorYOLO26n/input_layer1 | timeout: 10s) >> (HwWriteEl1detectorYOLO26n/input_layer1 | hw_frame_size: 1228800) >> HW
[2026-03-31 14:06:20.090] [8275] [HailoRT] [info] [edge_elements.cpp:287] [create] Created (HwReadEl0detectorYOLO26n/concat23 | hw_frame_size: 42000)
[2026-03-31 14:06:20.090] [8275] [HailoRT] [info] [queue_elements.cpp:800] [create] Created (UserBuffQEl0detectorYOLO26n/concat23 | timeout: 10s)
[2026-03-31 14:06:20.091] [8275] [HailoRT] [info] [vstream.cpp:1114] [OutputVStreamImpl] Creating detectorYOLO26n/concat23...
[2026-03-31 14:06:20.091] [8275] [HailoRT] [info] [vstream_builder.cpp:220] [create_outputs] Output pipeline 'detectorYOLO26n/concat23': HW >> (HwReadEl0detectorYOLO26n/concat23 | hw_frame_size: 42000) >> (UserBuffQEl0detectorYOLO26n/concat23 | timeout: 10s)
[2026-03-31 14:06:20.106] [9810] [HailoRT] [info] [queue_elements.cpp:855] [run_in_thread] Shutdown event was signaled in dequeue of UserBuffQEl0detectorYOLO26n/concat23!
[2026-03-31 14:06:20.106] [9810] [HailoRT] [info] [queue_elements.cpp:68] [operator()] Thread in element UserBuffQEl0detectorYOLO26n/concat23 is not running anymore, exiting..
[2026-03-31 14:06:20.106] [8275] [HailoRT] [info] [queue_elements.cpp:46] [~BaseQueueElement] Queue element UserBuffQEl0detectorYOLO26n/concat23 has 0 frames in his Queue on destruction
[2026-03-31 14:06:20.107] [9809] [HailoRT] [info] [queue_elements.cpp:68] [operator()] Thread in element PushQEl1detectorYOLO26n/input_layer1 is not running anymore, exiting..
[2026-03-31 14:06:20.107] [8275] [HailoRT] [info] [queue_elements.cpp:46] [~BaseQueueElement] Queue element PushQEl1detectorYOLO26n/input_layer1 has 0 frames in his Queue on destruction
[2026-03-31 14:06:20.107] [8275] [HailoRT] [info] [core_op.cpp:186] [deactivate] Deactivating took 0.632073 ms
[2026-03-31 14:06:20.107] [8275] [HailoRT] [info] [core_op.cpp:186] [deactivate] Deactivating took 0.649276 ms
[2026-03-31 14:06:20.162] [8275] [HailoRT] [info] [core_op.cpp:156] [activate] Activating detectorYOLO26n took 0.319666 milliseconds. Note that the function is asynchronous and thus the network is not fully activated yet.
[2026-03-31 14:06:20.162] [8275] [HailoRT] [info] [core_op.cpp:156] [activate] Activating detectorYOLO26n took 0.427369 milliseconds. Note that the function is asynchronous and thus the network is not fully activated yet.
[2026-03-31 14:06:20.163] [8275] [HailoRT] [info] [edge_elements.cpp:52] [create] Created (HwWriteEl1detectorYOLO26n/input_layer1 | hw_frame_size: 1228800)
[2026-03-31 14:06:20.163] [8275] [HailoRT] [info] [queue_elements.cpp:284] [create] Created (PushQEl1detectorYOLO26n/input_layer1 | timeout: 10s)
[2026-03-31 14:06:20.163] [8275] [HailoRT] [info] [filter_elements.cpp:101] [create] Created (PreInferEl1detectorYOLO26n/input_layer1 | Reorder - src_order: NHWC, src_shape: (640, 640, 3), dst_order: NHCW, dst_shape: (640, 640, 3))
[2026-03-31 14:06:20.163] [8275] [HailoRT] [info] [vstream.cpp:754] [InputVStreamImpl] Creating detectorYOLO26n/input_layer1...
[2026-03-31 14:06:20.163] [8275] [HailoRT] [info] [vstream_builder.cpp:102] [create_inputs] Input pipeline 'detectorYOLO26n/input_layer1': (PreInferEl1detectorYOLO26n/input_layer1 | Reorder - src_order: NHWC, src_shape: (640, 640, 3), dst_order: NHCW, dst_shape: (640, 640, 3)) >> (PushQEl1detectorYOLO26n/input_layer1 | timeout: 10s) >> (HwWriteEl1detectorYOLO26n/input_layer1 | hw_frame_size: 1228800) >> HW
[2026-03-31 14:06:20.163] [8275] [HailoRT] [info] [edge_elements.cpp:287] [create] Created (HwReadEl0detectorYOLO26n/concat23 | hw_frame_size: 42000)
[2026-03-31 14:06:20.163] [8275] [HailoRT] [info] [queue_elements.cpp:800] [create] Created (UserBuffQEl0detectorYOLO26n/concat23 | timeout: 10s)
[2026-03-31 14:06:20.163] [8275] [HailoRT] [info] [vstream.cpp:1114] [OutputVStreamImpl] Creating detectorYOLO26n/concat23...
[2026-03-31 14:06:20.163] [8275] [HailoRT] [info] [vstream_builder.cpp:220] [create_outputs] Output pipeline 'detectorYOLO26n/concat23': HW >> (HwReadEl0detectorYOLO26n/concat23 | hw_frame_size: 42000) >> (UserBuffQEl0detectorYOLO26n/concat23 | timeout: 10s)
[2026-03-31 14:06:20.179] [9814] [HailoRT] [info] [queue_elements.cpp:855] [run_in_thread] Shutdown event was signaled in dequeue of UserBuffQEl0detectorYOLO26n/concat23!
[2026-03-31 14:06:20.179] [9814] [HailoRT] [info] [queue_elements.cpp:68] [operator()] Thread in element UserBuffQEl0detectorYOLO26n/concat23 is not running anymore, exiting..
[2026-03-31 14:06:20.179] [8275] [HailoRT] [info] [queue_elements.cpp:46] [~BaseQueueElement] Queue element UserBuffQEl0detectorYOLO26n/concat23 has 0 frames in his Queue on destruction
[2026-03-31 14:06:20.179] [9813] [HailoRT] [info] [queue_elements.cpp:68] [operator()] Thread in element PushQEl1detectorYOLO26n/input_layer1 is not running anymore, exiting..
[2026-03-31 14:06:20.179] [8275] [HailoRT] [info] [queue_elements.cpp:46] [~BaseQueueElement] Queue element PushQEl1detectorYOLO26n/input_layer1 has 0 frames in his Queue on destruction
[2026-03-31 14:06:20.180] [8275] [HailoRT] [info] [core_op.cpp:186] [deactivate] Deactivating took 0.62774 ms
[2026-03-31 14:06:20.180] [8275] [HailoRT] [info] [core_op.cpp:186] [deactivate] Deactivating took 0.639832 ms
[2026-03-31 14:06:20.232] [8275] [HailoRT] [info] [core_op.cpp:156] [activate] Activating detectorYOLO26n took 0.275 milliseconds. Note that the function is asynchronous and thus the network is not fully activated yet.
[2026-03-31 14:06:20.232] [8275] [HailoRT] [info] [core_op.cpp:156] [activate] Activating detectorYOLO26n took 0.299222 milliseconds. Note that the function is asynchronous and thus the network is not fully activated yet.
[2026-03-31 14:06:20.232] [8275] [HailoRT] [info] [edge_elements.cpp:52] [create] Created (HwWriteEl1detectorYOLO26n/input_layer1 | hw_frame_size: 1228800)
[2026-03-31 14:06:20.232] [8275] [HailoRT] [info] [queue_elements.cpp:284] [create] Created (PushQEl1detectorYOLO26n/input_layer1 | timeout: 10s)
[2026-03-31 14:06:20.232] [8275] [HailoRT] [info] [filter_elements.cpp:101] [create] Created (PreInferEl1detectorYOLO26n/input_layer1 | Reorder - src_order: NHWC, src_shape: (640, 640, 3), dst_order: NHCW, dst_shape: (640, 640, 3))
[2026-03-31 14:06:20.232] [8275] [HailoRT] [info] [vstream.cpp:754] [InputVStreamImpl] Creating detectorYOLO26n/input_layer1...
[2026-03-31 14:06:20.233] [8275] [HailoRT] [info] [vstream_builder.cpp:102] [create_inputs] Input pipeline 'detectorYOLO26n/input_layer1': (PreInferEl1detectorYOLO26n/input_layer1 | Reorder - src_order: NHWC, src_shape: (640, 640, 3), dst_order: NHCW, dst_shape: (640, 640, 3)) >> (PushQEl1detectorYOLO26n/input_layer1 | timeout: 10s) >> (HwWriteEl1detectorYOLO26n/input_layer1 | hw_frame_size: 1228800) >> HW
[2026-03-31 14:06:20.233] [8275] [HailoRT] [info] [edge_elements.cpp:287] [create] Created (HwReadEl0detectorYOLO26n/concat23 | hw_frame_size: 42000)
[2026-03-31 14:06:20.233] [8275] [HailoRT] [info] [queue_elements.cpp:800] [create] Created (UserBuffQEl0detectorYOLO26n/concat23 | timeout: 10s)
[2026-03-31 14:06:20.233] [8275] [HailoRT] [info] [vstream.cpp:1114] [OutputVStreamImpl] Creating detectorYOLO26n/concat23...
[2026-03-31 14:06:20.233] [8275] [HailoRT] [info] [vstream_builder.cpp:220] [create_outputs] Output pipeline 'detectorYOLO26n/concat23': HW >> (HwReadEl0detectorYOLO26n/concat23 | hw_frame_size: 42000) >> (UserBuffQEl0detectorYOLO26n/concat23 | timeout: 10s)
[2026-03-31 14:06:20.248] [9818] [HailoRT] [info] [queue_elements.cpp:855] [run_in_thread] Shutdown event was signaled in dequeue of UserBuffQEl0detectorYOLO26n/concat23!
[2026-03-31 14:06:20.248] [9818] [HailoRT] [info] [queue_elements.cpp:68] [operator()] Thread in element UserBuffQEl0detectorYOLO26n/concat23 is not running anymore, exiting..
[2026-03-31 14:06:20.248] [8275] [HailoRT] [info] [queue_elements.cpp:46] [~BaseQueueElement] Queue element UserBuffQEl0detectorYOLO26n/concat23 has 0 frames in his Queue on destruction
[2026-03-31 14:06:20.248] [9817] [HailoRT] [info] [queue_elements.cpp:68] [operator()] Thread in element PushQEl1detectorYOLO26n/input_layer1 is not running anymore, exiting..
[2026-03-31 14:06:20.248] [8275] [HailoRT] [info] [queue_elements.cpp:46] [~BaseQueueElement] Queue element PushQEl1detectorYOLO26n/input_layer1 has 0 frames in his Queue on destruction
[2026-03-31 14:06:20.249] [8275] [HailoRT] [info] [core_op.cpp:186] [deactivate] Deactivating took 0.604962 ms
[2026-03-31 14:06:20.249] [8275] [HailoRT] [info] [core_op.cpp:186] [deactivate] Deactivating took 0.613851 ms
[2026-03-31 14:06:20.301] [8275] [HailoRT] [info] [core_op.cpp:156] [activate] Activating detectorYOLO26n took 0.278814 milliseconds. Note that the function is asynchronous and thus the network is not fully activated yet.
[2026-03-31 14:06:20.301] [8275] [HailoRT] [info] [core_op.cpp:156] [activate] Activating detectorYOLO26n took 0.303573 milliseconds. Note that the function is asynchronous and thus the network is not fully activated yet.
[2026-03-31 14:06:20.301] [8275] [HailoRT] [info] [edge_elements.cpp:52] [create] Created (HwWriteEl1detectorYOLO26n/input_layer1 | hw_frame_size: 1228800)
[2026-03-31 14:06:20.301] [8275] [HailoRT] [info] [queue_elements.cpp:284] [create] Created (PushQEl1detectorYOLO26n/input_layer1 | timeout: 10s)
[2026-03-31 14:06:20.301] [8275] [HailoRT] [info] [filter_elements.cpp:101] [create] Created (PreInferEl1detectorYOLO26n/input_layer1 | Reorder - src_order: NHWC, src_shape: (640, 640, 3), dst_order: NHCW, dst_shape: (640, 640, 3))
[2026-03-31 14:06:20.301] [8275] [HailoRT] [info] [vstream.cpp:754] [InputVStreamImpl] Creating detectorYOLO26n/input_layer1...
[2026-03-31 14:06:20.301] [8275] [HailoRT] [info] [vstream_builder.cpp:102] [create_inputs] Input pipeline 'detectorYOLO26n/input_layer1': (PreInferEl1detectorYOLO26n/input_layer1 | Reorder - src_order: NHWC, src_shape: (640, 640, 3), dst_order: NHCW, dst_shape: (640, 640, 3)) >> (PushQEl1detectorYOLO26n/input_layer1 | timeout: 10s) >> (HwWriteEl1detectorYOLO26n/input_layer1 | hw_frame_size: 1228800) >> HW
[2026-03-31 14:06:20.302] [8275] [HailoRT] [info] [edge_elements.cpp:287] [create] Created (HwReadEl0detectorYOLO26n/concat23 | hw_frame_size: 42000)
[2026-03-31 14:06:20.302] [8275] [HailoRT] [info] [queue_elements.cpp:800] [create] Created (UserBuffQEl0detectorYOLO26n/concat23 | timeout: 10s)
[2026-03-31 14:06:20.302] [8275] [HailoRT] [info] [vstream.cpp:1114] [OutputVStreamImpl] Creating detectorYOLO26n/concat23...
[2026-03-31 14:06:20.302] [8275] [HailoRT] [info] [vstream_builder.cpp:220] [create_outputs] Output pipeline 'detectorYOLO26n/concat23': HW >> (HwReadEl0detectorYOLO26n/concat23 | hw_frame_size: 42000) >> (UserBuffQEl0detectorYOLO26n/concat23 | timeout: 10s)
[2026-03-31 14:06:20.317] [9822] [HailoRT] [info] [queue_elements.cpp:855] [run_in_thread] Shutdown event was signaled in dequeue of UserBuffQEl0detectorYOLO26n/concat23!
[2026-03-31 14:06:20.317] [9822] [HailoRT] [info] [queue_elements.cpp:68] [operator()] Thread in element UserBuffQEl0detectorYOLO26n/concat23 is not running anymore, exiting..
[2026-03-31 14:06:20.317] [8275] [HailoRT] [info] [queue_elements.cpp:46] [~BaseQueueElement] Queue element UserBuffQEl0detectorYOLO26n/concat23 has 0 frames in his Queue on destruction
[2026-03-31 14:06:20.317] [9821] [HailoRT] [info] [queue_elements.cpp:68] [operator()] Thread in element PushQEl1detectorYOLO26n/input_layer1 is not running anymore, exiting..
[2026-03-31 14:06:20.317] [8275] [HailoRT] [info] [queue_elements.cpp:46] [~BaseQueueElement] Queue element PushQEl1detectorYOLO26n/input_layer1 has 0 frames in his Queue on destruction
[2026-03-31 14:06:20.318] [8275] [HailoRT] [info] [core_op.cpp:186] [deactivate] Deactivating took 0.606628 ms
[2026-03-31 14:06:20.318] [8275] [HailoRT] [info] [core_op.cpp:186] [deactivate] Deactivating took 0.615054 ms
[2026-03-31 14:06:20.371] [8275] [HailoRT] [info] [core_op.cpp:156] [activate] Activating detectorYOLO26n took 0.259851 milliseconds. Note that the function is asynchronous and thus the network is not fully activated yet.
[2026-03-31 14:06:20.371] [8275] [HailoRT] [info] [core_op.cpp:156] [activate] Activating detectorYOLO26n took 0.283277 milliseconds. Note that the function is asynchronous and thus the network is not fully activated yet.
[2026-03-31 14:06:20.371] [8275] [HailoRT] [info] [edge_elements.cpp:52] [create] Created (HwWriteEl1detectorYOLO26n/input_layer1 | hw_frame_size: 1228800)
[2026-03-31 14:06:20.371] [8275] [HailoRT] [info] [queue_elements.cpp:284] [create] Created (PushQEl1detectorYOLO26n/input_layer1 | timeout: 10s)
[2026-03-31 14:06:20.371] [8275] [HailoRT] [info] [filter_elements.cpp:101] [create] Created (PreInferEl1detectorYOLO26n/input_layer1 | Reorder - src_order: NHWC, src_shape: (640, 640, 3), dst_order: NHCW, dst_shape: (640, 640, 3))
[2026-03-31 14:06:20.371] [8275] [HailoRT] [info] [vstream.cpp:754] [InputVStreamImpl] Creating detectorYOLO26n/input_layer1...
[2026-03-31 14:06:20.371] [8275] [HailoRT] [info] [vstream_builder.cpp:102] [create_inputs] Input pipeline 'detectorYOLO26n/input_layer1': (PreInferEl1detectorYOLO26n/input_layer1 | Reorder - src_order: NHWC, src_shape: (640, 640, 3), dst_order: NHCW, dst_shape: (640, 640, 3)) >> (PushQEl1detectorYOLO26n/input_layer1 | timeout: 10s) >> (HwWriteEl1detectorYOLO26n/input_layer1 | hw_frame_size: 1228800) >> HW
[2026-03-31 14:06:20.371] [8275] [HailoRT] [info] [edge_elements.cpp:287] [create] Created (HwReadEl0detectorYOLO26n/concat23 | hw_frame_size: 42000)
[2026-03-31 14:06:20.371] [8275] [HailoRT] [info] [queue_elements.cpp:800] [create] Created (UserBuffQEl0detectorYOLO26n/concat23 | timeout: 10s)
[2026-03-31 14:06:20.371] [8275] [HailoRT] [info] [vstream.cpp:1114] [OutputVStreamImpl] Creating detectorYOLO26n/concat23...
[2026-03-31 14:06:20.371] [8275] [HailoRT] [info] [vstream_builder.cpp:220] [create_outputs] Output pipeline 'detectorYOLO26n/concat23': HW >> (HwReadEl0detectorYOLO26n/concat23 | hw_frame_size: 42000) >> (UserBuffQEl0detectorYOLO26n/concat23 | timeout: 10s)
[2026-03-31 14:06:20.387] [9826] [HailoRT] [info] [queue_elements.cpp:855] [run_in_thread] Shutdown event was signaled in dequeue of UserBuffQEl0detectorYOLO26n/concat23!
[2026-03-31 14:06:20.387] [9826] [HailoRT] [info] [queue_elements.cpp:68] [operator()] Thread in element UserBuffQEl0detectorYOLO26n/concat23 is not running anymore, exiting..
[2026-03-31 14:06:20.387] [8275] [HailoRT] [info] [queue_elements.cpp:46] [~BaseQueueElement] Queue element UserBuffQEl0detectorYOLO26n/concat23 has 0 frames in his Queue on destruction
[2026-03-31 14:06:20.387] [9825] [HailoRT] [info] [queue_elements.cpp:68] [operator()] Thread in element PushQEl1detectorYOLO26n/input_layer1 is not running anymore, exiting..
[2026-03-31 14:06:20.387] [8275] [HailoRT] [info] [queue_elements.cpp:46] [~BaseQueueElement] Queue element PushQEl1detectorYOLO26n/input_layer1 has 0 frames in his Queue on destruction
[2026-03-31 14:06:20.388] [8275] [HailoRT] [info] [core_op.cpp:186] [deactivate] Deactivating took 0.60498 ms
[2026-03-31 14:06:20.388] [8275] [HailoRT] [info] [core_op.cpp:186] [deactivate] Deactivating took 0.61435 ms
[2026-03-31 14:06:20.440] [8275] [HailoRT] [info] [core_op.cpp:156] [activate] Activating detectorYOLO26n took 0.276463 milliseconds. Note that the function is asynchronous and thus the network is not fully activated yet.
[2026-03-31 14:06:20.440] [8275] [HailoRT] [info] [core_op.cpp:156] [activate] Activating detectorYOLO26n took 0.302981 milliseconds. Note that the function is asynchronous and thus the network is not fully activated yet.
[2026-03-31 14:06:20.440] [8275] [HailoRT] [info] [edge_elements.cpp:52] [create] Created (HwWriteEl1detectorYOLO26n/input_layer1 | hw_frame_size: 1228800)
[2026-03-31 14:06:20.440] [8275] [HailoRT] [info] [queue_elements.cpp:284] [create] Created (PushQEl1detectorYOLO26n/input_layer1 | timeout: 10s)
[2026-03-31 14:06:20.440] [8275] [HailoRT] [info] [filter_elements.cpp:101] [create] Created (PreInferEl1detectorYOLO26n/input_layer1 | Reorder - src_order: NHWC, src_shape: (640, 640, 3), dst_order: NHCW, dst_shape: (640, 640, 3))
[2026-03-31 14:06:20.440] [8275] [HailoRT] [info] [vstream.cpp:754] [InputVStreamImpl] Creating detectorYOLO26n/input_layer1...
[2026-03-31 14:06:20.440] [8275] [HailoRT] [info] [vstream_builder.cpp:102] [create_inputs] Input pipeline 'detectorYOLO26n/input_layer1': (PreInferEl1detectorYOLO26n/input_layer1 | Reorder - src_order: NHWC, src_shape: (640, 640, 3), dst_order: NHCW, dst_shape: (640, 640, 3)) >> (PushQEl1detectorYOLO26n/input_layer1 | timeout: 10s) >> (HwWriteEl1detectorYOLO26n/input_layer1 | hw_frame_size: 1228800) >> HW
[2026-03-31 14:06:20.440] [8275] [HailoRT] [info] [edge_elements.cpp:287] [create] Created (HwReadEl0detectorYOLO26n/concat23 | hw_frame_size: 42000)
[2026-03-31 14:06:20.440] [8275] [HailoRT] [info] [queue_elements.cpp:800] [create] Created (UserBuffQEl0detectorYOLO26n/concat23 | timeout: 10s)
[2026-03-31 14:06:20.440] [8275] [HailoRT] [info] [vstream.cpp:1114] [OutputVStreamImpl] Creating detectorYOLO26n/concat23...
[2026-03-31 14:06:20.440] [8275] [HailoRT] [info] [vstream_builder.cpp:220] [create_outputs] Output pipeline 'detectorYOLO26n/concat23': HW >> (HwReadEl0detectorYOLO26n/concat23 | hw_frame_size: 42000) >> (UserBuffQEl0detectorYOLO26n/concat23 | timeout: 10s)
[2026-03-31 14:06:20.456] [9830] [HailoRT] [info] [queue_elements.cpp:855] [run_in_thread] Shutdown event was signaled in dequeue of UserBuffQEl0detectorYOLO26n/concat23!
[2026-03-31 14:06:20.456] [9830] [HailoRT] [info] [queue_elements.cpp:68] [operator()] Thread in element UserBuffQEl0detectorYOLO26n/concat23 is not running anymore, exiting..
[2026-03-31 14:06:20.456] [8275] [HailoRT] [info] [queue_elements.cpp:46] [~BaseQueueElement] Queue element UserBuffQEl0detectorYOLO26n/concat23 has 0 frames in his Queue on destruction
[2026-03-31 14:06:20.456] [9829] [HailoRT] [info] [queue_elements.cpp:68] [operator()] Thread in element PushQEl1detectorYOLO26n/input_layer1 is not running anymore, exiting..
[2026-03-31 14:06:20.456] [8275] [HailoRT] [info] [queue_elements.cpp:46] [~BaseQueueElement] Queue element PushQEl1detectorYOLO26n/input_layer1 has 0 frames in his Queue on destruction
[2026-03-31 14:06:20.457] [8275] [HailoRT] [info] [core_op.cpp:186] [deactivate] Deactivating took 0.601795 ms
[2026-03-31 14:06:20.457] [8275] [HailoRT] [info] [core_op.cpp:186] [deactivate] Deactivating took 0.611128 ms
[2026-03-31 14:06:20.509] [8275] [HailoRT] [info] [core_op.cpp:156] [activate] Activating detectorYOLO26n took 0.269129 milliseconds. Note that the function is asynchronous and thus the network is not fully activated yet.
[2026-03-31 14:06:20.510] [8275] [HailoRT] [info] [core_op.cpp:156] [activate] Activating detectorYOLO26n took 0.320073 milliseconds. Note that the function is asynchronous and thus the network is not fully activated yet.
[2026-03-31 14:06:20.510] [8275] [HailoRT] [info] [edge_elements.cpp:52] [create] Created (HwWriteEl1detectorYOLO26n/input_layer1 | hw_frame_size: 1228800)
[2026-03-31 14:06:20.510] [8275] [HailoRT] [info] [queue_elements.cpp:284] [create] Created (PushQEl1detectorYOLO26n/input_layer1 | timeout: 10s)
[2026-03-31 14:06:20.510] [8275] [HailoRT] [info] [filter_elements.cpp:101] [create] Created (PreInferEl1detectorYOLO26n/input_layer1 | Reorder - src_order: NHWC, src_shape: (640, 640, 3), dst_order: NHCW, dst_shape: (640, 640, 3))
[2026-03-31 14:06:20.510] [8275] [HailoRT] [info] [vstream.cpp:754] [InputVStreamImpl] Creating detectorYOLO26n/input_layer1...
[2026-03-31 14:06:20.510] [8275] [HailoRT] [info] [vstream_builder.cpp:102] [create_inputs] Input pipeline 'detectorYOLO26n/input_layer1': (PreInferEl1detectorYOLO26n/input_layer1 | Reorder - src_order: NHWC, src_shape: (640, 640, 3), dst_order: NHCW, dst_shape: (640, 640, 3)) >> (PushQEl1detectorYOLO26n/input_layer1 | timeout: 10s) >> (HwWriteEl1detectorYOLO26n/input_layer1 | hw_frame_size: 1228800) >> HW
[2026-03-31 14:06:20.510] [8275] [HailoRT] [info] [edge_elements.cpp:287] [create] Created (HwReadEl0detectorYOLO26n/concat23 | hw_frame_size: 42000)
[2026-03-31 14:06:20.510] [8275] [HailoRT] [info] [queue_elements.cpp:800] [create] Created (UserBuffQEl0detectorYOLO26n/concat23 | timeout: 10s)
[2026-03-31 14:06:20.510] [8275] [HailoRT] [info] [vstream.cpp:1114] [OutputVStreamImpl] Creating detectorYOLO26n/concat23...
[2026-03-31 14:06:20.510] [8275] [HailoRT] [info] [vstream_builder.cpp:220] [create_outputs] Output pipeline 'detectorYOLO26n/concat23': HW >> (HwReadEl0detectorYOLO26n/concat23 | hw_frame_size: 42000) >> (UserBuffQEl0detectorYOLO26n/concat23 | timeout: 10s)
[2026-03-31 14:06:20.525] [9834] [HailoRT] [info] [queue_elements.cpp:855] [run_in_thread] Shutdown event was signaled in dequeue of UserBuffQEl0detectorYOLO26n/concat23!
[2026-03-31 14:06:20.525] [9834] [HailoRT] [info] [queue_elements.cpp:68] [operator()] Thread in element UserBuffQEl0detectorYOLO26n/concat23 is not running anymore, exiting..
[2026-03-31 14:06:20.525] [8275] [HailoRT] [info] [queue_elements.cpp:46] [~BaseQueueElement] Queue element UserBuffQEl0detectorYOLO26n/concat23 has 0 frames in his Queue on destruction
[2026-03-31 14:06:20.526] [9833] [HailoRT] [info] [queue_elements.cpp:68] [operator()] Thread in element PushQEl1detectorYOLO26n/input_layer1 is not running anymore, exiting..
[2026-03-31 14:06:20.526] [8275] [HailoRT] [info] [queue_elements.cpp:46] [~BaseQueueElement] Queue element PushQEl1detectorYOLO26n/input_layer1 has 0 frames in his Queue on destruction
[2026-03-31 14:06:20.526] [8275] [HailoRT] [info] [core_op.cpp:186] [deactivate] Deactivating took 0.604554 ms
[2026-03-31 14:06:20.526] [8275] [HailoRT] [info] [core_op.cpp:186] [deactivate] Deactivating took 0.61324 ms
[2026-03-31 14:06:20.579] [8275] [HailoRT] [info] [core_op.cpp:156] [activate] Activating detectorYOLO26n took 0.270647 milliseconds. Note that the function is asynchronous and thus the network is not fully activated yet.
[2026-03-31 14:06:20.579] [8275] [HailoRT] [info] [core_op.cpp:156] [activate] Activating detectorYOLO26n took 0.326777 milliseconds. Note that the function is asynchronous and thus the network is not fully activated yet.
[2026-03-31 14:06:20.579] [8275] [HailoRT] [info] [edge_elements.cpp:52] [create] Created (HwWriteEl1detectorYOLO26n/input_layer1 | hw_frame_size: 1228800)
[2026-03-31 14:06:20.579] [8275] [HailoRT] [info] [queue_elements.cpp:284] [create] Created (PushQEl1detectorYOLO26n/input_layer1 | timeout: 10s)
[2026-03-31 14:06:20.579] [8275] [HailoRT] [info] [filter_elements.cpp:101] [create] Created (PreInferEl1detectorYOLO26n/input_layer1 | Reorder - src_order: NHWC, src_shape: (640, 640, 3), dst_order: NHCW, dst_shape: (640, 640, 3))
[2026-03-31 14:06:20.579] [8275] [HailoRT] [info] [vstream.cpp:754] [InputVStreamImpl] Creating detectorYOLO26n/input_layer1...
[2026-03-31 14:06:20.579] [8275] [HailoRT] [info] [vstream_builder.cpp:102] [create_inputs] Input pipeline 'detectorYOLO26n/input_layer1': (PreInferEl1detectorYOLO26n/input_layer1 | Reorder - src_order: NHWC, src_shape: (640, 640, 3), dst_order: NHCW, dst_shape: (640, 640, 3)) >> (PushQEl1detectorYOLO26n/input_layer1 | timeout: 10s) >> (HwWriteEl1detectorYOLO26n/input_layer1 | hw_frame_size: 1228800) >> HW
[2026-03-31 14:06:20.579] [8275] [HailoRT] [info] [edge_elements.cpp:287] [create] Created (HwReadEl0detectorYOLO26n/concat23 | hw_frame_size: 42000)
[2026-03-31 14:06:20.579] [8275] [HailoRT] [info] [queue_elements.cpp:800] [create] Created (UserBuffQEl0detectorYOLO26n/concat23 | timeout: 10s)
[2026-03-31 14:06:20.579] [8275] [HailoRT] [info] [vstream.cpp:1114] [OutputVStreamImpl] Creating detectorYOLO26n/concat23...
[2026-03-31 14:06:20.579] [8275] [HailoRT] [info] [vstream_builder.cpp:220] [create_outputs] Output pipeline 'detectorYOLO26n/concat23': HW >> (HwReadEl0detectorYOLO26n/concat23 | hw_frame_size: 42000) >> (UserBuffQEl0detectorYOLO26n/concat23 | timeout: 10s)
[2026-03-31 14:06:20.595] [9838] [HailoRT] [info] [queue_elements.cpp:855] [run_in_thread] Shutdown event was signaled in dequeue of UserBuffQEl0detectorYOLO26n/concat23!
[2026-03-31 14:06:20.595] [9838] [HailoRT] [info] [queue_elements.cpp:68] [operator()] Thread in element UserBuffQEl0detectorYOLO26n/concat23 is not running anymore, exiting..
[2026-03-31 14:06:20.595] [8275] [HailoRT] [info] [queue_elements.cpp:46] [~BaseQueueElement] Queue element UserBuffQEl0detectorYOLO26n/concat23 has 0 frames in his Queue on destruction
[2026-03-31 14:06:20.595] [9837] [HailoRT] [info] [queue_elements.cpp:68] [operator()] Thread in element PushQEl1detectorYOLO26n/input_layer1 is not running anymore, exiting..
[2026-03-31 14:06:20.595] [8275] [HailoRT] [info] [queue_elements.cpp:46] [~BaseQueueElement] Queue element PushQEl1detectorYOLO26n/input_layer1 has 0 frames in his Queue on destruction
[2026-03-31 14:06:20.596] [8275] [HailoRT] [info] [core_op.cpp:186] [deactivate] Deactivating took 0.607295 ms
[2026-03-31 14:06:20.596] [8275] [HailoRT] [info] [core_op.cpp:186] [deactivate] Deactivating took 0.616313 ms
[2026-03-31 14:06:20.649] [8275] [HailoRT] [info] [core_op.cpp:156] [activate] Activating detectorYOLO26n took 0.268703 milliseconds. Note that the function is asynchronous and thus the network is not fully activated yet.
[2026-03-31 14:06:20.649] [8275] [HailoRT] [info] [core_op.cpp:156] [activate] Activating detectorYOLO26n took 0.291185 milliseconds. Note that the function is asynchronous and thus the network is not fully activated yet.
[2026-03-31 14:06:20.649] [8275] [HailoRT] [info] [edge_elements.cpp:52] [create] Created (HwWriteEl1detectorYOLO26n/input_layer1 | hw_frame_size: 1228800)
[2026-03-31 14:06:20.649] [8275] [HailoRT] [info] [queue_elements.cpp:284] [create] Created (PushQEl1detectorYOLO26n/input_layer1 | timeout: 10s)
[2026-03-31 14:06:20.649] [8275] [HailoRT] [info] [filter_elements.cpp:101] [create] Created (PreInferEl1detectorYOLO26n/input_layer1 | Reorder - src_order: NHWC, src_shape: (640, 640, 3), dst_order: NHCW, dst_shape: (640, 640, 3))
[2026-03-31 14:06:20.649] [8275] [HailoRT] [info] [vstream.cpp:754] [InputVStreamImpl] Creating detectorYOLO26n/input_layer1...
[2026-03-31 14:06:20.649] [8275] [HailoRT] [info] [vstream_builder.cpp:102] [create_inputs] Input pipeline 'detectorYOLO26n/input_layer1': (PreInferEl1detectorYOLO26n/input_layer1 | Reorder - src_order: NHWC, src_shape: (640, 640, 3), dst_order: NHCW, dst_shape: (640, 640, 3)) >> (PushQEl1detectorYOLO26n/input_layer1 | timeout: 10s) >> (HwWriteEl1detectorYOLO26n/input_layer1 | hw_frame_size: 1228800) >> HW
[2026-03-31 14:06:20.649] [8275] [HailoRT] [info] [edge_elements.cpp:287] [create] Created (HwReadEl0detectorYOLO26n/concat23 | hw_frame_size: 42000)
[2026-03-31 14:06:20.649] [8275] [HailoRT] [info] [queue_elements.cpp:800] [create] Created (UserBuffQEl0detectorYOLO26n/concat23 | timeout: 10s)
[2026-03-31 14:06:20.649] [8275] [HailoRT] [info] [vstream.cpp:1114] [OutputVStreamImpl] Creating detectorYOLO26n/concat23...
[2026-03-31 14:06:20.649] [8275] [HailoRT] [info] [vstream_builder.cpp:220] [create_outputs] Output pipeline 'detectorYOLO26n/concat23': HW >> (HwReadEl0detectorYOLO26n/concat23 | hw_frame_size: 42000) >> (UserBuffQEl0detectorYOLO26n/concat23 | timeout: 10s)
[2026-03-31 14:06:20.665] [9842] [HailoRT] [info] [queue_elements.cpp:855] [run_in_thread] Shutdown event was signaled in dequeue of UserBuffQEl0detectorYOLO26n/concat23!
[2026-03-31 14:06:20.665] [9842] [HailoRT] [info] [queue_elements.cpp:68] [operator()] Thread in element UserBuffQEl0detectorYOLO26n/concat23 is not running anymore, exiting..
[2026-03-31 14:06:20.665] [8275] [HailoRT] [info] [queue_elements.cpp:46] [~BaseQueueElement] Queue element UserBuffQEl0detectorYOLO26n/concat23 has 0 frames in his Queue on destruction
[2026-03-31 14:06:20.665] [9841] [HailoRT] [info] [queue_elements.cpp:68] [operator()] Thread in element PushQEl1detectorYOLO26n/input_layer1 is not running anymore, exiting..
[2026-03-31 14:06:20.665] [8275] [HailoRT] [info] [queue_elements.cpp:46] [~BaseQueueElement] Queue element PushQEl1detectorYOLO26n/input_layer1 has 0 frames in his Queue on destruction
[2026-03-31 14:06:20.665] [8275] [HailoRT] [info] [core_op.cpp:186] [deactivate] Deactivating took 0.606369 ms
[2026-03-31 14:06:20.665] [8275] [HailoRT] [info] [core_op.cpp:186] [deactivate] Deactivating took 0.616091 ms
[2026-03-31 14:06:20.719] [8275] [HailoRT] [info] [core_op.cpp:156] [activate] Activating detectorYOLO26n took 0.281814 milliseconds. Note that the function is asynchronous and thus the network is not fully activated yet.
[2026-03-31 14:06:20.719] [8275] [HailoRT] [info] [core_op.cpp:156] [activate] Activating detectorYOLO26n took 0.333222 milliseconds. Note that the function is asynchronous and thus the network is not fully activated yet.
[2026-03-31 14:06:20.719] [8275] [HailoRT] [info] [edge_elements.cpp:52] [create] Created (HwWriteEl1detectorYOLO26n/input_layer1 | hw_frame_size: 1228800)
[2026-03-31 14:06:20.719] [8275] [HailoRT] [info] [queue_elements.cpp:284] [create] Created (PushQEl1detectorYOLO26n/input_layer1 | timeout: 10s)
[2026-03-31 14:06:20.719] [8275] [HailoRT] [info] [filter_elements.cpp:101] [create] Created (PreInferEl1detectorYOLO26n/input_layer1 | Reorder - src_order: NHWC, src_shape: (640, 640, 3), dst_order: NHCW, dst_shape: (640, 640, 3))
[2026-03-31 14:06:20.719] [8275] [HailoRT] [info] [vstream.cpp:754] [InputVStreamImpl] Creating detectorYOLO26n/input_layer1...
[2026-03-31 14:06:20.719] [8275] [HailoRT] [info] [vstream_builder.cpp:102] [create_inputs] Input pipeline 'detectorYOLO26n/input_layer1': (PreInferEl1detectorYOLO26n/input_layer1 | Reorder - src_order: NHWC, src_shape: (640, 640, 3), dst_order: NHCW, dst_shape: (640, 640, 3)) >> (PushQEl1detectorYOLO26n/input_layer1 | timeout: 10s) >> (HwWriteEl1detectorYOLO26n/input_layer1 | hw_frame_size: 1228800) >> HW
[2026-03-31 14:06:20.719] [8275] [HailoRT] [info] [edge_elements.cpp:287] [create] Created (HwReadEl0detectorYOLO26n/concat23 | hw_frame_size: 42000)
[2026-03-31 14:06:20.719] [8275] [HailoRT] [info] [queue_elements.cpp:800] [create] Created (UserBuffQEl0detectorYOLO26n/concat23 | timeout: 10s)
[2026-03-31 14:06:20.719] [8275] [HailoRT] [info] [vstream.cpp:1114] [OutputVStreamImpl] Creating detectorYOLO26n/concat23...
[2026-03-31 14:06:20.719] [8275] [HailoRT] [info] [vstream_builder.cpp:220] [create_outputs] Output pipeline 'detectorYOLO26n/concat23': HW >> (HwReadEl0detectorYOLO26n/concat23 | hw_frame_size: 42000) >> (UserBuffQEl0detectorYOLO26n/concat23 | timeout: 10s)
[2026-03-31 14:06:20.735] [9846] [HailoRT] [info] [queue_elements.cpp:855] [run_in_thread] Shutdown event was signaled in dequeue of UserBuffQEl0detectorYOLO26n/concat23!
[2026-03-31 14:06:20.735] [8275] [HailoRT] [info] [queue_elements.cpp:46] [~BaseQueueElement] Queue element UserBuffQEl0detectorYOLO26n/concat23 has 0 frames in his Queue on destruction
[2026-03-31 14:06:20.735] [9845] [HailoRT] [info] [queue_elements.cpp:68] [operator()] Thread in element PushQEl1detectorYOLO26n/input_layer1 is not running anymore, exiting..
[2026-03-31 14:06:20.735] [8275] [HailoRT] [info] [queue_elements.cpp:46] [~BaseQueueElement] Queue element PushQEl1detectorYOLO26n/input_layer1 has 0 frames in his Queue on destruction
[2026-03-31 14:06:20.736] [8275] [HailoRT] [info] [core_op.cpp:186] [deactivate] Deactivating took 0.617425 ms
[2026-03-31 14:06:20.736] [8275] [HailoRT] [info] [core_op.cpp:186] [deactivate] Deactivating took 0.629462 ms
[2026-03-31 14:06:20.789] [8275] [HailoRT] [info] [core_op.cpp:156] [activate] Activating detectorYOLO26n took 0.266759 milliseconds. Note that the function is asynchronous and thus the network is not fully activated yet.
[2026-03-31 14:06:20.789] [8275] [HailoRT] [info] [core_op.cpp:156] [activate] Activating detectorYOLO26n took 0.288962 milliseconds. Note that the function is asynchronous and thus the network is not fully activated yet.
[2026-03-31 14:06:20.789] [8275] [HailoRT] [info] [edge_elements.cpp:52] [create] Created (HwWriteEl1detectorYOLO26n/input_layer1 | hw_frame_size: 1228800)
[2026-03-31 14:06:20.789] [8275] [HailoRT] [info] [queue_elements.cpp:284] [create] Created (PushQEl1detectorYOLO26n/input_layer1 | timeout: 10s)
[2026-03-31 14:06:20.789] [8275] [HailoRT] [info] [filter_elements.cpp:101] [create] Created (PreInferEl1detectorYOLO26n/input_layer1 | Reorder - src_order: NHWC, src_shape: (640, 640, 3), dst_order: NHCW, dst_shape: (640, 640, 3))
[2026-03-31 14:06:20.789] [8275] [HailoRT] [info] [vstream.cpp:754] [InputVStreamImpl] Creating detectorYOLO26n/input_layer1...
[2026-03-31 14:06:20.789] [8275] [HailoRT] [info] [vstream_builder.cpp:102] [create_inputs] Input pipeline 'detectorYOLO26n/input_layer1': (PreInferEl1detectorYOLO26n/input_layer1 | Reorder - src_order: NHWC, src_shape: (640, 640, 3), dst_order: NHCW, dst_shape: (640, 640, 3)) >> (PushQEl1detectorYOLO26n/input_layer1 | timeout: 10s) >> (HwWriteEl1detectorYOLO26n/input_layer1 | hw_frame_size: 1228800) >> HW
[2026-03-31 14:06:20.789] [8275] [HailoRT] [info] [edge_elements.cpp:287] [create] Created (HwReadEl0detectorYOLO26n/concat23 | hw_frame_size: 42000)
[2026-03-31 14:06:20.789] [8275] [HailoRT] [info] [queue_elements.cpp:800] [create] Created (UserBuffQEl0detectorYOLO26n/concat23 | timeout: 10s)
[2026-03-31 14:06:20.789] [8275] [HailoRT] [info] [vstream.cpp:1114] [OutputVStreamImpl] Creating detectorYOLO26n/concat23...
[2026-03-31 14:06:20.789] [8275] [HailoRT] [info] [vstream_builder.cpp:220] [create_outputs] Output pipeline 'detectorYOLO26n/concat23': HW >> (HwReadEl0detectorYOLO26n/concat23 | hw_frame_size: 42000) >> (UserBuffQEl0detectorYOLO26n/concat23 | timeout: 10s)
[2026-03-31 14:06:20.805] [9850] [HailoRT] [info] [queue_elements.cpp:855] [run_in_thread] Shutdown event was signaled in dequeue of UserBuffQEl0detectorYOLO26n/concat23!
[2026-03-31 14:06:20.805] [9850] [HailoRT] [info] [queue_elements.cpp:68] [operator()] Thread in element UserBuffQEl0detectorYOLO26n/concat23 is not running anymore, exiting..
[2026-03-31 14:06:20.805] [8275] [HailoRT] [info] [queue_elements.cpp:46] [~BaseQueueElement] Queue element UserBuffQEl0detectorYOLO26n/concat23 has 0 frames in his Queue on destruction
[2026-03-31 14:06:20.805] [9849] [HailoRT] [info] [queue_elements.cpp:68] [operator()] Thread in element PushQEl1detectorYOLO26n/input_layer1 is not running anymore, exiting..
[2026-03-31 14:06:20.805] [8275] [HailoRT] [info] [queue_elements.cpp:46] [~BaseQueueElement] Queue element PushQEl1detectorYOLO26n/input_layer1 has 0 frames in his Queue on destruction
[2026-03-31 14:06:20.805] [8275] [HailoRT] [info] [core_op.cpp:186] [deactivate] Deactivating took 0.601998 ms
[2026-03-31 14:06:20.805] [8275] [HailoRT] [info] [core_op.cpp:186] [deactivate] Deactivating took 0.611499 ms
[2026-03-31 14:06:20.858] [8275] [HailoRT] [info] [core_op.cpp:156] [activate] Activating detectorYOLO26n took 0.276759 milliseconds. Note that the function is asynchronous and thus the network is not fully activated yet.
[2026-03-31 14:06:20.858] [8275] [HailoRT] [info] [core_op.cpp:156] [activate] Activating detectorYOLO26n took 0.334554 milliseconds. Note that the function is asynchronous and thus the network is not fully activated yet.
[2026-03-31 14:06:20.858] [8275] [HailoRT] [info] [edge_elements.cpp:52] [create] Created (HwWriteEl1detectorYOLO26n/input_layer1 | hw_frame_size: 1228800)
[2026-03-31 14:06:20.858] [8275] [HailoRT] [info] [queue_elements.cpp:284] [create] Created (PushQEl1detectorYOLO26n/input_layer1 | timeout: 10s)
[2026-03-31 14:06:20.858] [8275] [HailoRT] [info] [filter_elements.cpp:101] [create] Created (PreInferEl1detectorYOLO26n/input_layer1 | Reorder - src_order: NHWC, src_shape: (640, 640, 3), dst_order: NHCW, dst_shape: (640, 640, 3))
[2026-03-31 14:06:20.858] [8275] [HailoRT] [info] [vstream.cpp:754] [InputVStreamImpl] Creating detectorYOLO26n/input_layer1...
[2026-03-31 14:06:20.858] [8275] [HailoRT] [info] [vstream_builder.cpp:102] [create_inputs] Input pipeline 'detectorYOLO26n/input_layer1': (PreInferEl1detectorYOLO26n/input_layer1 | Reorder - src_order: NHWC, src_shape: (640, 640, 3), dst_order: NHCW, dst_shape: (640, 640, 3)) >> (PushQEl1detectorYOLO26n/input_layer1 | timeout: 10s) >> (HwWriteEl1detectorYOLO26n/input_layer1 | hw_frame_size: 1228800) >> HW
[2026-03-31 14:06:20.858] [8275] [HailoRT] [info] [edge_elements.cpp:287] [create] Created (HwReadEl0detectorYOLO26n/concat23 | hw_frame_size: 42000)
[2026-03-31 14:06:20.859] [8275] [HailoRT] [info] [queue_elements.cpp:800] [create] Created (UserBuffQEl0detectorYOLO26n/concat23 | timeout: 10s)
[2026-03-31 14:06:20.859] [8275] [HailoRT] [info] [vstream.cpp:1114] [OutputVStreamImpl] Creating detectorYOLO26n/concat23...
[2026-03-31 14:06:20.859] [8275] [HailoRT] [info] [vstream_builder.cpp:220] [create_outputs] Output pipeline 'detectorYOLO26n/concat23': HW >> (HwReadEl0detectorYOLO26n/concat23 | hw_frame_size: 42000) >> (UserBuffQEl0detectorYOLO26n/concat23 | timeout: 10s)
[2026-03-31 14:06:20.874] [9854] [HailoRT] [info] [queue_elements.cpp:855] [run_in_thread] Shutdown event was signaled in dequeue of UserBuffQEl0detectorYOLO26n/concat23!
[2026-03-31 14:06:20.874] [9854] [HailoRT] [info] [queue_elements.cpp:68] [operator()] Thread in element UserBuffQEl0detectorYOLO26n/concat23 is not running anymore, exiting..
[2026-03-31 14:06:20.874] [8275] [HailoRT] [info] [queue_elements.cpp:46] [~BaseQueueElement] Queue element UserBuffQEl0detectorYOLO26n/concat23 has 0 frames in his Queue on destruction
[2026-03-31 14:06:20.874] [9853] [HailoRT] [info] [queue_elements.cpp:68] [operator()] Thread in element PushQEl1detectorYOLO26n/input_layer1 is not running anymore, exiting..
[2026-03-31 14:06:20.874] [8275] [HailoRT] [info] [queue_elements.cpp:46] [~BaseQueueElement] Queue element PushQEl1detectorYOLO26n/input_layer1 has 0 frames in his Queue on destruction
[2026-03-31 14:06:20.875] [8275] [HailoRT] [info] [core_op.cpp:186] [deactivate] Deactivating took 0.604962 ms
[2026-03-31 14:06:20.875] [8275] [HailoRT] [info] [core_op.cpp:186] [deactivate] Deactivating took 0.613906 ms
[2026-03-31 14:06:20.927] [8275] [HailoRT] [info] [core_op.cpp:156] [activate] Activating detectorYOLO26n took 0.264536 milliseconds. Note that the function is asynchronous and thus the network is not fully activated yet.
[2026-03-31 14:06:20.927] [8275] [HailoRT] [info] [core_op.cpp:156] [activate] Activating detectorYOLO26n took 0.288629 milliseconds. Note that the function is asynchronous and thus the network is not fully activated yet.
[2026-03-31 14:06:20.927] [8275] [HailoRT] [info] [edge_elements.cpp:52] [create] Created (HwWriteEl1detectorYOLO26n/input_layer1 | hw_frame_size: 1228800)
[2026-03-31 14:06:20.928] [8275] [HailoRT] [info] [queue_elements.cpp:284] [create] Created (PushQEl1detectorYOLO26n/input_layer1 | timeout: 10s)
[2026-03-31 14:06:20.928] [8275] [HailoRT] [info] [filter_elements.cpp:101] [create] Created (PreInferEl1detectorYOLO26n/input_layer1 | Reorder - src_order: NHWC, src_shape: (640, 640, 3), dst_order: NHCW, dst_shape: (640, 640, 3))
[2026-03-31 14:06:20.928] [8275] [HailoRT] [info] [vstream.cpp:754] [InputVStreamImpl] Creating detectorYOLO26n/input_layer1...
[2026-03-31 14:06:20.928] [8275] [HailoRT] [info] [vstream_builder.cpp:102] [create_inputs] Input pipeline 'detectorYOLO26n/input_layer1': (PreInferEl1detectorYOLO26n/input_layer1 | Reorder - src_order: NHWC, src_shape: (640, 640, 3), dst_order: NHCW, dst_shape: (640, 640, 3)) >> (PushQEl1detectorYOLO26n/input_layer1 | timeout: 10s) >> (HwWriteEl1detectorYOLO26n/input_layer1 | hw_frame_size: 1228800) >> HW
[2026-03-31 14:06:20.928] [8275] [HailoRT] [info] [edge_elements.cpp:287] [create] Created (HwReadEl0detectorYOLO26n/concat23 | hw_frame_size: 42000)
[2026-03-31 14:06:20.928] [8275] [HailoRT] [info] [queue_elements.cpp:800] [create] Created (UserBuffQEl0detectorYOLO26n/concat23 | timeout: 10s)
[2026-03-31 14:06:20.928] [8275] [HailoRT] [info] [vstream.cpp:1114] [OutputVStreamImpl] Creating detectorYOLO26n/concat23...
[2026-03-31 14:06:20.928] [8275] [HailoRT] [info] [vstream_builder.cpp:220] [create_outputs] Output pipeline 'detectorYOLO26n/concat23': HW >> (HwReadEl0detectorYOLO26n/concat23 | hw_frame_size: 42000) >> (UserBuffQEl0detectorYOLO26n/concat23 | timeout: 10s)
[2026-03-31 14:06:20.943] [9858] [HailoRT] [info] [queue_elements.cpp:855] [run_in_thread] Shutdown event was signaled in dequeue of UserBuffQEl0detectorYOLO26n/concat23!
[2026-03-31 14:06:20.943] [9858] [HailoRT] [info] [queue_elements.cpp:68] [operator()] Thread in element UserBuffQEl0detectorYOLO26n/concat23 is not running anymore, exiting..
[2026-03-31 14:06:20.943] [8275] [HailoRT] [info] [queue_elements.cpp:46] [~BaseQueueElement] Queue element UserBuffQEl0detectorYOLO26n/concat23 has 0 frames in his Queue on destruction
[2026-03-31 14:06:20.943] [9857] [HailoRT] [info] [queue_elements.cpp:68] [operator()] Thread in element PushQEl1detectorYOLO26n/input_layer1 is not running anymore, exiting..
[2026-03-31 14:06:20.943] [8275] [HailoRT] [info] [queue_elements.cpp:46] [~BaseQueueElement] Queue element PushQEl1detectorYOLO26n/input_layer1 has 0 frames in his Queue on destruction
[2026-03-31 14:06:20.944] [8275] [HailoRT] [info] [core_op.cpp:186] [deactivate] Deactivating took 0.602425 ms
[2026-03-31 14:06:20.944] [8275] [HailoRT] [info] [core_op.cpp:186] [deactivate] Deactivating took 0.611092 ms
[2026-03-31 14:06:20.998] [8275] [HailoRT] [info] [core_op.cpp:156] [activate] Activating detectorYOLO26n took 0.285389 milliseconds. Note that the function is asynchronous and thus the network is not fully activated yet.
[2026-03-31 14:06:20.998] [8275] [HailoRT] [info] [core_op.cpp:156] [activate] Activating detectorYOLO26n took 0.340795 milliseconds. Note that the function is asynchronous and thus the network is not fully activated yet.
[2026-03-31 14:06:20.998] [8275] [HailoRT] [info] [edge_elements.cpp:52] [create] Created (HwWriteEl1detectorYOLO26n/input_layer1 | hw_frame_size: 1228800)
[2026-03-31 14:06:20.998] [8275] [HailoRT] [info] [queue_elements.cpp:284] [create] Created (PushQEl1detectorYOLO26n/input_layer1 | timeout: 10s)
[2026-03-31 14:06:20.998] [8275] [HailoRT] [info] [filter_elements.cpp:101] [create] Created (PreInferEl1detectorYOLO26n/input_layer1 | Reorder - src_order: NHWC, src_shape: (640, 640, 3), dst_order: NHCW, dst_shape: (640, 640, 3))
[2026-03-31 14:06:20.998] [8275] [HailoRT] [info] [vstream.cpp:754] [InputVStreamImpl] Creating detectorYOLO26n/input_layer1...
[2026-03-31 14:06:20.998] [8275] [HailoRT] [info] [vstream_builder.cpp:102] [create_inputs] Input pipeline 'detectorYOLO26n/input_layer1': (PreInferEl1detectorYOLO26n/input_layer1 | Reorder - src_order: NHWC, src_shape: (640, 640, 3), dst_order: NHCW, dst_shape: (640, 640, 3)) >> (PushQEl1detectorYOLO26n/input_layer1 | timeout: 10s) >> (HwWriteEl1detectorYOLO26n/input_layer1 | hw_frame_size: 1228800) >> HW
[2026-03-31 14:06:20.998] [8275] [HailoRT] [info] [edge_elements.cpp:287] [create] Created (HwReadEl0detectorYOLO26n/concat23 | hw_frame_size: 42000)
[2026-03-31 14:06:20.998] [8275] [HailoRT] [info] [queue_elements.cpp:800] [create] Created (UserBuffQEl0detectorYOLO26n/concat23 | timeout: 10s)
[2026-03-31 14:06:20.998] [8275] [HailoRT] [info] [vstream.cpp:1114] [OutputVStreamImpl] Creating detectorYOLO26n/concat23...
[2026-03-31 14:06:20.998] [8275] [HailoRT] [info] [vstream_builder.cpp:220] [create_outputs] Output pipeline 'detectorYOLO26n/concat23': HW >> (HwReadEl0detectorYOLO26n/concat23 | hw_frame_size: 42000) >> (UserBuffQEl0detectorYOLO26n/concat23 | timeout: 10s)
[2026-03-31 14:06:21.014] [9862] [HailoRT] [info] [queue_elements.cpp:855] [run_in_thread] Shutdown event was signaled in dequeue of UserBuffQEl0detectorYOLO26n/concat23!
[2026-03-31 14:06:21.014] [9862] [HailoRT] [info] [queue_elements.cpp:68] [operator()] Thread in element UserBuffQEl0detectorYOLO26n/concat23 is not running anymore, exiting..
[2026-03-31 14:06:21.014] [8275] [HailoRT] [info] [queue_elements.cpp:46] [~BaseQueueElement] Queue element UserBuffQEl0detectorYOLO26n/concat23 has 0 frames in his Queue on destruction
[2026-03-31 14:06:21.014] [9861] [HailoRT] [info] [queue_elements.cpp:68] [operator()] Thread in element PushQEl1detectorYOLO26n/input_layer1 is not running anymore, exiting..
[2026-03-31 14:06:21.014] [8275] [HailoRT] [info] [queue_elements.cpp:46] [~BaseQueueElement] Queue element PushQEl1detectorYOLO26n/input_layer1 has 0 frames in his Queue on destruction
[2026-03-31 14:06:21.015] [8275] [HailoRT] [info] [core_op.cpp:186] [deactivate] Deactivating took 0.601369 ms
[2026-03-31 14:06:21.015] [8275] [HailoRT] [info] [core_op.cpp:186] [deactivate] Deactivating took 0.610499 ms
[2026-03-31 14:06:21.067] [8275] [HailoRT] [info] [core_op.cpp:156] [activate] Activating detectorYOLO26n took 0.257259 milliseconds. Note that the function is asynchronous and thus the network is not fully activated yet.
[2026-03-31 14:06:21.067] [8275] [HailoRT] [info] [core_op.cpp:156] [activate] Activating detectorYOLO26n took 0.283462 milliseconds. Note that the function is asynchronous and thus the network is not fully activated yet.
[2026-03-31 14:06:21.068] [8275] [HailoRT] [info] [edge_elements.cpp:52] [create] Created (HwWriteEl1detectorYOLO26n/input_layer1 | hw_frame_size: 1228800)
[2026-03-31 14:06:21.068] [8275] [HailoRT] [info] [queue_elements.cpp:284] [create] Created (PushQEl1detectorYOLO26n/input_layer1 | timeout: 10s)
[2026-03-31 14:06:21.068] [8275] [HailoRT] [info] [filter_elements.cpp:101] [create] Created (PreInferEl1detectorYOLO26n/input_layer1 | Reorder - src_order: NHWC, src_shape: (640, 640, 3), dst_order: NHCW, dst_shape: (640, 640, 3))
[2026-03-31 14:06:21.068] [8275] [HailoRT] [info] [vstream.cpp:754] [InputVStreamImpl] Creating detectorYOLO26n/input_layer1...
[2026-03-31 14:06:21.068] [8275] [HailoRT] [info] [vstream_builder.cpp:102] [create_inputs] Input pipeline 'detectorYOLO26n/input_layer1': (PreInferEl1detectorYOLO26n/input_layer1 | Reorder - src_order: NHWC, src_shape: (640, 640, 3), dst_order: NHCW, dst_shape: (640, 640, 3)) >> (PushQEl1detectorYOLO26n/input_layer1 | timeout: 10s) >> (HwWriteEl1detectorYOLO26n/input_layer1 | hw_frame_size: 1228800) >> HW
[2026-03-31 14:06:21.068] [8275] [HailoRT] [info] [edge_elements.cpp:287] [create] Created (HwReadEl0detectorYOLO26n/concat23 | hw_frame_size: 42000)
[2026-03-31 14:06:21.068] [8275] [HailoRT] [info] [queue_elements.cpp:800] [create] Created (UserBuffQEl0detectorYOLO26n/concat23 | timeout: 10s)
[2026-03-31 14:06:21.068] [8275] [HailoRT] [info] [vstream.cpp:1114] [OutputVStreamImpl] Creating detectorYOLO26n/concat23...
[2026-03-31 14:06:21.068] [8275] [HailoRT] [info] [vstream_builder.cpp:220] [create_outputs] Output pipeline 'detectorYOLO26n/concat23': HW >> (HwReadEl0detectorYOLO26n/concat23 | hw_frame_size: 42000) >> (UserBuffQEl0detectorYOLO26n/concat23 | timeout: 10s)
[2026-03-31 14:06:21.085] [9866] [HailoRT] [info] [queue_elements.cpp:855] [run_in_thread] Shutdown event was signaled in dequeue of UserBuffQEl0detectorYOLO26n/concat23!
[2026-03-31 14:06:21.085] [8275] [HailoRT] [info] [queue_elements.cpp:46] [~BaseQueueElement] Queue element UserBuffQEl0detectorYOLO26n/concat23 has 0 frames in his Queue on destruction
[2026-03-31 14:06:21.085] [9865] [HailoRT] [info] [queue_elements.cpp:68] [operator()] Thread in element PushQEl1detectorYOLO26n/input_layer1 is not running anymore, exiting..
[2026-03-31 14:06:21.085] [8275] [HailoRT] [info] [queue_elements.cpp:46] [~BaseQueueElement] Queue element PushQEl1detectorYOLO26n/input_layer1 has 0 frames in his Queue on destruction
[2026-03-31 14:06:21.086] [8275] [HailoRT] [info] [core_op.cpp:186] [deactivate] Deactivating took 0.606758 ms
[2026-03-31 14:06:21.086] [8275] [HailoRT] [info] [core_op.cpp:186] [deactivate] Deactivating took 0.620369 ms
[2026-03-31 14:06:21.139] [8275] [HailoRT] [info] [core_op.cpp:156] [activate] Activating detectorYOLO26n took 0.277259 milliseconds. Note that the function is asynchronous and thus the network is not fully activated yet.
[2026-03-31 14:06:21.139] [8275] [HailoRT] [info] [core_op.cpp:156] [activate] Activating detectorYOLO26n took 0.302425 milliseconds. Note that the function is asynchronous and thus the network is not fully activated yet.
[2026-03-31 14:06:21.139] [8275] [HailoRT] [info] [edge_elements.cpp:52] [create] Created (HwWriteEl1detectorYOLO26n/input_layer1 | hw_frame_size: 1228800)
[2026-03-31 14:06:21.139] [8275] [HailoRT] [info] [queue_elements.cpp:284] [create] Created (PushQEl1detectorYOLO26n/input_layer1 | timeout: 10s)
[2026-03-31 14:06:21.139] [8275] [HailoRT] [info] [filter_elements.cpp:101] [create] Created (PreInferEl1detectorYOLO26n/input_layer1 | Reorder - src_order: NHWC, src_shape: (640, 640, 3), dst_order: NHCW, dst_shape: (640, 640, 3))
[2026-03-31 14:06:21.139] [8275] [HailoRT] [info] [vstream.cpp:754] [InputVStreamImpl] Creating detectorYOLO26n/input_layer1...
[2026-03-31 14:06:21.139] [8275] [HailoRT] [info] [vstream_builder.cpp:102] [create_inputs] Input pipeline 'detectorYOLO26n/input_layer1': (PreInferEl1detectorYOLO26n/input_layer1 | Reorder - src_order: NHWC, src_shape: (640, 640, 3), dst_order: NHCW, dst_shape: (640, 640, 3)) >> (PushQEl1detectorYOLO26n/input_layer1 | timeout: 10s) >> (HwWriteEl1detectorYOLO26n/input_layer1 | hw_frame_size: 1228800) >> HW
[2026-03-31 14:06:21.139] [8275] [HailoRT] [info] [edge_elements.cpp:287] [create] Created (HwReadEl0detectorYOLO26n/concat23 | hw_frame_size: 42000)
[2026-03-31 14:06:21.139] [8275] [HailoRT] [info] [queue_elements.cpp:800] [create] Created (UserBuffQEl0detectorYOLO26n/concat23 | timeout: 10s)
[2026-03-31 14:06:21.139] [8275] [HailoRT] [info] [vstream.cpp:1114] [OutputVStreamImpl] Creating detectorYOLO26n/concat23...
[2026-03-31 14:06:21.139] [8275] [HailoRT] [info] [vstream_builder.cpp:220] [create_outputs] Output pipeline 'detectorYOLO26n/concat23': HW >> (HwReadEl0detectorYOLO26n/concat23 | hw_frame_size: 42000) >> (UserBuffQEl0detectorYOLO26n/concat23 | timeout: 10s)
[2026-03-31 14:06:21.155] [9870] [HailoRT] [info] [queue_elements.cpp:855] [run_in_thread] Shutdown event was signaled in dequeue of UserBuffQEl0detectorYOLO26n/concat23!
[2026-03-31 14:06:21.155] [9870] [HailoRT] [info] [queue_elements.cpp:68] [operator()] Thread in element UserBuffQEl0detectorYOLO26n/concat23 is not running anymore, exiting..
[2026-03-31 14:06:21.155] [8275] [HailoRT] [info] [queue_elements.cpp:46] [~BaseQueueElement] Queue element UserBuffQEl0detectorYOLO26n/concat23 has 0 frames in his Queue on destruction
[2026-03-31 14:06:21.155] [9869] [HailoRT] [info] [queue_elements.cpp:68] [operator()] Thread in element PushQEl1detectorYOLO26n/input_layer1 is not running anymore, exiting..
[2026-03-31 14:06:21.155] [8275] [HailoRT] [info] [queue_elements.cpp:46] [~BaseQueueElement] Queue element PushQEl1detectorYOLO26n/input_layer1 has 0 frames in his Queue on destruction
[2026-03-31 14:06:21.155] [8275] [HailoRT] [info] [core_op.cpp:186] [deactivate] Deactivating took 0.61622 ms
[2026-03-31 14:06:21.155] [8275] [HailoRT] [info] [core_op.cpp:186] [deactivate] Deactivating took 0.626184 ms
[2026-03-31 14:06:21.208] [8275] [HailoRT] [info] [core_op.cpp:156] [activate] Activating detectorYOLO26n took 0.266259 milliseconds. Note that the function is asynchronous and thus the network is not fully activated yet.
[2026-03-31 14:06:21.208] [8275] [HailoRT] [info] [core_op.cpp:156] [activate] Activating detectorYOLO26n took 0.320666 milliseconds. Note that the function is asynchronous and thus the network is not fully activated yet.
[2026-03-31 14:06:21.208] [8275] [HailoRT] [info] [edge_elements.cpp:52] [create] Created (HwWriteEl1detectorYOLO26n/input_layer1 | hw_frame_size: 1228800)
[2026-03-31 14:06:21.208] [8275] [HailoRT] [info] [queue_elements.cpp:284] [create] Created (PushQEl1detectorYOLO26n/input_layer1 | timeout: 10s)
[2026-03-31 14:06:21.208] [8275] [HailoRT] [info] [filter_elements.cpp:101] [create] Created (PreInferEl1detectorYOLO26n/input_layer1 | Reorder - src_order: NHWC, src_shape: (640, 640, 3), dst_order: NHCW, dst_shape: (640, 640, 3))
[2026-03-31 14:06:21.208] [8275] [HailoRT] [info] [vstream.cpp:754] [InputVStreamImpl] Creating detectorYOLO26n/input_layer1...
[2026-03-31 14:06:21.208] [8275] [HailoRT] [info] [vstream_builder.cpp:102] [create_inputs] Input pipeline 'detectorYOLO26n/input_layer1': (PreInferEl1detectorYOLO26n/input_layer1 | Reorder - src_order: NHWC, src_shape: (640, 640, 3), dst_order: NHCW, dst_shape: (640, 640, 3)) >> (PushQEl1detectorYOLO26n/input_layer1 | timeout: 10s) >> (HwWriteEl1detectorYOLO26n/input_layer1 | hw_frame_size: 1228800) >> HW
[2026-03-31 14:06:21.208] [8275] [HailoRT] [info] [edge_elements.cpp:287] [create] Created (HwReadEl0detectorYOLO26n/concat23 | hw_frame_size: 42000)
[2026-03-31 14:06:21.208] [8275] [HailoRT] [info] [queue_elements.cpp:800] [create] Created (UserBuffQEl0detectorYOLO26n/concat23 | timeout: 10s)
[2026-03-31 14:06:21.208] [8275] [HailoRT] [info] [vstream.cpp:1114] [OutputVStreamImpl] Creating detectorYOLO26n/concat23...
[2026-03-31 14:06:21.208] [8275] [HailoRT] [info] [vstream_builder.cpp:220] [create_outputs] Output pipeline 'detectorYOLO26n/concat23': HW >> (HwReadEl0detectorYOLO26n/concat23 | hw_frame_size: 42000) >> (UserBuffQEl0detectorYOLO26n/concat23 | timeout: 10s)
[2026-03-31 14:06:21.224] [9874] [HailoRT] [info] [queue_elements.cpp:855] [run_in_thread] Shutdown event was signaled in dequeue of UserBuffQEl0detectorYOLO26n/concat23!
[2026-03-31 14:06:21.224] [9874] [HailoRT] [info] [queue_elements.cpp:68] [operator()] Thread in element UserBuffQEl0detectorYOLO26n/concat23 is not running anymore, exiting..
[2026-03-31 14:06:21.224] [8275] [HailoRT] [info] [queue_elements.cpp:46] [~BaseQueueElement] Queue element UserBuffQEl0detectorYOLO26n/concat23 has 0 frames in his Queue on destruction
[2026-03-31 14:06:21.224] [9873] [HailoRT] [info] [queue_elements.cpp:68] [operator()] Thread in element PushQEl1detectorYOLO26n/input_layer1 is not running anymore, exiting..
[2026-03-31 14:06:21.224] [8275] [HailoRT] [info] [queue_elements.cpp:46] [~BaseQueueElement] Queue element PushQEl1detectorYOLO26n/input_layer1 has 0 frames in his Queue on destruction
[2026-03-31 14:06:21.224] [8275] [HailoRT] [info] [core_op.cpp:186] [deactivate] Deactivating took 0.602258 ms
[2026-03-31 14:06:21.224] [8275] [HailoRT] [info] [core_op.cpp:186] [deactivate] Deactivating took 0.61048 ms
[2026-03-31 14:06:21.278] [8275] [HailoRT] [info] [core_op.cpp:156] [activate] Activating detectorYOLO26n took 0.27924 milliseconds. Note that the function is asynchronous and thus the network is not fully activated yet.
[2026-03-31 14:06:21.278] [8275] [HailoRT] [info] [core_op.cpp:156] [activate] Activating detectorYOLO26n took 0.307333 milliseconds. Note that the function is asynchronous and thus the network is not fully activated yet.
[2026-03-31 14:06:21.278] [8275] [HailoRT] [info] [edge_elements.cpp:52] [create] Created (HwWriteEl1detectorYOLO26n/input_layer1 | hw_frame_size: 1228800)
[2026-03-31 14:06:21.278] [8275] [HailoRT] [info] [queue_elements.cpp:284] [create] Created (PushQEl1detectorYOLO26n/input_layer1 | timeout: 10s)
[2026-03-31 14:06:21.278] [8275] [HailoRT] [info] [filter_elements.cpp:101] [create] Created (PreInferEl1detectorYOLO26n/input_layer1 | Reorder - src_order: NHWC, src_shape: (640, 640, 3), dst_order: NHCW, dst_shape: (640, 640, 3))
[2026-03-31 14:06:21.278] [8275] [HailoRT] [info] [vstream.cpp:754] [InputVStreamImpl] Creating detectorYOLO26n/input_layer1...
[2026-03-31 14:06:21.278] [8275] [HailoRT] [info] [vstream_builder.cpp:102] [create_inputs] Input pipeline 'detectorYOLO26n/input_layer1': (PreInferEl1detectorYOLO26n/input_layer1 | Reorder - src_order: NHWC, src_shape: (640, 640, 3), dst_order: NHCW, dst_shape: (640, 640, 3)) >> (PushQEl1detectorYOLO26n/input_layer1 | timeout: 10s) >> (HwWriteEl1detectorYOLO26n/input_layer1 | hw_frame_size: 1228800) >> HW
[2026-03-31 14:06:21.278] [8275] [HailoRT] [info] [edge_elements.cpp:287] [create] Created (HwReadEl0detectorYOLO26n/concat23 | hw_frame_size: 42000)
[2026-03-31 14:06:21.278] [8275] [HailoRT] [info] [queue_elements.cpp:800] [create] Created (UserBuffQEl0detectorYOLO26n/concat23 | timeout: 10s)
[2026-03-31 14:06:21.278] [8275] [HailoRT] [info] [vstream.cpp:1114] [OutputVStreamImpl] Creating detectorYOLO26n/concat23...
[2026-03-31 14:06:21.278] [8275] [HailoRT] [info] [vstream_builder.cpp:220] [create_outputs] Output pipeline 'detectorYOLO26n/concat23': HW >> (HwReadEl0detectorYOLO26n/concat23 | hw_frame_size: 42000) >> (UserBuffQEl0detectorYOLO26n/concat23 | timeout: 10s)
[2026-03-31 14:06:21.293] [9878] [HailoRT] [info] [queue_elements.cpp:855] [run_in_thread] Shutdown event was signaled in dequeue of UserBuffQEl0detectorYOLO26n/concat23!
[2026-03-31 14:06:21.293] [9878] [HailoRT] [info] [queue_elements.cpp:68] [operator()] Thread in element UserBuffQEl0detectorYOLO26n/concat23 is not running anymore, exiting..
[2026-03-31 14:06:21.293] [8275] [HailoRT] [info] [queue_elements.cpp:46] [~BaseQueueElement] Queue element UserBuffQEl0detectorYOLO26n/concat23 has 0 frames in his Queue on destruction
[2026-03-31 14:06:21.294] [9877] [HailoRT] [info] [queue_elements.cpp:68] [operator()] Thread in element PushQEl1detectorYOLO26n/input_layer1 is not running anymore, exiting..
[2026-03-31 14:06:21.294] [8275] [HailoRT] [info] [queue_elements.cpp:46] [~BaseQueueElement] Queue element PushQEl1detectorYOLO26n/input_layer1 has 0 frames in his Queue on destruction
[2026-03-31 14:06:21.294] [8275] [HailoRT] [info] [core_op.cpp:186] [deactivate] Deactivating took 0.603314 ms
[2026-03-31 14:06:21.294] [8275] [HailoRT] [info] [core_op.cpp:186] [deactivate] Deactivating took 0.612091 ms
[2026-03-31 14:06:21.351] [8275] [HailoRT] [info] [core_op.cpp:156] [activate] Activating detectorYOLO26n took 0.283147 milliseconds. Note that the function is asynchronous and thus the network is not fully activated yet.
[2026-03-31 14:06:21.351] [8275] [HailoRT] [info] [core_op.cpp:156] [activate] Activating detectorYOLO26n took 0.322684 milliseconds. Note that the function is asynchronous and thus the network is not fully activated yet.
[2026-03-31 14:06:21.351] [8275] [HailoRT] [info] [edge_elements.cpp:52] [create] Created (HwWriteEl1detectorYOLO26n/input_layer1 | hw_frame_size: 1228800)
[2026-03-31 14:06:21.352] [8275] [HailoRT] [info] [queue_elements.cpp:284] [create] Created (PushQEl1detectorYOLO26n/input_layer1 | timeout: 10s)
[2026-03-31 14:06:21.352] [8275] [HailoRT] [info] [filter_elements.cpp:101] [create] Created (PreInferEl1detectorYOLO26n/input_layer1 | Reorder - src_order: NHWC, src_shape: (640, 640, 3), dst_order: NHCW, dst_shape: (640, 640, 3))
[2026-03-31 14:06:21.352] [8275] [HailoRT] [info] [vstream.cpp:754] [InputVStreamImpl] Creating detectorYOLO26n/input_layer1...
[2026-03-31 14:06:21.352] [8275] [HailoRT] [info] [vstream_builder.cpp:102] [create_inputs] Input pipeline 'detectorYOLO26n/input_layer1': (PreInferEl1detectorYOLO26n/input_layer1 | Reorder - src_order: NHWC, src_shape: (640, 640, 3), dst_order: NHCW, dst_shape: (640, 640, 3)) >> (PushQEl1detectorYOLO26n/input_layer1 | timeout: 10s) >> (HwWriteEl1detectorYOLO26n/input_layer1 | hw_frame_size: 1228800) >> HW
[2026-03-31 14:06:21.352] [8275] [HailoRT] [info] [edge_elements.cpp:287] [create] Created (HwReadEl0detectorYOLO26n/concat23 | hw_frame_size: 42000)
[2026-03-31 14:06:21.352] [8275] [HailoRT] [info] [queue_elements.cpp:800] [create] Created (UserBuffQEl0detectorYOLO26n/concat23 | timeout: 10s)
[2026-03-31 14:06:21.352] [8275] [HailoRT] [info] [vstream.cpp:1114] [OutputVStreamImpl] Creating detectorYOLO26n/concat23...
[2026-03-31 14:06:21.352] [8275] [HailoRT] [info] [vstream_builder.cpp:220] [create_outputs] Output pipeline 'detectorYOLO26n/concat23': HW >> (HwReadEl0detectorYOLO26n/concat23 | hw_frame_size: 42000) >> (UserBuffQEl0detectorYOLO26n/concat23 | timeout: 10s)
[2026-03-31 14:06:21.368] [9882] [HailoRT] [info] [queue_elements.cpp:855] [run_in_thread] Shutdown event was signaled in dequeue of UserBuffQEl0detectorYOLO26n/concat23!
[2026-03-31 14:06:21.368] [9882] [HailoRT] [info] [queue_elements.cpp:68] [operator()] Thread in element UserBuffQEl0detectorYOLO26n/concat23 is not running anymore, exiting..
[2026-03-31 14:06:21.368] [8275] [HailoRT] [info] [queue_elements.cpp:46] [~BaseQueueElement] Queue element UserBuffQEl0detectorYOLO26n/concat23 has 0 frames in his Queue on destruction
[2026-03-31 14:06:21.368] [9881] [HailoRT] [info] [queue_elements.cpp:68] [operator()] Thread in element PushQEl1detectorYOLO26n/input_layer1 is not running anymore, exiting..
[2026-03-31 14:06:21.368] [8275] [HailoRT] [info] [queue_elements.cpp:46] [~BaseQueueElement] Queue element PushQEl1detectorYOLO26n/input_layer1 has 0 frames in his Queue on destruction
[2026-03-31 14:06:21.368] [8275] [HailoRT] [info] [core_op.cpp:186] [deactivate] Deactivating took 0.616777 ms
[2026-03-31 14:06:21.368] [8275] [HailoRT] [info] [core_op.cpp:186] [deactivate] Deactivating took 0.629406 ms
[2026-03-31 14:06:21.421] [8275] [HailoRT] [info] [core_op.cpp:156] [activate] Activating detectorYOLO26n took 0.274833 milliseconds. Note that the function is asynchronous and thus the network is not fully activated yet.
[2026-03-31 14:06:21.421] [8275] [HailoRT] [info] [core_op.cpp:156] [activate] Activating detectorYOLO26n took 0.333629 milliseconds. Note that the function is asynchronous and thus the network is not fully activated yet.
[2026-03-31 14:06:21.421] [8275] [HailoRT] [info] [edge_elements.cpp:52] [create] Created (HwWriteEl1detectorYOLO26n/input_layer1 | hw_frame_size: 1228800)
[2026-03-31 14:06:21.422] [8275] [HailoRT] [info] [queue_elements.cpp:284] [create] Created (PushQEl1detectorYOLO26n/input_layer1 | timeout: 10s)
[2026-03-31 14:06:21.422] [8275] [HailoRT] [info] [filter_elements.cpp:101] [create] Created (PreInferEl1detectorYOLO26n/input_layer1 | Reorder - src_order: NHWC, src_shape: (640, 640, 3), dst_order: NHCW, dst_shape: (640, 640, 3))
[2026-03-31 14:06:21.422] [8275] [HailoRT] [info] [vstream.cpp:754] [InputVStreamImpl] Creating detectorYOLO26n/input_layer1...
[2026-03-31 14:06:21.422] [8275] [HailoRT] [info] [vstream_builder.cpp:102] [create_inputs] Input pipeline 'detectorYOLO26n/input_layer1': (PreInferEl1detectorYOLO26n/input_layer1 | Reorder - src_order: NHWC, src_shape: (640, 640, 3), dst_order: NHCW, dst_shape: (640, 640, 3)) >> (PushQEl1detectorYOLO26n/input_layer1 | timeout: 10s) >> (HwWriteEl1detectorYOLO26n/input_layer1 | hw_frame_size: 1228800) >> HW
[2026-03-31 14:06:21.422] [8275] [HailoRT] [info] [edge_elements.cpp:287] [create] Created (HwReadEl0detectorYOLO26n/concat23 | hw_frame_size: 42000)
[2026-03-31 14:06:21.422] [8275] [HailoRT] [info] [queue_elements.cpp:800] [create] Created (UserBuffQEl0detectorYOLO26n/concat23 | timeout: 10s)
[2026-03-31 14:06:21.422] [8275] [HailoRT] [info] [vstream.cpp:1114] [OutputVStreamImpl] Creating detectorYOLO26n/concat23...
[2026-03-31 14:06:21.422] [8275] [HailoRT] [info] [vstream_builder.cpp:220] [create_outputs] Output pipeline 'detectorYOLO26n/concat23': HW >> (HwReadEl0detectorYOLO26n/concat23 | hw_frame_size: 42000) >> (UserBuffQEl0detectorYOLO26n/concat23 | timeout: 10s)
[2026-03-31 14:06:21.437] [9886] [HailoRT] [info] [queue_elements.cpp:855] [run_in_thread] Shutdown event was signaled in dequeue of UserBuffQEl0detectorYOLO26n/concat23!
[2026-03-31 14:06:21.437] [9886] [HailoRT] [info] [queue_elements.cpp:68] [operator()] Thread in element UserBuffQEl0detectorYOLO26n/concat23 is not running anymore, exiting..
[2026-03-31 14:06:21.437] [8275] [HailoRT] [info] [queue_elements.cpp:46] [~BaseQueueElement] Queue element UserBuffQEl0detectorYOLO26n/concat23 has 0 frames in his Queue on destruction
[2026-03-31 14:06:21.437] [9885] [HailoRT] [info] [queue_elements.cpp:68] [operator()] Thread in element PushQEl1detectorYOLO26n/input_layer1 is not running anymore, exiting..
[2026-03-31 14:06:21.437] [8275] [HailoRT] [info] [queue_elements.cpp:46] [~BaseQueueElement] Queue element PushQEl1detectorYOLO26n/input_layer1 has 0 frames in his Queue on destruction
[2026-03-31 14:06:21.438] [8275] [HailoRT] [info] [core_op.cpp:186] [deactivate] Deactivating took 0.601943 ms
[2026-03-31 14:06:21.438] [8275] [HailoRT] [info] [core_op.cpp:186] [deactivate] Deactivating took 0.610554 ms
[2026-03-31 14:06:21.493] [8275] [HailoRT] [info] [core_op.cpp:156] [activate] Activating detectorYOLO26n took 0.301962 milliseconds. Note that the function is asynchronous and thus the network is not fully activated yet.
[2026-03-31 14:06:21.493] [8275] [HailoRT] [info] [core_op.cpp:156] [activate] Activating detectorYOLO26n took 0.334314 milliseconds. Note that the function is asynchronous and thus the network is not fully activated yet.
[2026-03-31 14:06:21.493] [8275] [HailoRT] [info] [edge_elements.cpp:52] [create] Created (HwWriteEl1detectorYOLO26n/input_layer1 | hw_frame_size: 1228800)
[2026-03-31 14:06:21.493] [8275] [HailoRT] [info] [queue_elements.cpp:284] [create] Created (PushQEl1detectorYOLO26n/input_layer1 | timeout: 10s)
[2026-03-31 14:06:21.493] [8275] [HailoRT] [info] [filter_elements.cpp:101] [create] Created (PreInferEl1detectorYOLO26n/input_layer1 | Reorder - src_order: NHWC, src_shape: (640, 640, 3), dst_order: NHCW, dst_shape: (640, 640, 3))
[2026-03-31 14:06:21.493] [8275] [HailoRT] [info] [vstream.cpp:754] [InputVStreamImpl] Creating detectorYOLO26n/input_layer1...
[2026-03-31 14:06:21.493] [8275] [HailoRT] [info] [vstream_builder.cpp:102] [create_inputs] Input pipeline 'detectorYOLO26n/input_layer1': (PreInferEl1detectorYOLO26n/input_layer1 | Reorder - src_order: NHWC, src_shape: (640, 640, 3), dst_order: NHCW, dst_shape: (640, 640, 3)) >> (PushQEl1detectorYOLO26n/input_layer1 | timeout: 10s) >> (HwWriteEl1detectorYOLO26n/input_layer1 | hw_frame_size: 1228800) >> HW
[2026-03-31 14:06:21.493] [8275] [HailoRT] [info] [edge_elements.cpp:287] [create] Created (HwReadEl0detectorYOLO26n/concat23 | hw_frame_size: 42000)
[2026-03-31 14:06:21.494] [8275] [HailoRT] [info] [queue_elements.cpp:800] [create] Created (UserBuffQEl0detectorYOLO26n/concat23 | timeout: 10s)
[2026-03-31 14:06:21.494] [8275] [HailoRT] [info] [vstream.cpp:1114] [OutputVStreamImpl] Creating detectorYOLO26n/concat23...
[2026-03-31 14:06:21.494] [8275] [HailoRT] [info] [vstream_builder.cpp:220] [create_outputs] Output pipeline 'detectorYOLO26n/concat23': HW >> (HwReadEl0detectorYOLO26n/concat23 | hw_frame_size: 42000) >> (UserBuffQEl0detectorYOLO26n/concat23 | timeout: 10s)
[2026-03-31 14:06:21.509] [9890] [HailoRT] [info] [queue_elements.cpp:855] [run_in_thread] Shutdown event was signaled in dequeue of UserBuffQEl0detectorYOLO26n/concat23!
[2026-03-31 14:06:21.509] [9890] [HailoRT] [info] [queue_elements.cpp:68] [operator()] Thread in element UserBuffQEl0detectorYOLO26n/concat23 is not running anymore, exiting..
[2026-03-31 14:06:21.509] [8275] [HailoRT] [info] [queue_elements.cpp:46] [~BaseQueueElement] Queue element UserBuffQEl0detectorYOLO26n/concat23 has 0 frames in his Queue on destruction
[2026-03-31 14:06:21.509] [9889] [HailoRT] [info] [queue_elements.cpp:68] [operator()] Thread in element PushQEl1detectorYOLO26n/input_layer1 is not running anymore, exiting..
[2026-03-31 14:06:21.509] [8275] [HailoRT] [info] [queue_elements.cpp:46] [~BaseQueueElement] Queue element PushQEl1detectorYOLO26n/input_layer1 has 0 frames in his Queue on destruction
[2026-03-31 14:06:21.510] [8275] [HailoRT] [info] [core_op.cpp:186] [deactivate] Deactivating took 0.608646 ms
[2026-03-31 14:06:21.510] [8275] [HailoRT] [info] [core_op.cpp:186] [deactivate] Deactivating took 0.61837 ms
[2026-03-31 14:06:21.564] [8275] [HailoRT] [info] [core_op.cpp:156] [activate] Activating detectorYOLO26n took 0.277388 milliseconds. Note that the function is asynchronous and thus the network is not fully activated yet.
[2026-03-31 14:06:21.564] [8275] [HailoRT] [info] [core_op.cpp:156] [activate] Activating detectorYOLO26n took 0.305481 milliseconds. Note that the function is asynchronous and thus the network is not fully activated yet.
[2026-03-31 14:06:21.564] [8275] [HailoRT] [info] [edge_elements.cpp:52] [create] Created (HwWriteEl1detectorYOLO26n/input_layer1 | hw_frame_size: 1228800)
[2026-03-31 14:06:21.564] [8275] [HailoRT] [info] [queue_elements.cpp:284] [create] Created (PushQEl1detectorYOLO26n/input_layer1 | timeout: 10s)
[2026-03-31 14:06:21.564] [8275] [HailoRT] [info] [filter_elements.cpp:101] [create] Created (PreInferEl1detectorYOLO26n/input_layer1 | Reorder - src_order: NHWC, src_shape: (640, 640, 3), dst_order: NHCW, dst_shape: (640, 640, 3))
[2026-03-31 14:06:21.564] [8275] [HailoRT] [info] [vstream.cpp:754] [InputVStreamImpl] Creating detectorYOLO26n/input_layer1...
[2026-03-31 14:06:21.564] [8275] [HailoRT] [info] [vstream_builder.cpp:102] [create_inputs] Input pipeline 'detectorYOLO26n/input_layer1': (PreInferEl1detectorYOLO26n/input_layer1 | Reorder - src_order: NHWC, src_shape: (640, 640, 3), dst_order: NHCW, dst_shape: (640, 640, 3)) >> (PushQEl1detectorYOLO26n/input_layer1 | timeout: 10s) >> (HwWriteEl1detectorYOLO26n/input_layer1 | hw_frame_size: 1228800) >> HW
[2026-03-31 14:06:21.564] [8275] [HailoRT] [info] [edge_elements.cpp:287] [create] Created (HwReadEl0detectorYOLO26n/concat23 | hw_frame_size: 42000)
[2026-03-31 14:06:21.564] [8275] [HailoRT] [info] [queue_elements.cpp:800] [create] Created (UserBuffQEl0detectorYOLO26n/concat23 | timeout: 10s)
[2026-03-31 14:06:21.564] [8275] [HailoRT] [info] [vstream.cpp:1114] [OutputVStreamImpl] Creating detectorYOLO26n/concat23...
[2026-03-31 14:06:21.564] [8275] [HailoRT] [info] [vstream_builder.cpp:220] [create_outputs] Output pipeline 'detectorYOLO26n/concat23': HW >> (HwReadEl0detectorYOLO26n/concat23 | hw_frame_size: 42000) >> (UserBuffQEl0detectorYOLO26n/concat23 | timeout: 10s)
[2026-03-31 14:06:21.580] [9894] [HailoRT] [info] [queue_elements.cpp:855] [run_in_thread] Shutdown event was signaled in dequeue of UserBuffQEl0detectorYOLO26n/concat23!
[2026-03-31 14:06:21.580] [9894] [HailoRT] [info] [queue_elements.cpp:68] [operator()] Thread in element UserBuffQEl0detectorYOLO26n/concat23 is not running anymore, exiting..
[2026-03-31 14:06:21.580] [8275] [HailoRT] [info] [queue_elements.cpp:46] [~BaseQueueElement] Queue element UserBuffQEl0detectorYOLO26n/concat23 has 0 frames in his Queue on destruction
[2026-03-31 14:06:21.580] [9893] [HailoRT] [info] [queue_elements.cpp:68] [operator()] Thread in element PushQEl1detectorYOLO26n/input_layer1 is not running anymore, exiting..
[2026-03-31 14:06:21.580] [8275] [HailoRT] [info] [queue_elements.cpp:46] [~BaseQueueElement] Queue element PushQEl1detectorYOLO26n/input_layer1 has 0 frames in his Queue on destruction
[2026-03-31 14:06:21.581] [8275] [HailoRT] [info] [core_op.cpp:186] [deactivate] Deactivating took 0.603795 ms
[2026-03-31 14:06:21.581] [8275] [HailoRT] [info] [core_op.cpp:186] [deactivate] Deactivating took 0.612517 ms
[2026-03-31 14:06:21.636] [8275] [HailoRT] [info] [core_op.cpp:156] [activate] Activating detectorYOLO26n took 0.31487 milliseconds. Note that the function is asynchronous and thus the network is not fully activated yet.
[2026-03-31 14:06:21.636] [8275] [HailoRT] [info] [core_op.cpp:156] [activate] Activating detectorYOLO26n took 0.356851 milliseconds. Note that the function is asynchronous and thus the network is not fully activated yet.
[2026-03-31 14:06:21.637] [8275] [HailoRT] [info] [edge_elements.cpp:52] [create] Created (HwWriteEl1detectorYOLO26n/input_layer1 | hw_frame_size: 1228800)
[2026-03-31 14:06:21.637] [8275] [HailoRT] [info] [queue_elements.cpp:284] [create] Created (PushQEl1detectorYOLO26n/input_layer1 | timeout: 10s)
[2026-03-31 14:06:21.637] [8275] [HailoRT] [info] [filter_elements.cpp:101] [create] Created (PreInferEl1detectorYOLO26n/input_layer1 | Reorder - src_order: NHWC, src_shape: (640, 640, 3), dst_order: NHCW, dst_shape: (640, 640, 3))
[2026-03-31 14:06:21.637] [8275] [HailoRT] [info] [vstream.cpp:754] [InputVStreamImpl] Creating detectorYOLO26n/input_layer1...
[2026-03-31 14:06:21.637] [8275] [HailoRT] [info] [vstream_builder.cpp:102] [create_inputs] Input pipeline 'detectorYOLO26n/input_layer1': (PreInferEl1detectorYOLO26n/input_layer1 | Reorder - src_order: NHWC, src_shape: (640, 640, 3), dst_order: NHCW, dst_shape: (640, 640, 3)) >> (PushQEl1detectorYOLO26n/input_layer1 | timeout: 10s) >> (HwWriteEl1detectorYOLO26n/input_layer1 | hw_frame_size: 1228800) >> HW
[2026-03-31 14:06:21.637] [8275] [HailoRT] [info] [edge_elements.cpp:287] [create] Created (HwReadEl0detectorYOLO26n/concat23 | hw_frame_size: 42000)
[2026-03-31 14:06:21.637] [8275] [HailoRT] [info] [queue_elements.cpp:800] [create] Created (UserBuffQEl0detectorYOLO26n/concat23 | timeout: 10s)
[2026-03-31 14:06:21.637] [8275] [HailoRT] [info] [vstream.cpp:1114] [OutputVStreamImpl] Creating detectorYOLO26n/concat23...
[2026-03-31 14:06:21.637] [8275] [HailoRT] [info] [vstream_builder.cpp:220] [create_outputs] Output pipeline 'detectorYOLO26n/concat23': HW >> (HwReadEl0detectorYOLO26n/concat23 | hw_frame_size: 42000) >> (UserBuffQEl0detectorYOLO26n/concat23 | timeout: 10s)
[2026-03-31 14:06:21.653] [9898] [HailoRT] [info] [queue_elements.cpp:855] [run_in_thread] Shutdown event was signaled in dequeue of UserBuffQEl0detectorYOLO26n/concat23!
[2026-03-31 14:06:21.653] [9898] [HailoRT] [info] [queue_elements.cpp:68] [operator()] Thread in element UserBuffQEl0detectorYOLO26n/concat23 is not running anymore, exiting..
[2026-03-31 14:06:21.653] [8275] [HailoRT] [info] [queue_elements.cpp:46] [~BaseQueueElement] Queue element UserBuffQEl0detectorYOLO26n/concat23 has 0 frames in his Queue on destruction
[2026-03-31 14:06:21.654] [8275] [HailoRT] [info] [queue_elements.cpp:46] [~BaseQueueElement] Queue element PushQEl1detectorYOLO26n/input_layer1 has 0 frames in his Queue on destruction
[2026-03-31 14:06:21.654] [8275] [HailoRT] [info] [core_op.cpp:186] [deactivate] Deactivating took 0.631183 ms
[2026-03-31 14:06:21.654] [8275] [HailoRT] [info] [core_op.cpp:186] [deactivate] Deactivating took 0.644887 ms
[2026-03-31 14:06:21.723] [8275] [HailoRT] [info] [core_op.cpp:156] [activate] Activating detectorYOLO26n took 0.332406 milliseconds. Note that the function is asynchronous and thus the network is not fully activated yet.
[2026-03-31 14:06:21.723] [8275] [HailoRT] [info] [core_op.cpp:156] [activate] Activating detectorYOLO26n took 0.387814 milliseconds. Note that the function is asynchronous and thus the network is not fully activated yet.
[2026-03-31 14:06:21.723] [8275] [HailoRT] [info] [edge_elements.cpp:52] [create] Created (HwWriteEl1detectorYOLO26n/input_layer1 | hw_frame_size: 1228800)
[2026-03-31 14:06:21.723] [8275] [HailoRT] [info] [queue_elements.cpp:284] [create] Created (PushQEl1detectorYOLO26n/input_layer1 | timeout: 10s)
[2026-03-31 14:06:21.723] [8275] [HailoRT] [info] [filter_elements.cpp:101] [create] Created (PreInferEl1detectorYOLO26n/input_layer1 | Reorder - src_order: NHWC, src_shape: (640, 640, 3), dst_order: NHCW, dst_shape: (640, 640, 3))
[2026-03-31 14:06:21.723] [8275] [HailoRT] [info] [vstream.cpp:754] [InputVStreamImpl] Creating detectorYOLO26n/input_layer1...
[2026-03-31 14:06:21.723] [8275] [HailoRT] [info] [vstream_builder.cpp:102] [create_inputs] Input pipeline 'detectorYOLO26n/input_layer1': (PreInferEl1detectorYOLO26n/input_layer1 | Reorder - src_order: NHWC, src_shape: (640, 640, 3), dst_order: NHCW, dst_shape: (640, 640, 3)) >> (PushQEl1detectorYOLO26n/input_layer1 | timeout: 10s) >> (HwWriteEl1detectorYOLO26n/input_layer1 | hw_frame_size: 1228800) >> HW
[2026-03-31 14:06:21.724] [8275] [HailoRT] [info] [edge_elements.cpp:287] [create] Created (HwReadEl0detectorYOLO26n/concat23 | hw_frame_size: 42000)
[2026-03-31 14:06:21.724] [8275] [HailoRT] [info] [queue_elements.cpp:800] [create] Created (UserBuffQEl0detectorYOLO26n/concat23 | timeout: 10s)
[2026-03-31 14:06:21.724] [8275] [HailoRT] [info] [vstream.cpp:1114] [OutputVStreamImpl] Creating detectorYOLO26n/concat23...
[2026-03-31 14:06:21.724] [8275] [HailoRT] [info] [vstream_builder.cpp:220] [create_outputs] Output pipeline 'detectorYOLO26n/concat23': HW >> (HwReadEl0detectorYOLO26n/concat23 | hw_frame_size: 42000) >> (UserBuffQEl0detectorYOLO26n/concat23 | timeout: 10s)
[2026-03-31 14:06:21.739] [9902] [HailoRT] [info] [queue_elements.cpp:855] [run_in_thread] Shutdown event was signaled in dequeue of UserBuffQEl0detectorYOLO26n/concat23!
[2026-03-31 14:06:21.739] [9902] [HailoRT] [info] [queue_elements.cpp:68] [operator()] Thread in element UserBuffQEl0detectorYOLO26n/concat23 is not running anymore, exiting..
[2026-03-31 14:06:21.739] [8275] [HailoRT] [info] [queue_elements.cpp:46] [~BaseQueueElement] Queue element UserBuffQEl0detectorYOLO26n/concat23 has 0 frames in his Queue on destruction
[2026-03-31 14:06:21.739] [9901] [HailoRT] [info] [queue_elements.cpp:68] [operator()] Thread in element PushQEl1detectorYOLO26n/input_layer1 is not running anymore, exiting..
[2026-03-31 14:06:21.739] [8275] [HailoRT] [info] [queue_elements.cpp:46] [~BaseQueueElement] Queue element PushQEl1detectorYOLO26n/input_layer1 has 0 frames in his Queue on destruction
[2026-03-31 14:06:21.740] [8275] [HailoRT] [info] [core_op.cpp:186] [deactivate] Deactivating took 0.602647 ms
[2026-03-31 14:06:21.740] [8275] [HailoRT] [info] [core_op.cpp:186] [deactivate] Deactivating took 0.611609 ms
[2026-03-31 14:06:21.795] [8275] [HailoRT] [info] [core_op.cpp:156] [activate] Activating detectorYOLO26n took 2.383495 milliseconds. Note that the function is asynchronous and thus the network is not fully activated yet.
[2026-03-31 14:06:21.795] [8275] [HailoRT] [info] [core_op.cpp:156] [activate] Activating detectorYOLO26n took 2.419476 milliseconds. Note that the function is asynchronous and thus the network is not fully activated yet.
[2026-03-31 14:06:21.795] [8275] [HailoRT] [info] [edge_elements.cpp:52] [create] Created (HwWriteEl1detectorYOLO26n/input_layer1 | hw_frame_size: 1228800)
[2026-03-31 14:06:21.795] [8275] [HailoRT] [info] [queue_elements.cpp:284] [create] Created (PushQEl1detectorYOLO26n/input_layer1 | timeout: 10s)
[2026-03-31 14:06:21.795] [8275] [HailoRT] [info] [filter_elements.cpp:101] [create] Created (PreInferEl1detectorYOLO26n/input_layer1 | Reorder - src_order: NHWC, src_shape: (640, 640, 3), dst_order: NHCW, dst_shape: (640, 640, 3))
[2026-03-31 14:06:21.795] [8275] [HailoRT] [info] [vstream.cpp:754] [InputVStreamImpl] Creating detectorYOLO26n/input_layer1...
[2026-03-31 14:06:21.795] [8275] [HailoRT] [info] [vstream_builder.cpp:102] [create_inputs] Input pipeline 'detectorYOLO26n/input_layer1': (PreInferEl1detectorYOLO26n/input_layer1 | Reorder - src_order: NHWC, src_shape: (640, 640, 3), dst_order: NHCW, dst_shape: (640, 640, 3)) >> (PushQEl1detectorYOLO26n/input_layer1 | timeout: 10s) >> (HwWriteEl1detectorYOLO26n/input_layer1 | hw_frame_size: 1228800) >> HW
[2026-03-31 14:06:21.795] [8275] [HailoRT] [info] [edge_elements.cpp:287] [create] Created (HwReadEl0detectorYOLO26n/concat23 | hw_frame_size: 42000)
[2026-03-31 14:06:21.796] [8275] [HailoRT] [info] [queue_elements.cpp:800] [create] Created (UserBuffQEl0detectorYOLO26n/concat23 | timeout: 10s)
[2026-03-31 14:06:21.796] [8275] [HailoRT] [info] [vstream.cpp:1114] [OutputVStreamImpl] Creating detectorYOLO26n/concat23...
[2026-03-31 14:06:21.796] [8275] [HailoRT] [info] [vstream_builder.cpp:220] [create_outputs] Output pipeline 'detectorYOLO26n/concat23': HW >> (HwReadEl0detectorYOLO26n/concat23 | hw_frame_size: 42000) >> (UserBuffQEl0detectorYOLO26n/concat23 | timeout: 10s)
[2026-03-31 14:06:21.813] [9906] [HailoRT] [info] [queue_elements.cpp:855] [run_in_thread] Shutdown event was signaled in dequeue of UserBuffQEl0detectorYOLO26n/concat23!
[2026-03-31 14:06:21.814] [9906] [HailoRT] [info] [queue_elements.cpp:68] [operator()] Thread in element UserBuffQEl0detectorYOLO26n/concat23 is not running anymore, exiting..
[2026-03-31 14:06:21.814] [8275] [HailoRT] [info] [queue_elements.cpp:46] [~BaseQueueElement] Queue element UserBuffQEl0detectorYOLO26n/concat23 has 0 frames in his Queue on destruction
[2026-03-31 14:06:21.814] [9905] [HailoRT] [info] [queue_elements.cpp:68] [operator()] Thread in element PushQEl1detectorYOLO26n/input_layer1 is not running anymore, exiting..
[2026-03-31 14:06:21.814] [8275] [HailoRT] [info] [queue_elements.cpp:46] [~BaseQueueElement] Queue element PushQEl1detectorYOLO26n/input_layer1 has 0 frames in his Queue on destruction
[2026-03-31 14:06:21.814] [8275] [HailoRT] [info] [core_op.cpp:186] [deactivate] Deactivating took 0.619536 ms
[2026-03-31 14:06:21.814] [8275] [HailoRT] [info] [core_op.cpp:186] [deactivate] Deactivating took 0.63198 ms
[2026-03-31 14:06:21.868] [8275] [HailoRT] [info] [core_op.cpp:156] [activate] Activating detectorYOLO26n took 0.288185 milliseconds. Note that the function is asynchronous and thus the network is not fully activated yet.
[2026-03-31 14:06:21.868] [8275] [HailoRT] [info] [core_op.cpp:156] [activate] Activating detectorYOLO26n took 0.362647 milliseconds. Note that the function is asynchronous and thus the network is not fully activated yet.
[2026-03-31 14:06:21.868] [8275] [HailoRT] [info] [edge_elements.cpp:52] [create] Created (HwWriteEl1detectorYOLO26n/input_layer1 | hw_frame_size: 1228800)
[2026-03-31 14:06:21.868] [8275] [HailoRT] [info] [queue_elements.cpp:284] [create] Created (PushQEl1detectorYOLO26n/input_layer1 | timeout: 10s)
[2026-03-31 14:06:21.868] [8275] [HailoRT] [info] [filter_elements.cpp:101] [create] Created (PreInferEl1detectorYOLO26n/input_layer1 | Reorder - src_order: NHWC, src_shape: (640, 640, 3), dst_order: NHCW, dst_shape: (640, 640, 3))
[2026-03-31 14:06:21.868] [8275] [HailoRT] [info] [vstream.cpp:754] [InputVStreamImpl] Creating detectorYOLO26n/input_layer1...
[2026-03-31 14:06:21.868] [8275] [HailoRT] [info] [vstream_builder.cpp:102] [create_inputs] Input pipeline 'detectorYOLO26n/input_layer1': (PreInferEl1detectorYOLO26n/input_layer1 | Reorder - src_order: NHWC, src_shape: (640, 640, 3), dst_order: NHCW, dst_shape: (640, 640, 3)) >> (PushQEl1detectorYOLO26n/input_layer1 | timeout: 10s) >> (HwWriteEl1detectorYOLO26n/input_layer1 | hw_frame_size: 1228800) >> HW
[2026-03-31 14:06:21.868] [8275] [HailoRT] [info] [edge_elements.cpp:287] [create] Created (HwReadEl0detectorYOLO26n/concat23 | hw_frame_size: 42000)
[2026-03-31 14:06:21.869] [8275] [HailoRT] [info] [queue_elements.cpp:800] [create] Created (UserBuffQEl0detectorYOLO26n/concat23 | timeout: 10s)
[2026-03-31 14:06:21.869] [8275] [HailoRT] [info] [vstream.cpp:1114] [OutputVStreamImpl] Creating detectorYOLO26n/concat23...
[2026-03-31 14:06:21.869] [8275] [HailoRT] [info] [vstream_builder.cpp:220] [create_outputs] Output pipeline 'detectorYOLO26n/concat23': HW >> (HwReadEl0detectorYOLO26n/concat23 | hw_frame_size: 42000) >> (UserBuffQEl0detectorYOLO26n/concat23 | timeout: 10s)
[2026-03-31 14:06:21.884] [9910] [HailoRT] [info] [queue_elements.cpp:855] [run_in_thread] Shutdown event was signaled in dequeue of UserBuffQEl0detectorYOLO26n/concat23!
[2026-03-31 14:06:21.884] [9910] [HailoRT] [info] [queue_elements.cpp:68] [operator()] Thread in element UserBuffQEl0detectorYOLO26n/concat23 is not running anymore, exiting..
[2026-03-31 14:06:21.884] [8275] [HailoRT] [info] [queue_elements.cpp:46] [~BaseQueueElement] Queue element UserBuffQEl0detectorYOLO26n/concat23 has 0 frames in his Queue on destruction
[2026-03-31 14:06:21.884] [9909] [HailoRT] [info] [queue_elements.cpp:68] [operator()] Thread in element PushQEl1detectorYOLO26n/input_layer1 is not running anymore, exiting..
[2026-03-31 14:06:21.884] [8275] [HailoRT] [info] [queue_elements.cpp:46] [~BaseQueueElement] Queue element PushQEl1detectorYOLO26n/input_layer1 has 0 frames in his Queue on destruction
[2026-03-31 14:06:21.884] [8275] [HailoRT] [info] [core_op.cpp:186] [deactivate] Deactivating took 0.602758 ms
[2026-03-31 14:06:21.884] [8275] [HailoRT] [info] [core_op.cpp:186] [deactivate] Deactivating took 0.612054 ms
[2026-03-31 14:06:21.938] [8275] [HailoRT] [info] [core_op.cpp:156] [activate] Activating detectorYOLO26n took 0.348703 milliseconds. Note that the function is asynchronous and thus the network is not fully activated yet.
[2026-03-31 14:06:21.938] [8275] [HailoRT] [info] [core_op.cpp:156] [activate] Activating detectorYOLO26n took 0.391333 milliseconds. Note that the function is asynchronous and thus the network is not fully activated yet.
[2026-03-31 14:06:21.939] [8275] [HailoRT] [info] [edge_elements.cpp:52] [create] Created (HwWriteEl1detectorYOLO26n/input_layer1 | hw_frame_size: 1228800)
[2026-03-31 14:06:21.939] [8275] [HailoRT] [info] [queue_elements.cpp:284] [create] Created (PushQEl1detectorYOLO26n/input_layer1 | timeout: 10s)
[2026-03-31 14:06:21.939] [8275] [HailoRT] [info] [filter_elements.cpp:101] [create] Created (PreInferEl1detectorYOLO26n/input_layer1 | Reorder - src_order: NHWC, src_shape: (640, 640, 3), dst_order: NHCW, dst_shape: (640, 640, 3))
[2026-03-31 14:06:21.939] [8275] [HailoRT] [info] [vstream.cpp:754] [InputVStreamImpl] Creating detectorYOLO26n/input_layer1...
[2026-03-31 14:06:21.939] [8275] [HailoRT] [info] [vstream_builder.cpp:102] [create_inputs] Input pipeline 'detectorYOLO26n/input_layer1': (PreInferEl1detectorYOLO26n/input_layer1 | Reorder - src_order: NHWC, src_shape: (640, 640, 3), dst_order: NHCW, dst_shape: (640, 640, 3)) >> (PushQEl1detectorYOLO26n/input_layer1 | timeout: 10s) >> (HwWriteEl1detectorYOLO26n/input_layer1 | hw_frame_size: 1228800) >> HW
[2026-03-31 14:06:21.939] [8275] [HailoRT] [info] [edge_elements.cpp:287] [create] Created (HwReadEl0detectorYOLO26n/concat23 | hw_frame_size: 42000)
[2026-03-31 14:06:21.939] [8275] [HailoRT] [info] [queue_elements.cpp:800] [create] Created (UserBuffQEl0detectorYOLO26n/concat23 | timeout: 10s)
[2026-03-31 14:06:21.939] [8275] [HailoRT] [info] [vstream.cpp:1114] [OutputVStreamImpl] Creating detectorYOLO26n/concat23...
[2026-03-31 14:06:21.939] [8275] [HailoRT] [info] [vstream_builder.cpp:220] [create_outputs] Output pipeline 'detectorYOLO26n/concat23': HW >> (HwReadEl0detectorYOLO26n/concat23 | hw_frame_size: 42000) >> (UserBuffQEl0detectorYOLO26n/concat23 | timeout: 10s)
[2026-03-31 14:06:21.955] [9914] [HailoRT] [info] [queue_elements.cpp:855] [run_in_thread] Shutdown event was signaled in dequeue of UserBuffQEl0detectorYOLO26n/concat23!
[2026-03-31 14:06:21.955] [9914] [HailoRT] [info] [queue_elements.cpp:68] [operator()] Thread in element UserBuffQEl0detectorYOLO26n/concat23 is not running anymore, exiting..
[2026-03-31 14:06:21.955] [8275] [HailoRT] [info] [queue_elements.cpp:46] [~BaseQueueElement] Queue element UserBuffQEl0detectorYOLO26n/concat23 has 0 frames in his Queue on destruction
[2026-03-31 14:06:21.955] [9913] [HailoRT] [info] [queue_elements.cpp:68] [operator()] Thread in element PushQEl1detectorYOLO26n/input_layer1 is not running anymore, exiting..
[2026-03-31 14:06:21.955] [8275] [HailoRT] [info] [queue_elements.cpp:46] [~BaseQueueElement] Queue element PushQEl1detectorYOLO26n/input_layer1 has 0 frames in his Queue on destruction
[2026-03-31 14:06:21.956] [8275] [HailoRT] [info] [core_op.cpp:186] [deactivate] Deactivating took 0.645444 ms
[2026-03-31 14:06:21.956] [8275] [HailoRT] [info] [core_op.cpp:186] [deactivate] Deactivating took 0.658313 ms
[2026-03-31 14:06:22.008] [8275] [HailoRT] [info] [core_op.cpp:156] [activate] Activating detectorYOLO26n took 0.27824 milliseconds. Note that the function is asynchronous and thus the network is not fully activated yet.
[2026-03-31 14:06:22.008] [8275] [HailoRT] [info] [core_op.cpp:156] [activate] Activating detectorYOLO26n took 0.30661 milliseconds. Note that the function is asynchronous and thus the network is not fully activated yet.
[2026-03-31 14:06:22.008] [8275] [HailoRT] [info] [edge_elements.cpp:52] [create] Created (HwWriteEl1detectorYOLO26n/input_layer1 | hw_frame_size: 1228800)
[2026-03-31 14:06:22.008] [8275] [HailoRT] [info] [queue_elements.cpp:284] [create] Created (PushQEl1detectorYOLO26n/input_layer1 | timeout: 10s)
[2026-03-31 14:06:22.008] [8275] [HailoRT] [info] [filter_elements.cpp:101] [create] Created (PreInferEl1detectorYOLO26n/input_layer1 | Reorder - src_order: NHWC, src_shape: (640, 640, 3), dst_order: NHCW, dst_shape: (640, 640, 3))
[2026-03-31 14:06:22.008] [8275] [HailoRT] [info] [vstream.cpp:754] [InputVStreamImpl] Creating detectorYOLO26n/input_layer1...
[2026-03-31 14:06:22.008] [8275] [HailoRT] [info] [vstream_builder.cpp:102] [create_inputs] Input pipeline 'detectorYOLO26n/input_layer1': (PreInferEl1detectorYOLO26n/input_layer1 | Reorder - src_order: NHWC, src_shape: (640, 640, 3), dst_order: NHCW, dst_shape: (640, 640, 3)) >> (PushQEl1detectorYOLO26n/input_layer1 | timeout: 10s) >> (HwWriteEl1detectorYOLO26n/input_layer1 | hw_frame_size: 1228800) >> HW
[2026-03-31 14:06:22.008] [8275] [HailoRT] [info] [edge_elements.cpp:287] [create] Created (HwReadEl0detectorYOLO26n/concat23 | hw_frame_size: 42000)
[2026-03-31 14:06:22.008] [8275] [HailoRT] [info] [queue_elements.cpp:800] [create] Created (UserBuffQEl0detectorYOLO26n/concat23 | timeout: 10s)
[2026-03-31 14:06:22.008] [8275] [HailoRT] [info] [vstream.cpp:1114] [OutputVStreamImpl] Creating detectorYOLO26n/concat23...
[2026-03-31 14:06:22.008] [8275] [HailoRT] [info] [vstream_builder.cpp:220] [create_outputs] Output pipeline 'detectorYOLO26n/concat23': HW >> (HwReadEl0detectorYOLO26n/concat23 | hw_frame_size: 42000) >> (UserBuffQEl0detectorYOLO26n/concat23 | timeout: 10s)
[2026-03-31 14:06:22.023] [9918] [HailoRT] [info] [queue_elements.cpp:855] [run_in_thread] Shutdown event was signaled in dequeue of UserBuffQEl0detectorYOLO26n/concat23!
[2026-03-31 14:06:22.023] [9918] [HailoRT] [info] [queue_elements.cpp:68] [operator()] Thread in element UserBuffQEl0detectorYOLO26n/concat23 is not running anymore, exiting..
[2026-03-31 14:06:22.023] [8275] [HailoRT] [info] [queue_elements.cpp:46] [~BaseQueueElement] Queue element UserBuffQEl0detectorYOLO26n/concat23 has 0 frames in his Queue on destruction
[2026-03-31 14:06:22.023] [9917] [HailoRT] [info] [queue_elements.cpp:68] [operator()] Thread in element PushQEl1detectorYOLO26n/input_layer1 is not running anymore, exiting..
[2026-03-31 14:06:22.023] [8275] [HailoRT] [info] [queue_elements.cpp:46] [~BaseQueueElement] Queue element PushQEl1detectorYOLO26n/input_layer1 has 0 frames in his Queue on destruction
[2026-03-31 14:06:22.024] [8275] [HailoRT] [info] [core_op.cpp:186] [deactivate] Deactivating took 0.602499 ms
[2026-03-31 14:06:22.024] [8275] [HailoRT] [info] [core_op.cpp:186] [deactivate] Deactivating took 0.611424 ms
[2026-03-31 14:06:22.076] [8275] [HailoRT] [info] [core_op.cpp:156] [activate] Activating detectorYOLO26n took 0.274 milliseconds. Note that the function is asynchronous and thus the network is not fully activated yet.
[2026-03-31 14:06:22.076] [8275] [HailoRT] [info] [core_op.cpp:156] [activate] Activating detectorYOLO26n took 0.298369 milliseconds. Note that the function is asynchronous and thus the network is not fully activated yet.
[2026-03-31 14:06:22.076] [8275] [HailoRT] [info] [edge_elements.cpp:52] [create] Created (HwWriteEl1detectorYOLO26n/input_layer1 | hw_frame_size: 1228800)
[2026-03-31 14:06:22.077] [8275] [HailoRT] [info] [queue_elements.cpp:284] [create] Created (PushQEl1detectorYOLO26n/input_layer1 | timeout: 10s)
[2026-03-31 14:06:22.077] [8275] [HailoRT] [info] [filter_elements.cpp:101] [create] Created (PreInferEl1detectorYOLO26n/input_layer1 | Reorder - src_order: NHWC, src_shape: (640, 640, 3), dst_order: NHCW, dst_shape: (640, 640, 3))
[2026-03-31 14:06:22.077] [8275] [HailoRT] [info] [vstream.cpp:754] [InputVStreamImpl] Creating detectorYOLO26n/input_layer1...
[2026-03-31 14:06:22.077] [8275] [HailoRT] [info] [vstream_builder.cpp:102] [create_inputs] Input pipeline 'detectorYOLO26n/input_layer1': (PreInferEl1detectorYOLO26n/input_layer1 | Reorder - src_order: NHWC, src_shape: (640, 640, 3), dst_order: NHCW, dst_shape: (640, 640, 3)) >> (PushQEl1detectorYOLO26n/input_layer1 | timeout: 10s) >> (HwWriteEl1detectorYOLO26n/input_layer1 | hw_frame_size: 1228800) >> HW
[2026-03-31 14:06:22.077] [8275] [HailoRT] [info] [edge_elements.cpp:287] [create] Created (HwReadEl0detectorYOLO26n/concat23 | hw_frame_size: 42000)
[2026-03-31 14:06:22.077] [8275] [HailoRT] [info] [queue_elements.cpp:800] [create] Created (UserBuffQEl0detectorYOLO26n/concat23 | timeout: 10s)
[2026-03-31 14:06:22.077] [8275] [HailoRT] [info] [vstream.cpp:1114] [OutputVStreamImpl] Creating detectorYOLO26n/concat23...
[2026-03-31 14:06:22.077] [8275] [HailoRT] [info] [vstream_builder.cpp:220] [create_outputs] Output pipeline 'detectorYOLO26n/concat23': HW >> (HwReadEl0detectorYOLO26n/concat23 | hw_frame_size: 42000) >> (UserBuffQEl0detectorYOLO26n/concat23 | timeout: 10s)
[2026-03-31 14:06:22.092] [9922] [HailoRT] [info] [queue_elements.cpp:855] [run_in_thread] Shutdown event was signaled in dequeue of UserBuffQEl0detectorYOLO26n/concat23!
[2026-03-31 14:06:22.092] [9922] [HailoRT] [info] [queue_elements.cpp:68] [operator()] Thread in element UserBuffQEl0detectorYOLO26n/concat23 is not running anymore, exiting..
[2026-03-31 14:06:22.092] [8275] [HailoRT] [info] [queue_elements.cpp:46] [~BaseQueueElement] Queue element UserBuffQEl0detectorYOLO26n/concat23 has 0 frames in his Queue on destruction
[2026-03-31 14:06:22.092] [9921] [HailoRT] [info] [queue_elements.cpp:68] [operator()] Thread in element PushQEl1detectorYOLO26n/input_layer1 is not running anymore, exiting..
[2026-03-31 14:06:22.092] [8275] [HailoRT] [info] [queue_elements.cpp:46] [~BaseQueueElement] Queue element PushQEl1detectorYOLO26n/input_layer1 has 0 frames in his Queue on destruction
[2026-03-31 14:06:22.093] [8275] [HailoRT] [info] [core_op.cpp:186] [deactivate] Deactivating took 0.612314 ms
[2026-03-31 14:06:22.093] [8275] [HailoRT] [info] [core_op.cpp:186] [deactivate] Deactivating took 0.621795 ms
[2026-03-31 14:06:22.145] [8275] [HailoRT] [info] [core_op.cpp:156] [activate] Activating detectorYOLO26n took 0.285092 milliseconds. Note that the function is asynchronous and thus the network is not fully activated yet.
[2026-03-31 14:06:22.145] [8275] [HailoRT] [info] [core_op.cpp:156] [activate] Activating detectorYOLO26n took 0.311592 milliseconds. Note that the function is asynchronous and thus the network is not fully activated yet.
[2026-03-31 14:06:22.145] [8275] [HailoRT] [info] [edge_elements.cpp:52] [create] Created (HwWriteEl1detectorYOLO26n/input_layer1 | hw_frame_size: 1228800)
[2026-03-31 14:06:22.146] [8275] [HailoRT] [info] [queue_elements.cpp:284] [create] Created (PushQEl1detectorYOLO26n/input_layer1 | timeout: 10s)
[2026-03-31 14:06:22.146] [8275] [HailoRT] [info] [filter_elements.cpp:101] [create] Created (PreInferEl1detectorYOLO26n/input_layer1 | Reorder - src_order: NHWC, src_shape: (640, 640, 3), dst_order: NHCW, dst_shape: (640, 640, 3))
[2026-03-31 14:06:22.146] [8275] [HailoRT] [info] [vstream.cpp:754] [InputVStreamImpl] Creating detectorYOLO26n/input_layer1...
[2026-03-31 14:06:22.146] [8275] [HailoRT] [info] [vstream_builder.cpp:102] [create_inputs] Input pipeline 'detectorYOLO26n/input_layer1': (PreInferEl1detectorYOLO26n/input_layer1 | Reorder - src_order: NHWC, src_shape: (640, 640, 3), dst_order: NHCW, dst_shape: (640, 640, 3)) >> (PushQEl1detectorYOLO26n/input_layer1 | timeout: 10s) >> (HwWriteEl1detectorYOLO26n/input_layer1 | hw_frame_size: 1228800) >> HW
[2026-03-31 14:06:22.146] [8275] [HailoRT] [info] [edge_elements.cpp:287] [create] Created (HwReadEl0detectorYOLO26n/concat23 | hw_frame_size: 42000)
[2026-03-31 14:06:22.146] [8275] [HailoRT] [info] [queue_elements.cpp:800] [create] Created (UserBuffQEl0detectorYOLO26n/concat23 | timeout: 10s)
[2026-03-31 14:06:22.146] [8275] [HailoRT] [info] [vstream.cpp:1114] [OutputVStreamImpl] Creating detectorYOLO26n/concat23...
[2026-03-31 14:06:22.146] [8275] [HailoRT] [info] [vstream_builder.cpp:220] [create_outputs] Output pipeline 'detectorYOLO26n/concat23': HW >> (HwReadEl0detectorYOLO26n/concat23 | hw_frame_size: 42000) >> (UserBuffQEl0detectorYOLO26n/concat23 | timeout: 10s)
[2026-03-31 14:06:22.161] [9926] [HailoRT] [info] [queue_elements.cpp:855] [run_in_thread] Shutdown event was signaled in dequeue of UserBuffQEl0detectorYOLO26n/concat23!
[2026-03-31 14:06:22.161] [9926] [HailoRT] [info] [queue_elements.cpp:68] [operator()] Thread in element UserBuffQEl0detectorYOLO26n/concat23 is not running anymore, exiting..
[2026-03-31 14:06:22.161] [8275] [HailoRT] [info] [queue_elements.cpp:46] [~BaseQueueElement] Queue element UserBuffQEl0detectorYOLO26n/concat23 has 0 frames in his Queue on destruction
[2026-03-31 14:06:22.161] [9925] [HailoRT] [info] [queue_elements.cpp:68] [operator()] Thread in element PushQEl1detectorYOLO26n/input_layer1 is not running anymore, exiting..
[2026-03-31 14:06:22.161] [8275] [HailoRT] [info] [queue_elements.cpp:46] [~BaseQueueElement] Queue element PushQEl1detectorYOLO26n/input_layer1 has 0 frames in his Queue on destruction
[2026-03-31 14:06:22.162] [8275] [HailoRT] [info] [core_op.cpp:186] [deactivate] Deactivating took 0.605573 ms
[2026-03-31 14:06:22.162] [8275] [HailoRT] [info] [core_op.cpp:186] [deactivate] Deactivating took 0.614461 ms
[2026-03-31 14:06:22.216] [8275] [HailoRT] [info] [core_op.cpp:156] [activate] Activating detectorYOLO26n took 0.278981 milliseconds. Note that the function is asynchronous and thus the network is not fully activated yet.
[2026-03-31 14:06:22.216] [8275] [HailoRT] [info] [core_op.cpp:156] [activate] Activating detectorYOLO26n took 0.304351 milliseconds. Note that the function is asynchronous and thus the network is not fully activated yet.
[2026-03-31 14:06:22.216] [8275] [HailoRT] [info] [edge_elements.cpp:52] [create] Created (HwWriteEl1detectorYOLO26n/input_layer1 | hw_frame_size: 1228800)
[2026-03-31 14:06:22.216] [8275] [HailoRT] [info] [queue_elements.cpp:284] [create] Created (PushQEl1detectorYOLO26n/input_layer1 | timeout: 10s)
[2026-03-31 14:06:22.216] [8275] [HailoRT] [info] [filter_elements.cpp:101] [create] Created (PreInferEl1detectorYOLO26n/input_layer1 | Reorder - src_order: NHWC, src_shape: (640, 640, 3), dst_order: NHCW, dst_shape: (640, 640, 3))
[2026-03-31 14:06:22.216] [8275] [HailoRT] [info] [vstream.cpp:754] [InputVStreamImpl] Creating detectorYOLO26n/input_layer1...
[2026-03-31 14:06:22.216] [8275] [HailoRT] [info] [vstream_builder.cpp:102] [create_inputs] Input pipeline 'detectorYOLO26n/input_layer1': (PreInferEl1detectorYOLO26n/input_layer1 | Reorder - src_order: NHWC, src_shape: (640, 640, 3), dst_order: NHCW, dst_shape: (640, 640, 3)) >> (PushQEl1detectorYOLO26n/input_layer1 | timeout: 10s) >> (HwWriteEl1detectorYOLO26n/input_layer1 | hw_frame_size: 1228800) >> HW
[2026-03-31 14:06:22.216] [8275] [HailoRT] [info] [edge_elements.cpp:287] [create] Created (HwReadEl0detectorYOLO26n/concat23 | hw_frame_size: 42000)
[2026-03-31 14:06:22.216] [8275] [HailoRT] [info] [queue_elements.cpp:800] [create] Created (UserBuffQEl0detectorYOLO26n/concat23 | timeout: 10s)
[2026-03-31 14:06:22.216] [8275] [HailoRT] [info] [vstream.cpp:1114] [OutputVStreamImpl] Creating detectorYOLO26n/concat23...
[2026-03-31 14:06:22.216] [8275] [HailoRT] [info] [vstream_builder.cpp:220] [create_outputs] Output pipeline 'detectorYOLO26n/concat23': HW >> (HwReadEl0detectorYOLO26n/concat23 | hw_frame_size: 42000) >> (UserBuffQEl0detectorYOLO26n/concat23 | timeout: 10s)
[2026-03-31 14:06:22.231] [9930] [HailoRT] [info] [queue_elements.cpp:855] [run_in_thread] Shutdown event was signaled in dequeue of UserBuffQEl0detectorYOLO26n/concat23!
[2026-03-31 14:06:22.231] [9930] [HailoRT] [info] [queue_elements.cpp:68] [operator()] Thread in element UserBuffQEl0detectorYOLO26n/concat23 is not running anymore, exiting..
[2026-03-31 14:06:22.231] [8275] [HailoRT] [info] [queue_elements.cpp:46] [~BaseQueueElement] Queue element UserBuffQEl0detectorYOLO26n/concat23 has 0 frames in his Queue on destruction
[2026-03-31 14:06:22.231] [9929] [HailoRT] [info] [queue_elements.cpp:68] [operator()] Thread in element PushQEl1detectorYOLO26n/input_layer1 is not running anymore, exiting..
[2026-03-31 14:06:22.231] [8275] [HailoRT] [info] [queue_elements.cpp:46] [~BaseQueueElement] Queue element PushQEl1detectorYOLO26n/input_layer1 has 0 frames in his Queue on destruction
[2026-03-31 14:06:22.232] [8275] [HailoRT] [info] [core_op.cpp:186] [deactivate] Deactivating took 0.606184 ms
[2026-03-31 14:06:22.232] [8275] [HailoRT] [info] [core_op.cpp:186] [deactivate] Deactivating took 0.61561 ms
[2026-03-31 14:06:22.284] [8275] [HailoRT] [info] [core_op.cpp:156] [activate] Activating detectorYOLO26n took 0.265925 milliseconds. Note that the function is asynchronous and thus the network is not fully activated yet.
[2026-03-31 14:06:22.284] [8275] [HailoRT] [info] [core_op.cpp:156] [activate] Activating detectorYOLO26n took 0.291666 milliseconds. Note that the function is asynchronous and thus the network is not fully activated yet.
[2026-03-31 14:06:22.284] [8275] [HailoRT] [info] [edge_elements.cpp:52] [create] Created (HwWriteEl1detectorYOLO26n/input_layer1 | hw_frame_size: 1228800)
[2026-03-31 14:06:22.284] [8275] [HailoRT] [info] [queue_elements.cpp:284] [create] Created (PushQEl1detectorYOLO26n/input_layer1 | timeout: 10s)
[2026-03-31 14:06:22.284] [8275] [HailoRT] [info] [filter_elements.cpp:101] [create] Created (PreInferEl1detectorYOLO26n/input_layer1 | Reorder - src_order: NHWC, src_shape: (640, 640, 3), dst_order: NHCW, dst_shape: (640, 640, 3))
[2026-03-31 14:06:22.284] [8275] [HailoRT] [info] [vstream.cpp:754] [InputVStreamImpl] Creating detectorYOLO26n/input_layer1...
[2026-03-31 14:06:22.284] [8275] [HailoRT] [info] [vstream_builder.cpp:102] [create_inputs] Input pipeline 'detectorYOLO26n/input_layer1': (PreInferEl1detectorYOLO26n/input_layer1 | Reorder - src_order: NHWC, src_shape: (640, 640, 3), dst_order: NHCW, dst_shape: (640, 640, 3)) >> (PushQEl1detectorYOLO26n/input_layer1 | timeout: 10s) >> (HwWriteEl1detectorYOLO26n/input_layer1 | hw_frame_size: 1228800) >> HW
[2026-03-31 14:06:22.284] [8275] [HailoRT] [info] [edge_elements.cpp:287] [create] Created (HwReadEl0detectorYOLO26n/concat23 | hw_frame_size: 42000)
[2026-03-31 14:06:22.284] [8275] [HailoRT] [info] [queue_elements.cpp:800] [create] Created (UserBuffQEl0detectorYOLO26n/concat23 | timeout: 10s)
[2026-03-31 14:06:22.284] [8275] [HailoRT] [info] [vstream.cpp:1114] [OutputVStreamImpl] Creating detectorYOLO26n/concat23...
[2026-03-31 14:06:22.284] [8275] [HailoRT] [info] [vstream_builder.cpp:220] [create_outputs] Output pipeline 'detectorYOLO26n/concat23': HW >> (HwReadEl0detectorYOLO26n/concat23 | hw_frame_size: 42000) >> (UserBuffQEl0detectorYOLO26n/concat23 | timeout: 10s)
[2026-03-31 14:06:22.299] [9934] [HailoRT] [info] [queue_elements.cpp:855] [run_in_thread] Shutdown event was signaled in dequeue of UserBuffQEl0detectorYOLO26n/concat23!
[2026-03-31 14:06:22.299] [9934] [HailoRT] [info] [queue_elements.cpp:68] [operator()] Thread in element UserBuffQEl0detectorYOLO26n/concat23 is not running anymore, exiting..
[2026-03-31 14:06:22.299] [8275] [HailoRT] [info] [queue_elements.cpp:46] [~BaseQueueElement] Queue element UserBuffQEl0detectorYOLO26n/concat23 has 0 frames in his Queue on destruction
[2026-03-31 14:06:22.299] [9933] [HailoRT] [info] [queue_elements.cpp:68] [operator()] Thread in element PushQEl1detectorYOLO26n/input_layer1 is not running anymore, exiting..
[2026-03-31 14:06:22.299] [8275] [HailoRT] [info] [queue_elements.cpp:46] [~BaseQueueElement] Queue element PushQEl1detectorYOLO26n/input_layer1 has 0 frames in his Queue on destruction
[2026-03-31 14:06:22.300] [8275] [HailoRT] [info] [core_op.cpp:186] [deactivate] Deactivating took 0.606036 ms
[2026-03-31 14:06:22.300] [8275] [HailoRT] [info] [core_op.cpp:186] [deactivate] Deactivating took 0.614887 ms
[2026-03-31 14:06:22.353] [8275] [HailoRT] [info] [core_op.cpp:156] [activate] Activating detectorYOLO26n took 0.274814 milliseconds. Note that the function is asynchronous and thus the network is not fully activated yet.
[2026-03-31 14:06:22.353] [8275] [HailoRT] [info] [core_op.cpp:156] [activate] Activating detectorYOLO26n took 0.298129 milliseconds. Note that the function is asynchronous and thus the network is not fully activated yet.
[2026-03-31 14:06:22.353] [8275] [HailoRT] [info] [edge_elements.cpp:52] [create] Created (HwWriteEl1detectorYOLO26n/input_layer1 | hw_frame_size: 1228800)
[2026-03-31 14:06:22.353] [8275] [HailoRT] [info] [queue_elements.cpp:284] [create] Created (PushQEl1detectorYOLO26n/input_layer1 | timeout: 10s)
[2026-03-31 14:06:22.355] [8275] [HailoRT] [info] [filter_elements.cpp:101] [create] Created (PreInferEl1detectorYOLO26n/input_layer1 | Reorder - src_order: NHWC, src_shape: (640, 640, 3), dst_order: NHCW, dst_shape: (640, 640, 3))
[2026-03-31 14:06:22.355] [8275] [HailoRT] [info] [vstream.cpp:754] [InputVStreamImpl] Creating detectorYOLO26n/input_layer1...
[2026-03-31 14:06:22.355] [8275] [HailoRT] [info] [vstream_builder.cpp:102] [create_inputs] Input pipeline 'detectorYOLO26n/input_layer1': (PreInferEl1detectorYOLO26n/input_layer1 | Reorder - src_order: NHWC, src_shape: (640, 640, 3), dst_order: NHCW, dst_shape: (640, 640, 3)) >> (PushQEl1detectorYOLO26n/input_layer1 | timeout: 10s) >> (HwWriteEl1detectorYOLO26n/input_layer1 | hw_frame_size: 1228800) >> HW
[2026-03-31 14:06:22.355] [8275] [HailoRT] [info] [edge_elements.cpp:287] [create] Created (HwReadEl0detectorYOLO26n/concat23 | hw_frame_size: 42000)
[2026-03-31 14:06:22.355] [8275] [HailoRT] [info] [queue_elements.cpp:800] [create] Created (UserBuffQEl0detectorYOLO26n/concat23 | timeout: 10s)
[2026-03-31 14:06:22.355] [8275] [HailoRT] [info] [vstream.cpp:1114] [OutputVStreamImpl] Creating detectorYOLO26n/concat23...
[2026-03-31 14:06:22.355] [8275] [HailoRT] [info] [vstream_builder.cpp:220] [create_outputs] Output pipeline 'detectorYOLO26n/concat23': HW >> (HwReadEl0detectorYOLO26n/concat23 | hw_frame_size: 42000) >> (UserBuffQEl0detectorYOLO26n/concat23 | timeout: 10s)
[2026-03-31 14:06:22.371] [9938] [HailoRT] [info] [queue_elements.cpp:855] [run_in_thread] Shutdown event was signaled in dequeue of UserBuffQEl0detectorYOLO26n/concat23!
[2026-03-31 14:06:22.371] [9938] [HailoRT] [info] [queue_elements.cpp:68] [operator()] Thread in element UserBuffQEl0detectorYOLO26n/concat23 is not running anymore, exiting..
[2026-03-31 14:06:22.371] [8275] [HailoRT] [info] [queue_elements.cpp:46] [~BaseQueueElement] Queue element UserBuffQEl0detectorYOLO26n/concat23 has 0 frames in his Queue on destruction
[2026-03-31 14:06:22.371] [9937] [HailoRT] [info] [queue_elements.cpp:68] [operator()] Thread in element PushQEl1detectorYOLO26n/input_layer1 is not running anymore, exiting..
[2026-03-31 14:06:22.371] [8275] [HailoRT] [info] [queue_elements.cpp:46] [~BaseQueueElement] Queue element PushQEl1detectorYOLO26n/input_layer1 has 0 frames in his Queue on destruction
[2026-03-31 14:06:22.372] [8275] [HailoRT] [info] [core_op.cpp:186] [deactivate] Deactivating took 0.623202 ms
[2026-03-31 14:06:22.372] [8275] [HailoRT] [info] [core_op.cpp:186] [deactivate] Deactivating took 0.635054 ms
[2026-03-31 14:06:22.425] [8275] [HailoRT] [info] [core_op.cpp:156] [activate] Activating detectorYOLO26n took 0.291629 milliseconds. Note that the function is asynchronous and thus the network is not fully activated yet.
[2026-03-31 14:06:22.425] [8275] [HailoRT] [info] [core_op.cpp:156] [activate] Activating detectorYOLO26n took 0.319777 milliseconds. Note that the function is asynchronous and thus the network is not fully activated yet.
[2026-03-31 14:06:22.426] [8275] [HailoRT] [info] [edge_elements.cpp:52] [create] Created (HwWriteEl1detectorYOLO26n/input_layer1 | hw_frame_size: 1228800)
[2026-03-31 14:06:22.426] [8275] [HailoRT] [info] [queue_elements.cpp:284] [create] Created (PushQEl1detectorYOLO26n/input_layer1 | timeout: 10s)
[2026-03-31 14:06:22.426] [8275] [HailoRT] [info] [filter_elements.cpp:101] [create] Created (PreInferEl1detectorYOLO26n/input_layer1 | Reorder - src_order: NHWC, src_shape: (640, 640, 3), dst_order: NHCW, dst_shape: (640, 640, 3))
[2026-03-31 14:06:22.426] [8275] [HailoRT] [info] [vstream.cpp:754] [InputVStreamImpl] Creating detectorYOLO26n/input_layer1...
[2026-03-31 14:06:22.426] [8275] [HailoRT] [info] [vstream_builder.cpp:102] [create_inputs] Input pipeline 'detectorYOLO26n/input_layer1': (PreInferEl1detectorYOLO26n/input_layer1 | Reorder - src_order: NHWC, src_shape: (640, 640, 3), dst_order: NHCW, dst_shape: (640, 640, 3)) >> (PushQEl1detectorYOLO26n/input_layer1 | timeout: 10s) >> (HwWriteEl1detectorYOLO26n/input_layer1 | hw_frame_size: 1228800) >> HW
[2026-03-31 14:06:22.426] [8275] [HailoRT] [info] [edge_elements.cpp:287] [create] Created (HwReadEl0detectorYOLO26n/concat23 | hw_frame_size: 42000)
[2026-03-31 14:06:22.426] [8275] [HailoRT] [info] [queue_elements.cpp:800] [create] Created (UserBuffQEl0detectorYOLO26n/concat23 | timeout: 10s)
[2026-03-31 14:06:22.426] [8275] [HailoRT] [info] [vstream.cpp:1114] [OutputVStreamImpl] Creating detectorYOLO26n/concat23...
[2026-03-31 14:06:22.426] [8275] [HailoRT] [info] [vstream_builder.cpp:220] [create_outputs] Output pipeline 'detectorYOLO26n/concat23': HW >> (HwReadEl0detectorYOLO26n/concat23 | hw_frame_size: 42000) >> (UserBuffQEl0detectorYOLO26n/concat23 | timeout: 10s)
[2026-03-31 14:06:22.441] [9942] [HailoRT] [info] [queue_elements.cpp:855] [run_in_thread] Shutdown event was signaled in dequeue of UserBuffQEl0detectorYOLO26n/concat23!
[2026-03-31 14:06:22.441] [9942] [HailoRT] [info] [queue_elements.cpp:68] [operator()] Thread in element UserBuffQEl0detectorYOLO26n/concat23 is not running anymore, exiting..
[2026-03-31 14:06:22.441] [8275] [HailoRT] [info] [queue_elements.cpp:46] [~BaseQueueElement] Queue element UserBuffQEl0detectorYOLO26n/concat23 has 0 frames in his Queue on destruction
[2026-03-31 14:06:22.441] [9941] [HailoRT] [info] [queue_elements.cpp:68] [operator()] Thread in element PushQEl1detectorYOLO26n/input_layer1 is not running anymore, exiting..
[2026-03-31 14:06:22.441] [8275] [HailoRT] [info] [queue_elements.cpp:46] [~BaseQueueElement] Queue element PushQEl1detectorYOLO26n/input_layer1 has 0 frames in his Queue on destruction
[2026-03-31 14:06:22.442] [8275] [HailoRT] [info] [core_op.cpp:186] [deactivate] Deactivating took 0.600776 ms
[2026-03-31 14:06:22.442] [8275] [HailoRT] [info] [core_op.cpp:186] [deactivate] Deactivating took 0.609128 ms
[2026-03-31 14:06:22.494] [8275] [HailoRT] [info] [core_op.cpp:156] [activate] Activating detectorYOLO26n took 0.270222 milliseconds. Note that the function is asynchronous and thus the network is not fully activated yet.
[2026-03-31 14:06:22.494] [8275] [HailoRT] [info] [core_op.cpp:156] [activate] Activating detectorYOLO26n took 0.290426 milliseconds. Note that the function is asynchronous and thus the network is not fully activated yet.
[2026-03-31 14:06:22.494] [8275] [HailoRT] [info] [edge_elements.cpp:52] [create] Created (HwWriteEl1detectorYOLO26n/input_layer1 | hw_frame_size: 1228800)
[2026-03-31 14:06:22.495] [8275] [HailoRT] [info] [queue_elements.cpp:284] [create] Created (PushQEl1detectorYOLO26n/input_layer1 | timeout: 10s)
[2026-03-31 14:06:22.495] [8275] [HailoRT] [info] [filter_elements.cpp:101] [create] Created (PreInferEl1detectorYOLO26n/input_layer1 | Reorder - src_order: NHWC, src_shape: (640, 640, 3), dst_order: NHCW, dst_shape: (640, 640, 3))
[2026-03-31 14:06:22.495] [8275] [HailoRT] [info] [vstream.cpp:754] [InputVStreamImpl] Creating detectorYOLO26n/input_layer1...
[2026-03-31 14:06:22.495] [8275] [HailoRT] [info] [vstream_builder.cpp:102] [create_inputs] Input pipeline 'detectorYOLO26n/input_layer1': (PreInferEl1detectorYOLO26n/input_layer1 | Reorder - src_order: NHWC, src_shape: (640, 640, 3), dst_order: NHCW, dst_shape: (640, 640, 3)) >> (PushQEl1detectorYOLO26n/input_layer1 | timeout: 10s) >> (HwWriteEl1detectorYOLO26n/input_layer1 | hw_frame_size: 1228800) >> HW
[2026-03-31 14:06:22.495] [8275] [HailoRT] [info] [edge_elements.cpp:287] [create] Created (HwReadEl0detectorYOLO26n/concat23 | hw_frame_size: 42000)
[2026-03-31 14:06:22.495] [8275] [HailoRT] [info] [queue_elements.cpp:800] [create] Created (UserBuffQEl0detectorYOLO26n/concat23 | timeout: 10s)
[2026-03-31 14:06:22.495] [8275] [HailoRT] [info] [vstream.cpp:1114] [OutputVStreamImpl] Creating detectorYOLO26n/concat23...
[2026-03-31 14:06:22.495] [8275] [HailoRT] [info] [vstream_builder.cpp:220] [create_outputs] Output pipeline 'detectorYOLO26n/concat23': HW >> (HwReadEl0detectorYOLO26n/concat23 | hw_frame_size: 42000) >> (UserBuffQEl0detectorYOLO26n/concat23 | timeout: 10s)
[2026-03-31 14:06:22.510] [9946] [HailoRT] [info] [queue_elements.cpp:855] [run_in_thread] Shutdown event was signaled in dequeue of UserBuffQEl0detectorYOLO26n/concat23!
[2026-03-31 14:06:22.510] [9946] [HailoRT] [info] [queue_elements.cpp:68] [operator()] Thread in element UserBuffQEl0detectorYOLO26n/concat23 is not running anymore, exiting..
[2026-03-31 14:06:22.510] [8275] [HailoRT] [info] [queue_elements.cpp:46] [~BaseQueueElement] Queue element UserBuffQEl0detectorYOLO26n/concat23 has 0 frames in his Queue on destruction
[2026-03-31 14:06:22.510] [9945] [HailoRT] [info] [queue_elements.cpp:68] [operator()] Thread in element PushQEl1detectorYOLO26n/input_layer1 is not running anymore, exiting..
[2026-03-31 14:06:22.510] [8275] [HailoRT] [info] [queue_elements.cpp:46] [~BaseQueueElement] Queue element PushQEl1detectorYOLO26n/input_layer1 has 0 frames in his Queue on destruction
[2026-03-31 14:06:22.511] [8275] [HailoRT] [info] [core_op.cpp:186] [deactivate] Deactivating took 0.605813 ms
[2026-03-31 14:06:22.511] [8275] [HailoRT] [info] [core_op.cpp:186] [deactivate] Deactivating took 0.615035 ms
[2026-03-31 14:06:22.564] [8275] [HailoRT] [info] [core_op.cpp:156] [activate] Activating detectorYOLO26n took 0.273944 milliseconds. Note that the function is asynchronous and thus the network is not fully activated yet.
[2026-03-31 14:06:22.564] [8275] [HailoRT] [info] [core_op.cpp:156] [activate] Activating detectorYOLO26n took 0.297499 milliseconds. Note that the function is asynchronous and thus the network is not fully activated yet.
[2026-03-31 14:06:22.564] [8275] [HailoRT] [info] [edge_elements.cpp:52] [create] Created (HwWriteEl1detectorYOLO26n/input_layer1 | hw_frame_size: 1228800)
[2026-03-31 14:06:22.564] [8275] [HailoRT] [info] [queue_elements.cpp:284] [create] Created (PushQEl1detectorYOLO26n/input_layer1 | timeout: 10s)
[2026-03-31 14:06:22.564] [8275] [HailoRT] [info] [filter_elements.cpp:101] [create] Created (PreInferEl1detectorYOLO26n/input_layer1 | Reorder - src_order: NHWC, src_shape: (640, 640, 3), dst_order: NHCW, dst_shape: (640, 640, 3))
[2026-03-31 14:06:22.565] [8275] [HailoRT] [info] [vstream.cpp:754] [InputVStreamImpl] Creating detectorYOLO26n/input_layer1...
[2026-03-31 14:06:22.565] [8275] [HailoRT] [info] [vstream_builder.cpp:102] [create_inputs] Input pipeline 'detectorYOLO26n/input_layer1': (PreInferEl1detectorYOLO26n/input_layer1 | Reorder - src_order: NHWC, src_shape: (640, 640, 3), dst_order: NHCW, dst_shape: (640, 640, 3)) >> (PushQEl1detectorYOLO26n/input_layer1 | timeout: 10s) >> (HwWriteEl1detectorYOLO26n/input_layer1 | hw_frame_size: 1228800) >> HW
[2026-03-31 14:06:22.565] [8275] [HailoRT] [info] [edge_elements.cpp:287] [create] Created (HwReadEl0detectorYOLO26n/concat23 | hw_frame_size: 42000)
[2026-03-31 14:06:22.565] [8275] [HailoRT] [info] [queue_elements.cpp:800] [create] Created (UserBuffQEl0detectorYOLO26n/concat23 | timeout: 10s)
[2026-03-31 14:06:22.565] [8275] [HailoRT] [info] [vstream.cpp:1114] [OutputVStreamImpl] Creating detectorYOLO26n/concat23...
[2026-03-31 14:06:22.565] [8275] [HailoRT] [info] [vstream_builder.cpp:220] [create_outputs] Output pipeline 'detectorYOLO26n/concat23': HW >> (HwReadEl0detectorYOLO26n/concat23 | hw_frame_size: 42000) >> (UserBuffQEl0detectorYOLO26n/concat23 | timeout: 10s)
[2026-03-31 14:06:22.580] [9950] [HailoRT] [info] [queue_elements.cpp:855] [run_in_thread] Shutdown event was signaled in dequeue of UserBuffQEl0detectorYOLO26n/concat23!
[2026-03-31 14:06:22.580] [9950] [HailoRT] [info] [queue_elements.cpp:68] [operator()] Thread in element UserBuffQEl0detectorYOLO26n/concat23 is not running anymore, exiting..
[2026-03-31 14:06:22.580] [8275] [HailoRT] [info] [queue_elements.cpp:46] [~BaseQueueElement] Queue element UserBuffQEl0detectorYOLO26n/concat23 has 0 frames in his Queue on destruction
[2026-03-31 14:06:22.580] [9949] [HailoRT] [info] [queue_elements.cpp:68] [operator()] Thread in element PushQEl1detectorYOLO26n/input_layer1 is not running anymore, exiting..
[2026-03-31 14:06:22.580] [8275] [HailoRT] [info] [queue_elements.cpp:46] [~BaseQueueElement] Queue element PushQEl1detectorYOLO26n/input_layer1 has 0 frames in his Queue on destruction
[2026-03-31 14:06:22.581] [8275] [HailoRT] [info] [core_op.cpp:186] [deactivate] Deactivating took 0.604183 ms
[2026-03-31 14:06:22.581] [8275] [HailoRT] [info] [core_op.cpp:186] [deactivate] Deactivating took 0.613202 ms
[2026-03-31 14:06:22.635] [8275] [HailoRT] [info] [core_op.cpp:156] [activate] Activating detectorYOLO26n took 0.31074 milliseconds. Note that the function is asynchronous and thus the network is not fully activated yet.
[2026-03-31 14:06:22.635] [8275] [HailoRT] [info] [core_op.cpp:156] [activate] Activating detectorYOLO26n took 0.33987 milliseconds. Note that the function is asynchronous and thus the network is not fully activated yet.
[2026-03-31 14:06:22.635] [8275] [HailoRT] [info] [edge_elements.cpp:52] [create] Created (HwWriteEl1detectorYOLO26n/input_layer1 | hw_frame_size: 1228800)
[2026-03-31 14:06:22.635] [8275] [HailoRT] [info] [queue_elements.cpp:284] [create] Created (PushQEl1detectorYOLO26n/input_layer1 | timeout: 10s)
[2026-03-31 14:06:22.635] [8275] [HailoRT] [info] [filter_elements.cpp:101] [create] Created (PreInferEl1detectorYOLO26n/input_layer1 | Reorder - src_order: NHWC, src_shape: (640, 640, 3), dst_order: NHCW, dst_shape: (640, 640, 3))
[2026-03-31 14:06:22.635] [8275] [HailoRT] [info] [vstream.cpp:754] [InputVStreamImpl] Creating detectorYOLO26n/input_layer1...
[2026-03-31 14:06:22.635] [8275] [HailoRT] [info] [vstream_builder.cpp:102] [create_inputs] Input pipeline 'detectorYOLO26n/input_layer1': (PreInferEl1detectorYOLO26n/input_layer1 | Reorder - src_order: NHWC, src_shape: (640, 640, 3), dst_order: NHCW, dst_shape: (640, 640, 3)) >> (PushQEl1detectorYOLO26n/input_layer1 | timeout: 10s) >> (HwWriteEl1detectorYOLO26n/input_layer1 | hw_frame_size: 1228800) >> HW
[2026-03-31 14:06:22.635] [8275] [HailoRT] [info] [edge_elements.cpp:287] [create] Created (HwReadEl0detectorYOLO26n/concat23 | hw_frame_size: 42000)
[2026-03-31 14:06:22.635] [8275] [HailoRT] [info] [queue_elements.cpp:800] [create] Created (UserBuffQEl0detectorYOLO26n/concat23 | timeout: 10s)
[2026-03-31 14:06:22.635] [8275] [HailoRT] [info] [vstream.cpp:1114] [OutputVStreamImpl] Creating detectorYOLO26n/concat23...
[2026-03-31 14:06:22.635] [8275] [HailoRT] [info] [vstream_builder.cpp:220] [create_outputs] Output pipeline 'detectorYOLO26n/concat23': HW >> (HwReadEl0detectorYOLO26n/concat23 | hw_frame_size: 42000) >> (UserBuffQEl0detectorYOLO26n/concat23 | timeout: 10s)
[2026-03-31 14:06:22.651] [9954] [HailoRT] [info] [queue_elements.cpp:855] [run_in_thread] Shutdown event was signaled in dequeue of UserBuffQEl0detectorYOLO26n/concat23!
[2026-03-31 14:06:22.651] [9954] [HailoRT] [info] [queue_elements.cpp:68] [operator()] Thread in element UserBuffQEl0detectorYOLO26n/concat23 is not running anymore, exiting..
[2026-03-31 14:06:22.651] [8275] [HailoRT] [info] [queue_elements.cpp:46] [~BaseQueueElement] Queue element UserBuffQEl0detectorYOLO26n/concat23 has 0 frames in his Queue on destruction
[2026-03-31 14:06:22.651] [9953] [HailoRT] [info] [queue_elements.cpp:68] [operator()] Thread in element PushQEl1detectorYOLO26n/input_layer1 is not running anymore, exiting..
[2026-03-31 14:06:22.651] [8275] [HailoRT] [info] [queue_elements.cpp:46] [~BaseQueueElement] Queue element PushQEl1detectorYOLO26n/input_layer1 has 0 frames in his Queue on destruction
[2026-03-31 14:06:22.652] [8275] [HailoRT] [info] [core_op.cpp:186] [deactivate] Deactivating took 0.606573 ms
[2026-03-31 14:06:22.652] [8275] [HailoRT] [info] [core_op.cpp:186] [deactivate] Deactivating took 0.641073 ms
[2026-03-31 14:06:22.704] [8275] [HailoRT] [info] [core_op.cpp:156] [activate] Activating detectorYOLO26n took 0.278185 milliseconds. Note that the function is asynchronous and thus the network is not fully activated yet.
[2026-03-31 14:06:22.704] [8275] [HailoRT] [info] [core_op.cpp:156] [activate] Activating detectorYOLO26n took 0.303814 milliseconds. Note that the function is asynchronous and thus the network is not fully activated yet.
[2026-03-31 14:06:22.705] [8275] [HailoRT] [info] [edge_elements.cpp:52] [create] Created (HwWriteEl1detectorYOLO26n/input_layer1 | hw_frame_size: 1228800)
[2026-03-31 14:06:22.705] [8275] [HailoRT] [info] [queue_elements.cpp:284] [create] Created (PushQEl1detectorYOLO26n/input_layer1 | timeout: 10s)
[2026-03-31 14:06:22.705] [8275] [HailoRT] [info] [filter_elements.cpp:101] [create] Created (PreInferEl1detectorYOLO26n/input_layer1 | Reorder - src_order: NHWC, src_shape: (640, 640, 3), dst_order: NHCW, dst_shape: (640, 640, 3))
[2026-03-31 14:06:22.705] [8275] [HailoRT] [info] [vstream.cpp:754] [InputVStreamImpl] Creating detectorYOLO26n/input_layer1...
[2026-03-31 14:06:22.705] [8275] [HailoRT] [info] [vstream_builder.cpp:102] [create_inputs] Input pipeline 'detectorYOLO26n/input_layer1': (PreInferEl1detectorYOLO26n/input_layer1 | Reorder - src_order: NHWC, src_shape: (640, 640, 3), dst_order: NHCW, dst_shape: (640, 640, 3)) >> (PushQEl1detectorYOLO26n/input_layer1 | timeout: 10s) >> (HwWriteEl1detectorYOLO26n/input_layer1 | hw_frame_size: 1228800) >> HW
[2026-03-31 14:06:22.705] [8275] [HailoRT] [info] [edge_elements.cpp:287] [create] Created (HwReadEl0detectorYOLO26n/concat23 | hw_frame_size: 42000)
[2026-03-31 14:06:22.705] [8275] [HailoRT] [info] [queue_elements.cpp:800] [create] Created (UserBuffQEl0detectorYOLO26n/concat23 | timeout: 10s)
[2026-03-31 14:06:22.705] [8275] [HailoRT] [info] [vstream.cpp:1114] [OutputVStreamImpl] Creating detectorYOLO26n/concat23...
[2026-03-31 14:06:22.705] [8275] [HailoRT] [info] [vstream_builder.cpp:220] [create_outputs] Output pipeline 'detectorYOLO26n/concat23': HW >> (HwReadEl0detectorYOLO26n/concat23 | hw_frame_size: 42000) >> (UserBuffQEl0detectorYOLO26n/concat23 | timeout: 10s)
[2026-03-31 14:06:22.720] [9958] [HailoRT] [info] [queue_elements.cpp:855] [run_in_thread] Shutdown event was signaled in dequeue of UserBuffQEl0detectorYOLO26n/concat23!
[2026-03-31 14:06:22.720] [9958] [HailoRT] [info] [queue_elements.cpp:68] [operator()] Thread in element UserBuffQEl0detectorYOLO26n/concat23 is not running anymore, exiting..
[2026-03-31 14:06:22.720] [8275] [HailoRT] [info] [queue_elements.cpp:46] [~BaseQueueElement] Queue element UserBuffQEl0detectorYOLO26n/concat23 has 0 frames in his Queue on destruction
[2026-03-31 14:06:22.720] [9957] [HailoRT] [info] [queue_elements.cpp:68] [operator()] Thread in element PushQEl1detectorYOLO26n/input_layer1 is not running anymore, exiting..
[2026-03-31 14:06:22.720] [8275] [HailoRT] [info] [queue_elements.cpp:46] [~BaseQueueElement] Queue element PushQEl1detectorYOLO26n/input_layer1 has 0 frames in his Queue on destruction
[2026-03-31 14:06:22.721] [8275] [HailoRT] [info] [core_op.cpp:186] [deactivate] Deactivating took 0.604221 ms
[2026-03-31 14:06:22.721] [8275] [HailoRT] [info] [core_op.cpp:186] [deactivate] Deactivating took 0.612962 ms
[2026-03-31 14:06:22.774] [8275] [HailoRT] [info] [core_op.cpp:156] [activate] Activating detectorYOLO26n took 0.273425 milliseconds. Note that the function is asynchronous and thus the network is not fully activated yet.
[2026-03-31 14:06:22.774] [8275] [HailoRT] [info] [core_op.cpp:156] [activate] Activating detectorYOLO26n took 0.299351 milliseconds. Note that the function is asynchronous and thus the network is not fully activated yet.
[2026-03-31 14:06:22.774] [8275] [HailoRT] [info] [edge_elements.cpp:52] [create] Created (HwWriteEl1detectorYOLO26n/input_layer1 | hw_frame_size: 1228800)
[2026-03-31 14:06:22.775] [8275] [HailoRT] [info] [queue_elements.cpp:284] [create] Created (PushQEl1detectorYOLO26n/input_layer1 | timeout: 10s)
[2026-03-31 14:06:22.775] [8275] [HailoRT] [info] [filter_elements.cpp:101] [create] Created (PreInferEl1detectorYOLO26n/input_layer1 | Reorder - src_order: NHWC, src_shape: (640, 640, 3), dst_order: NHCW, dst_shape: (640, 640, 3))
[2026-03-31 14:06:22.775] [8275] [HailoRT] [info] [vstream.cpp:754] [InputVStreamImpl] Creating detectorYOLO26n/input_layer1...
[2026-03-31 14:06:22.775] [8275] [HailoRT] [info] [vstream_builder.cpp:102] [create_inputs] Input pipeline 'detectorYOLO26n/input_layer1': (PreInferEl1detectorYOLO26n/input_layer1 | Reorder - src_order: NHWC, src_shape: (640, 640, 3), dst_order: NHCW, dst_shape: (640, 640, 3)) >> (PushQEl1detectorYOLO26n/input_layer1 | timeout: 10s) >> (HwWriteEl1detectorYOLO26n/input_layer1 | hw_frame_size: 1228800) >> HW
[2026-03-31 14:06:22.775] [8275] [HailoRT] [info] [edge_elements.cpp:287] [create] Created (HwReadEl0detectorYOLO26n/concat23 | hw_frame_size: 42000)
[2026-03-31 14:06:22.775] [8275] [HailoRT] [info] [queue_elements.cpp:800] [create] Created (UserBuffQEl0detectorYOLO26n/concat23 | timeout: 10s)
[2026-03-31 14:06:22.775] [8275] [HailoRT] [info] [vstream.cpp:1114] [OutputVStreamImpl] Creating detectorYOLO26n/concat23...
[2026-03-31 14:06:22.775] [8275] [HailoRT] [info] [vstream_builder.cpp:220] [create_outputs] Output pipeline 'detectorYOLO26n/concat23': HW >> (HwReadEl0detectorYOLO26n/concat23 | hw_frame_size: 42000) >> (UserBuffQEl0detectorYOLO26n/concat23 | timeout: 10s)
[2026-03-31 14:06:22.790] [9962] [HailoRT] [info] [queue_elements.cpp:855] [run_in_thread] Shutdown event was signaled in dequeue of UserBuffQEl0detectorYOLO26n/concat23!
[2026-03-31 14:06:22.790] [9962] [HailoRT] [info] [queue_elements.cpp:68] [operator()] Thread in element UserBuffQEl0detectorYOLO26n/concat23 is not running anymore, exiting..
[2026-03-31 14:06:22.790] [8275] [HailoRT] [info] [queue_elements.cpp:46] [~BaseQueueElement] Queue element UserBuffQEl0detectorYOLO26n/concat23 has 0 frames in his Queue on destruction
[2026-03-31 14:06:22.790] [9961] [HailoRT] [info] [queue_elements.cpp:68] [operator()] Thread in element PushQEl1detectorYOLO26n/input_layer1 is not running anymore, exiting..
[2026-03-31 14:06:22.790] [8275] [HailoRT] [info] [queue_elements.cpp:46] [~BaseQueueElement] Queue element PushQEl1detectorYOLO26n/input_layer1 has 0 frames in his Queue on destruction
[2026-03-31 14:06:22.791] [8275] [HailoRT] [info] [core_op.cpp:186] [deactivate] Deactivating took 0.604406 ms
[2026-03-31 14:06:22.791] [8275] [HailoRT] [info] [core_op.cpp:186] [deactivate] Deactivating took 0.61348 ms
[2026-03-31 14:06:22.844] [8275] [HailoRT] [info] [core_op.cpp:156] [activate] Activating detectorYOLO26n took 0.274777 milliseconds. Note that the function is asynchronous and thus the network is not fully activated yet.
[2026-03-31 14:06:22.844] [8275] [HailoRT] [info] [core_op.cpp:156] [activate] Activating detectorYOLO26n took 0.299333 milliseconds. Note that the function is asynchronous and thus the network is not fully activated yet.
[2026-03-31 14:06:22.844] [8275] [HailoRT] [info] [edge_elements.cpp:52] [create] Created (HwWriteEl1detectorYOLO26n/input_layer1 | hw_frame_size: 1228800)
[2026-03-31 14:06:22.844] [8275] [HailoRT] [info] [queue_elements.cpp:284] [create] Created (PushQEl1detectorYOLO26n/input_layer1 | timeout: 10s)
[2026-03-31 14:06:22.844] [8275] [HailoRT] [info] [filter_elements.cpp:101] [create] Created (PreInferEl1detectorYOLO26n/input_layer1 | Reorder - src_order: NHWC, src_shape: (640, 640, 3), dst_order: NHCW, dst_shape: (640, 640, 3))
[2026-03-31 14:06:22.844] [8275] [HailoRT] [info] [vstream.cpp:754] [InputVStreamImpl] Creating detectorYOLO26n/input_layer1...
[2026-03-31 14:06:22.844] [8275] [HailoRT] [info] [vstream_builder.cpp:102] [create_inputs] Input pipeline 'detectorYOLO26n/input_layer1': (PreInferEl1detectorYOLO26n/input_layer1 | Reorder - src_order: NHWC, src_shape: (640, 640, 3), dst_order: NHCW, dst_shape: (640, 640, 3)) >> (PushQEl1detectorYOLO26n/input_layer1 | timeout: 10s) >> (HwWriteEl1detectorYOLO26n/input_layer1 | hw_frame_size: 1228800) >> HW
[2026-03-31 14:06:22.844] [8275] [HailoRT] [info] [edge_elements.cpp:287] [create] Created (HwReadEl0detectorYOLO26n/concat23 | hw_frame_size: 42000)
[2026-03-31 14:06:22.844] [8275] [HailoRT] [info] [queue_elements.cpp:800] [create] Created (UserBuffQEl0detectorYOLO26n/concat23 | timeout: 10s)
[2026-03-31 14:06:22.844] [8275] [HailoRT] [info] [vstream.cpp:1114] [OutputVStreamImpl] Creating detectorYOLO26n/concat23...
[2026-03-31 14:06:22.844] [8275] [HailoRT] [info] [vstream_builder.cpp:220] [create_outputs] Output pipeline 'detectorYOLO26n/concat23': HW >> (HwReadEl0detectorYOLO26n/concat23 | hw_frame_size: 42000) >> (UserBuffQEl0detectorYOLO26n/concat23 | timeout: 10s)
[2026-03-31 14:06:22.860] [9966] [HailoRT] [info] [queue_elements.cpp:855] [run_in_thread] Shutdown event was signaled in dequeue of UserBuffQEl0detectorYOLO26n/concat23!
[2026-03-31 14:06:22.860] [9966] [HailoRT] [info] [queue_elements.cpp:68] [operator()] Thread in element UserBuffQEl0detectorYOLO26n/concat23 is not running anymore, exiting..
[2026-03-31 14:06:22.860] [8275] [HailoRT] [info] [queue_elements.cpp:46] [~BaseQueueElement] Queue element UserBuffQEl0detectorYOLO26n/concat23 has 0 frames in his Queue on destruction
[2026-03-31 14:06:22.860] [9965] [HailoRT] [info] [queue_elements.cpp:68] [operator()] Thread in element PushQEl1detectorYOLO26n/input_layer1 is not running anymore, exiting..
[2026-03-31 14:06:22.860] [8275] [HailoRT] [info] [queue_elements.cpp:46] [~BaseQueueElement] Queue element PushQEl1detectorYOLO26n/input_layer1 has 0 frames in his Queue on destruction
[2026-03-31 14:06:22.861] [8275] [HailoRT] [info] [core_op.cpp:186] [deactivate] Deactivating took 0.604017 ms
[2026-03-31 14:06:22.861] [8275] [HailoRT] [info] [core_op.cpp:186] [deactivate] Deactivating took 0.613258 ms
[2026-03-31 14:06:22.915] [8275] [HailoRT] [info] [core_op.cpp:156] [activate] Activating detectorYOLO26n took 0.285407 milliseconds. Note that the function is asynchronous and thus the network is not fully activated yet.
[2026-03-31 14:06:22.915] [8275] [HailoRT] [info] [core_op.cpp:156] [activate] Activating detectorYOLO26n took 0.314296 milliseconds. Note that the function is asynchronous and thus the network is not fully activated yet.
[2026-03-31 14:06:22.915] [8275] [HailoRT] [info] [edge_elements.cpp:52] [create] Created (HwWriteEl1detectorYOLO26n/input_layer1 | hw_frame_size: 1228800)
[2026-03-31 14:06:22.915] [8275] [HailoRT] [info] [queue_elements.cpp:284] [create] Created (PushQEl1detectorYOLO26n/input_layer1 | timeout: 10s)
[2026-03-31 14:06:22.915] [8275] [HailoRT] [info] [filter_elements.cpp:101] [create] Created (PreInferEl1detectorYOLO26n/input_layer1 | Reorder - src_order: NHWC, src_shape: (640, 640, 3), dst_order: NHCW, dst_shape: (640, 640, 3))
[2026-03-31 14:06:22.915] [8275] [HailoRT] [info] [vstream.cpp:754] [InputVStreamImpl] Creating detectorYOLO26n/input_layer1...
[2026-03-31 14:06:22.915] [8275] [HailoRT] [info] [vstream_builder.cpp:102] [create_inputs] Input pipeline 'detectorYOLO26n/input_layer1': (PreInferEl1detectorYOLO26n/input_layer1 | Reorder - src_order: NHWC, src_shape: (640, 640, 3), dst_order: NHCW, dst_shape: (640, 640, 3)) >> (PushQEl1detectorYOLO26n/input_layer1 | timeout: 10s) >> (HwWriteEl1detectorYOLO26n/input_layer1 | hw_frame_size: 1228800) >> HW
[2026-03-31 14:06:22.915] [8275] [HailoRT] [info] [edge_elements.cpp:287] [create] Created (HwReadEl0detectorYOLO26n/concat23 | hw_frame_size: 42000)
[2026-03-31 14:06:22.915] [8275] [HailoRT] [info] [queue_elements.cpp:800] [create] Created (UserBuffQEl0detectorYOLO26n/concat23 | timeout: 10s)
[2026-03-31 14:06:22.915] [8275] [HailoRT] [info] [vstream.cpp:1114] [OutputVStreamImpl] Creating detectorYOLO26n/concat23...
[2026-03-31 14:06:22.915] [8275] [HailoRT] [info] [vstream_builder.cpp:220] [create_outputs] Output pipeline 'detectorYOLO26n/concat23': HW >> (HwReadEl0detectorYOLO26n/concat23 | hw_frame_size: 42000) >> (UserBuffQEl0detectorYOLO26n/concat23 | timeout: 10s)
[2026-03-31 14:06:22.931] [9970] [HailoRT] [info] [queue_elements.cpp:855] [run_in_thread] Shutdown event was signaled in dequeue of UserBuffQEl0detectorYOLO26n/concat23!
[2026-03-31 14:06:22.931] [9970] [HailoRT] [info] [queue_elements.cpp:68] [operator()] Thread in element UserBuffQEl0detectorYOLO26n/concat23 is not running anymore, exiting..
[2026-03-31 14:06:22.931] [8275] [HailoRT] [info] [queue_elements.cpp:46] [~BaseQueueElement] Queue element UserBuffQEl0detectorYOLO26n/concat23 has 0 frames in his Queue on destruction
[2026-03-31 14:06:22.931] [9969] [HailoRT] [info] [queue_elements.cpp:68] [operator()] Thread in element PushQEl1detectorYOLO26n/input_layer1 is not running anymore, exiting..
[2026-03-31 14:06:22.931] [8275] [HailoRT] [info] [queue_elements.cpp:46] [~BaseQueueElement] Queue element PushQEl1detectorYOLO26n/input_layer1 has 0 frames in his Queue on destruction
[2026-03-31 14:06:22.931] [8275] [HailoRT] [info] [core_op.cpp:186] [deactivate] Deactivating took 0.603647 ms
[2026-03-31 14:06:22.931] [8275] [HailoRT] [info] [core_op.cpp:186] [deactivate] Deactivating took 0.612481 ms
[2026-03-31 14:06:22.983] [8275] [HailoRT] [info] [core_op.cpp:156] [activate] Activating detectorYOLO26n took 0.275184 milliseconds. Note that the function is asynchronous and thus the network is not fully activated yet.
[2026-03-31 14:06:22.983] [8275] [HailoRT] [info] [core_op.cpp:156] [activate] Activating detectorYOLO26n took 0.331981 milliseconds. Note that the function is asynchronous and thus the network is not fully activated yet.
[2026-03-31 14:06:22.983] [8275] [HailoRT] [info] [edge_elements.cpp:52] [create] Created (HwWriteEl1detectorYOLO26n/input_layer1 | hw_frame_size: 1228800)
[2026-03-31 14:06:22.983] [8275] [HailoRT] [info] [queue_elements.cpp:284] [create] Created (PushQEl1detectorYOLO26n/input_layer1 | timeout: 10s)
[2026-03-31 14:06:22.983] [8275] [HailoRT] [info] [filter_elements.cpp:101] [create] Created (PreInferEl1detectorYOLO26n/input_layer1 | Reorder - src_order: NHWC, src_shape: (640, 640, 3), dst_order: NHCW, dst_shape: (640, 640, 3))
[2026-03-31 14:06:22.983] [8275] [HailoRT] [info] [vstream.cpp:754] [InputVStreamImpl] Creating detectorYOLO26n/input_layer1...
[2026-03-31 14:06:22.983] [8275] [HailoRT] [info] [vstream_builder.cpp:102] [create_inputs] Input pipeline 'detectorYOLO26n/input_layer1': (PreInferEl1detectorYOLO26n/input_layer1 | Reorder - src_order: NHWC, src_shape: (640, 640, 3), dst_order: NHCW, dst_shape: (640, 640, 3)) >> (PushQEl1detectorYOLO26n/input_layer1 | timeout: 10s) >> (HwWriteEl1detectorYOLO26n/input_layer1 | hw_frame_size: 1228800) >> HW
[2026-03-31 14:06:22.984] [8275] [HailoRT] [info] [edge_elements.cpp:287] [create] Created (HwReadEl0detectorYOLO26n/concat23 | hw_frame_size: 42000)
[2026-03-31 14:06:22.984] [8275] [HailoRT] [info] [queue_elements.cpp:800] [create] Created (UserBuffQEl0detectorYOLO26n/concat23 | timeout: 10s)
[2026-03-31 14:06:22.984] [8275] [HailoRT] [info] [vstream.cpp:1114] [OutputVStreamImpl] Creating detectorYOLO26n/concat23...
[2026-03-31 14:06:22.984] [8275] [HailoRT] [info] [vstream_builder.cpp:220] [create_outputs] Output pipeline 'detectorYOLO26n/concat23': HW >> (HwReadEl0detectorYOLO26n/concat23 | hw_frame_size: 42000) >> (UserBuffQEl0detectorYOLO26n/concat23 | timeout: 10s)
[2026-03-31 14:06:22.999] [9974] [HailoRT] [info] [queue_elements.cpp:855] [run_in_thread] Shutdown event was signaled in dequeue of UserBuffQEl0detectorYOLO26n/concat23!
[2026-03-31 14:06:22.999] [9974] [HailoRT] [info] [queue_elements.cpp:68] [operator()] Thread in element UserBuffQEl0detectorYOLO26n/concat23 is not running anymore, exiting..
[2026-03-31 14:06:22.999] [8275] [HailoRT] [info] [queue_elements.cpp:46] [~BaseQueueElement] Queue element UserBuffQEl0detectorYOLO26n/concat23 has 0 frames in his Queue on destruction
[2026-03-31 14:06:22.999] [9973] [HailoRT] [info] [queue_elements.cpp:68] [operator()] Thread in element PushQEl1detectorYOLO26n/input_layer1 is not running anymore, exiting..
[2026-03-31 14:06:22.999] [8275] [HailoRT] [info] [queue_elements.cpp:46] [~BaseQueueElement] Queue element PushQEl1detectorYOLO26n/input_layer1 has 0 frames in his Queue on destruction
[2026-03-31 14:06:23.000] [8275] [HailoRT] [info] [core_op.cpp:186] [deactivate] Deactivating took 0.603406 ms
[2026-03-31 14:06:23.000] [8275] [HailoRT] [info] [core_op.cpp:186] [deactivate] Deactivating took 0.615129 ms
[2026-03-31 14:06:23.050] [8275] [HailoRT] [info] [core_op.cpp:156] [activate] Activating detectorYOLO26n took 0.283629 milliseconds. Note that the function is asynchronous and thus the network is not fully activated yet.
[2026-03-31 14:06:23.050] [8275] [HailoRT] [info] [core_op.cpp:156] [activate] Activating detectorYOLO26n took 0.307926 milliseconds. Note that the function is asynchronous and thus the network is not fully activated yet.
[2026-03-31 14:06:23.050] [8275] [HailoRT] [info] [edge_elements.cpp:52] [create] Created (HwWriteEl1detectorYOLO26n/input_layer1 | hw_frame_size: 1228800)
[2026-03-31 14:06:23.051] [8275] [HailoRT] [info] [queue_elements.cpp:284] [create] Created (PushQEl1detectorYOLO26n/input_layer1 | timeout: 10s)
[2026-03-31 14:06:23.051] [8275] [HailoRT] [info] [filter_elements.cpp:101] [create] Created (PreInferEl1detectorYOLO26n/input_layer1 | Reorder - src_order: NHWC, src_shape: (640, 640, 3), dst_order: NHCW, dst_shape: (640, 640, 3))
[2026-03-31 14:06:23.051] [8275] [HailoRT] [info] [vstream.cpp:754] [InputVStreamImpl] Creating detectorYOLO26n/input_layer1...
[2026-03-31 14:06:23.051] [8275] [HailoRT] [info] [vstream_builder.cpp:102] [create_inputs] Input pipeline 'detectorYOLO26n/input_layer1': (PreInferEl1detectorYOLO26n/input_layer1 | Reorder - src_order: NHWC, src_shape: (640, 640, 3), dst_order: NHCW, dst_shape: (640, 640, 3)) >> (PushQEl1detectorYOLO26n/input_layer1 | timeout: 10s) >> (HwWriteEl1detectorYOLO26n/input_layer1 | hw_frame_size: 1228800) >> HW
[2026-03-31 14:06:23.051] [8275] [HailoRT] [info] [edge_elements.cpp:287] [create] Created (HwReadEl0detectorYOLO26n/concat23 | hw_frame_size: 42000)
[2026-03-31 14:06:23.051] [8275] [HailoRT] [info] [queue_elements.cpp:800] [create] Created (UserBuffQEl0detectorYOLO26n/concat23 | timeout: 10s)
[2026-03-31 14:06:23.051] [8275] [HailoRT] [info] [vstream.cpp:1114] [OutputVStreamImpl] Creating detectorYOLO26n/concat23...
[2026-03-31 14:06:23.051] [8275] [HailoRT] [info] [vstream_builder.cpp:220] [create_outputs] Output pipeline 'detectorYOLO26n/concat23': HW >> (HwReadEl0detectorYOLO26n/concat23 | hw_frame_size: 42000) >> (UserBuffQEl0detectorYOLO26n/concat23 | timeout: 10s)
[2026-03-31 14:06:23.066] [9978] [HailoRT] [info] [queue_elements.cpp:855] [run_in_thread] Shutdown event was signaled in dequeue of UserBuffQEl0detectorYOLO26n/concat23!
[2026-03-31 14:06:23.066] [9978] [HailoRT] [info] [queue_elements.cpp:68] [operator()] Thread in element UserBuffQEl0detectorYOLO26n/concat23 is not running anymore, exiting..
[2026-03-31 14:06:23.066] [8275] [HailoRT] [info] [queue_elements.cpp:46] [~BaseQueueElement] Queue element UserBuffQEl0detectorYOLO26n/concat23 has 0 frames in his Queue on destruction
[2026-03-31 14:06:23.066] [9977] [HailoRT] [info] [queue_elements.cpp:68] [operator()] Thread in element PushQEl1detectorYOLO26n/input_layer1 is not running anymore, exiting..
[2026-03-31 14:06:23.066] [8275] [HailoRT] [info] [queue_elements.cpp:46] [~BaseQueueElement] Queue element PushQEl1detectorYOLO26n/input_layer1 has 0 frames in his Queue on destruction
[2026-03-31 14:06:23.067] [8275] [HailoRT] [info] [core_op.cpp:186] [deactivate] Deactivating took 0.605295 ms
[2026-03-31 14:06:23.067] [8275] [HailoRT] [info] [core_op.cpp:186] [deactivate] Deactivating took 0.613925 ms
[2026-03-31 14:06:23.119] [8275] [HailoRT] [info] [core_op.cpp:156] [activate] Activating detectorYOLO26n took 0.272759 milliseconds. Note that the function is asynchronous and thus the network is not fully activated yet.
[2026-03-31 14:06:23.119] [8275] [HailoRT] [info] [core_op.cpp:156] [activate] Activating detectorYOLO26n took 0.294999 milliseconds. Note that the function is asynchronous and thus the network is not fully activated yet.
[2026-03-31 14:06:23.120] [8275] [HailoRT] [info] [edge_elements.cpp:52] [create] Created (HwWriteEl1detectorYOLO26n/input_layer1 | hw_frame_size: 1228800)
[2026-03-31 14:06:23.120] [8275] [HailoRT] [info] [queue_elements.cpp:284] [create] Created (PushQEl1detectorYOLO26n/input_layer1 | timeout: 10s)
[2026-03-31 14:06:23.120] [8275] [HailoRT] [info] [filter_elements.cpp:101] [create] Created (PreInferEl1detectorYOLO26n/input_layer1 | Reorder - src_order: NHWC, src_shape: (640, 640, 3), dst_order: NHCW, dst_shape: (640, 640, 3))
[2026-03-31 14:06:23.120] [8275] [HailoRT] [info] [vstream.cpp:754] [InputVStreamImpl] Creating detectorYOLO26n/input_layer1...
[2026-03-31 14:06:23.120] [8275] [HailoRT] [info] [vstream_builder.cpp:102] [create_inputs] Input pipeline 'detectorYOLO26n/input_layer1': (PreInferEl1detectorYOLO26n/input_layer1 | Reorder - src_order: NHWC, src_shape: (640, 640, 3), dst_order: NHCW, dst_shape: (640, 640, 3)) >> (PushQEl1detectorYOLO26n/input_layer1 | timeout: 10s) >> (HwWriteEl1detectorYOLO26n/input_layer1 | hw_frame_size: 1228800) >> HW
[2026-03-31 14:06:23.120] [8275] [HailoRT] [info] [edge_elements.cpp:287] [create] Created (HwReadEl0detectorYOLO26n/concat23 | hw_frame_size: 42000)
[2026-03-31 14:06:23.120] [8275] [HailoRT] [info] [queue_elements.cpp:800] [create] Created (UserBuffQEl0detectorYOLO26n/concat23 | timeout: 10s)
[2026-03-31 14:06:23.120] [8275] [HailoRT] [info] [vstream.cpp:1114] [OutputVStreamImpl] Creating detectorYOLO26n/concat23...
[2026-03-31 14:06:23.120] [8275] [HailoRT] [info] [vstream_builder.cpp:220] [create_outputs] Output pipeline 'detectorYOLO26n/concat23': HW >> (HwReadEl0detectorYOLO26n/concat23 | hw_frame_size: 42000) >> (UserBuffQEl0detectorYOLO26n/concat23 | timeout: 10s)
[2026-03-31 14:06:23.136] [9982] [HailoRT] [info] [queue_elements.cpp:855] [run_in_thread] Shutdown event was signaled in dequeue of UserBuffQEl0detectorYOLO26n/concat23!
[2026-03-31 14:06:23.136] [9982] [HailoRT] [info] [queue_elements.cpp:68] [operator()] Thread in element UserBuffQEl0detectorYOLO26n/concat23 is not running anymore, exiting..
[2026-03-31 14:06:23.136] [8275] [HailoRT] [info] [queue_elements.cpp:46] [~BaseQueueElement] Queue element UserBuffQEl0detectorYOLO26n/concat23 has 0 frames in his Queue on destruction
[2026-03-31 14:06:23.136] [8275] [HailoRT] [info] [queue_elements.cpp:46] [~BaseQueueElement] Queue element PushQEl1detectorYOLO26n/input_layer1 has 0 frames in his Queue on destruction
[2026-03-31 14:06:23.137] [8275] [HailoRT] [info] [core_op.cpp:186] [deactivate] Deactivating took 0.617518 ms
[2026-03-31 14:06:23.137] [8275] [HailoRT] [info] [core_op.cpp:186] [deactivate] Deactivating took 0.627777 ms
[2026-03-31 14:06:23.188] [8275] [HailoRT] [info] [core_op.cpp:156] [activate] Activating detectorYOLO26n took 0.361333 milliseconds. Note that the function is asynchronous and thus the network is not fully activated yet.
[2026-03-31 14:06:23.188] [8275] [HailoRT] [info] [core_op.cpp:156] [activate] Activating detectorYOLO26n took 0.399814 milliseconds. Note that the function is asynchronous and thus the network is not fully activated yet.
[2026-03-31 14:06:23.188] [8275] [HailoRT] [info] [edge_elements.cpp:52] [create] Created (HwWriteEl1detectorYOLO26n/input_layer1 | hw_frame_size: 1228800)
[2026-03-31 14:06:23.189] [8275] [HailoRT] [info] [queue_elements.cpp:284] [create] Created (PushQEl1detectorYOLO26n/input_layer1 | timeout: 10s)
[2026-03-31 14:06:23.189] [8275] [HailoRT] [info] [filter_elements.cpp:101] [create] Created (PreInferEl1detectorYOLO26n/input_layer1 | Reorder - src_order: NHWC, src_shape: (640, 640, 3), dst_order: NHCW, dst_shape: (640, 640, 3))
[2026-03-31 14:06:23.189] [8275] [HailoRT] [info] [vstream.cpp:754] [InputVStreamImpl] Creating detectorYOLO26n/input_layer1...
[2026-03-31 14:06:23.189] [8275] [HailoRT] [info] [vstream_builder.cpp:102] [create_inputs] Input pipeline 'detectorYOLO26n/input_layer1': (PreInferEl1detectorYOLO26n/input_layer1 | Reorder - src_order: NHWC, src_shape: (640, 640, 3), dst_order: NHCW, dst_shape: (640, 640, 3)) >> (PushQEl1detectorYOLO26n/input_layer1 | timeout: 10s) >> (HwWriteEl1detectorYOLO26n/input_layer1 | hw_frame_size: 1228800) >> HW
[2026-03-31 14:06:23.189] [8275] [HailoRT] [info] [edge_elements.cpp:287] [create] Created (HwReadEl0detectorYOLO26n/concat23 | hw_frame_size: 42000)
[2026-03-31 14:06:23.189] [8275] [HailoRT] [info] [queue_elements.cpp:800] [create] Created (UserBuffQEl0detectorYOLO26n/concat23 | timeout: 10s)
[2026-03-31 14:06:23.189] [8275] [HailoRT] [info] [vstream.cpp:1114] [OutputVStreamImpl] Creating detectorYOLO26n/concat23...
[2026-03-31 14:06:23.189] [8275] [HailoRT] [info] [vstream_builder.cpp:220] [create_outputs] Output pipeline 'detectorYOLO26n/concat23': HW >> (HwReadEl0detectorYOLO26n/concat23 | hw_frame_size: 42000) >> (UserBuffQEl0detectorYOLO26n/concat23 | timeout: 10s)
[2026-03-31 14:06:23.204] [9986] [HailoRT] [info] [queue_elements.cpp:855] [run_in_thread] Shutdown event was signaled in dequeue of UserBuffQEl0detectorYOLO26n/concat23!
[2026-03-31 14:06:23.205] [9986] [HailoRT] [info] [queue_elements.cpp:68] [operator()] Thread in element UserBuffQEl0detectorYOLO26n/concat23 is not running anymore, exiting..
[2026-03-31 14:06:23.205] [8275] [HailoRT] [info] [queue_elements.cpp:46] [~BaseQueueElement] Queue element UserBuffQEl0detectorYOLO26n/concat23 has 0 frames in his Queue on destruction
[2026-03-31 14:06:23.205] [9985] [HailoRT] [info] [queue_elements.cpp:68] [operator()] Thread in element PushQEl1detectorYOLO26n/input_layer1 is not running anymore, exiting..
[2026-03-31 14:06:23.205] [8275] [HailoRT] [info] [queue_elements.cpp:46] [~BaseQueueElement] Queue element PushQEl1detectorYOLO26n/input_layer1 has 0 frames in his Queue on destruction
[2026-03-31 14:06:23.205] [8275] [HailoRT] [info] [core_op.cpp:186] [deactivate] Deactivating took 0.60285 ms
[2026-03-31 14:06:23.205] [8275] [HailoRT] [info] [core_op.cpp:186] [deactivate] Deactivating took 0.611499 ms
[2026-03-31 14:06:23.259] [8275] [HailoRT] [info] [core_op.cpp:156] [activate] Activating detectorYOLO26n took 0.27274 milliseconds. Note that the function is asynchronous and thus the network is not fully activated yet.
[2026-03-31 14:06:23.259] [8275] [HailoRT] [info] [core_op.cpp:156] [activate] Activating detectorYOLO26n took 0.296777 milliseconds. Note that the function is asynchronous and thus the network is not fully activated yet.
[2026-03-31 14:06:23.259] [8275] [HailoRT] [info] [edge_elements.cpp:52] [create] Created (HwWriteEl1detectorYOLO26n/input_layer1 | hw_frame_size: 1228800)
[2026-03-31 14:06:23.259] [8275] [HailoRT] [info] [queue_elements.cpp:284] [create] Created (PushQEl1detectorYOLO26n/input_layer1 | timeout: 10s)
[2026-03-31 14:06:23.259] [8275] [HailoRT] [info] [filter_elements.cpp:101] [create] Created (PreInferEl1detectorYOLO26n/input_layer1 | Reorder - src_order: NHWC, src_shape: (640, 640, 3), dst_order: NHCW, dst_shape: (640, 640, 3))
[2026-03-31 14:06:23.259] [8275] [HailoRT] [info] [vstream.cpp:754] [InputVStreamImpl] Creating detectorYOLO26n/input_layer1...
[2026-03-31 14:06:23.259] [8275] [HailoRT] [info] [vstream_builder.cpp:102] [create_inputs] Input pipeline 'detectorYOLO26n/input_layer1': (PreInferEl1detectorYOLO26n/input_layer1 | Reorder - src_order: NHWC, src_shape: (640, 640, 3), dst_order: NHCW, dst_shape: (640, 640, 3)) >> (PushQEl1detectorYOLO26n/input_layer1 | timeout: 10s) >> (HwWriteEl1detectorYOLO26n/input_layer1 | hw_frame_size: 1228800) >> HW
[2026-03-31 14:06:23.259] [8275] [HailoRT] [info] [edge_elements.cpp:287] [create] Created (HwReadEl0detectorYOLO26n/concat23 | hw_frame_size: 42000)
[2026-03-31 14:06:23.259] [8275] [HailoRT] [info] [queue_elements.cpp:800] [create] Created (UserBuffQEl0detectorYOLO26n/concat23 | timeout: 10s)
[2026-03-31 14:06:23.259] [8275] [HailoRT] [info] [vstream.cpp:1114] [OutputVStreamImpl] Creating detectorYOLO26n/concat23...
[2026-03-31 14:06:23.259] [8275] [HailoRT] [info] [vstream_builder.cpp:220] [create_outputs] Output pipeline 'detectorYOLO26n/concat23': HW >> (HwReadEl0detectorYOLO26n/concat23 | hw_frame_size: 42000) >> (UserBuffQEl0detectorYOLO26n/concat23 | timeout: 10s)
[2026-03-31 14:06:23.275] [9990] [HailoRT] [info] [queue_elements.cpp:855] [run_in_thread] Shutdown event was signaled in dequeue of UserBuffQEl0detectorYOLO26n/concat23!
[2026-03-31 14:06:23.275] [9990] [HailoRT] [info] [queue_elements.cpp:68] [operator()] Thread in element UserBuffQEl0detectorYOLO26n/concat23 is not running anymore, exiting..
[2026-03-31 14:06:23.275] [8275] [HailoRT] [info] [queue_elements.cpp:46] [~BaseQueueElement] Queue element UserBuffQEl0detectorYOLO26n/concat23 has 0 frames in his Queue on destruction
[2026-03-31 14:06:23.275] [9989] [HailoRT] [info] [queue_elements.cpp:68] [operator()] Thread in element PushQEl1detectorYOLO26n/input_layer1 is not running anymore, exiting..
[2026-03-31 14:06:23.275] [8275] [HailoRT] [info] [queue_elements.cpp:46] [~BaseQueueElement] Queue element PushQEl1detectorYOLO26n/input_layer1 has 0 frames in his Queue on destruction
[2026-03-31 14:06:23.276] [8275] [HailoRT] [info] [core_op.cpp:186] [deactivate] Deactivating took 0.602518 ms
[2026-03-31 14:06:23.276] [8275] [HailoRT] [info] [core_op.cpp:186] [deactivate] Deactivating took 0.611221 ms
[2026-03-31 14:06:23.329] [8275] [HailoRT] [info] [core_op.cpp:156] [activate] Activating detectorYOLO26n took 0.280314 milliseconds. Note that the function is asynchronous and thus the network is not fully activated yet.
[2026-03-31 14:06:23.329] [8275] [HailoRT] [info] [core_op.cpp:156] [activate] Activating detectorYOLO26n took 0.305203 milliseconds. Note that the function is asynchronous and thus the network is not fully activated yet.
[2026-03-31 14:06:23.329] [8275] [HailoRT] [info] [edge_elements.cpp:52] [create] Created (HwWriteEl1detectorYOLO26n/input_layer1 | hw_frame_size: 1228800)
[2026-03-31 14:06:23.329] [8275] [HailoRT] [info] [queue_elements.cpp:284] [create] Created (PushQEl1detectorYOLO26n/input_layer1 | timeout: 10s)
[2026-03-31 14:06:23.329] [8275] [HailoRT] [info] [filter_elements.cpp:101] [create] Created (PreInferEl1detectorYOLO26n/input_layer1 | Reorder - src_order: NHWC, src_shape: (640, 640, 3), dst_order: NHCW, dst_shape: (640, 640, 3))
[2026-03-31 14:06:23.329] [8275] [HailoRT] [info] [vstream.cpp:754] [InputVStreamImpl] Creating detectorYOLO26n/input_layer1...
[2026-03-31 14:06:23.329] [8275] [HailoRT] [info] [vstream_builder.cpp:102] [create_inputs] Input pipeline 'detectorYOLO26n/input_layer1': (PreInferEl1detectorYOLO26n/input_layer1 | Reorder - src_order: NHWC, src_shape: (640, 640, 3), dst_order: NHCW, dst_shape: (640, 640, 3)) >> (PushQEl1detectorYOLO26n/input_layer1 | timeout: 10s) >> (HwWriteEl1detectorYOLO26n/input_layer1 | hw_frame_size: 1228800) >> HW
[2026-03-31 14:06:23.329] [8275] [HailoRT] [info] [edge_elements.cpp:287] [create] Created (HwReadEl0detectorYOLO26n/concat23 | hw_frame_size: 42000)
[2026-03-31 14:06:23.329] [8275] [HailoRT] [info] [queue_elements.cpp:800] [create] Created (UserBuffQEl0detectorYOLO26n/concat23 | timeout: 10s)
[2026-03-31 14:06:23.329] [8275] [HailoRT] [info] [vstream.cpp:1114] [OutputVStreamImpl] Creating detectorYOLO26n/concat23...
[2026-03-31 14:06:23.329] [8275] [HailoRT] [info] [vstream_builder.cpp:220] [create_outputs] Output pipeline 'detectorYOLO26n/concat23': HW >> (HwReadEl0detectorYOLO26n/concat23 | hw_frame_size: 42000) >> (UserBuffQEl0detectorYOLO26n/concat23 | timeout: 10s)
[2026-03-31 14:06:23.345] [9994] [HailoRT] [info] [queue_elements.cpp:855] [run_in_thread] Shutdown event was signaled in dequeue of UserBuffQEl0detectorYOLO26n/concat23!
[2026-03-31 14:06:23.345] [9994] [HailoRT] [info] [queue_elements.cpp:68] [operator()] Thread in element UserBuffQEl0detectorYOLO26n/concat23 is not running anymore, exiting..
[2026-03-31 14:06:23.345] [8275] [HailoRT] [info] [queue_elements.cpp:46] [~BaseQueueElement] Queue element UserBuffQEl0detectorYOLO26n/concat23 has 0 frames in his Queue on destruction
[2026-03-31 14:06:23.345] [9993] [HailoRT] [info] [queue_elements.cpp:68] [operator()] Thread in element PushQEl1detectorYOLO26n/input_layer1 is not running anymore, exiting..
[2026-03-31 14:06:23.345] [8275] [HailoRT] [info] [queue_elements.cpp:46] [~BaseQueueElement] Queue element PushQEl1detectorYOLO26n/input_layer1 has 0 frames in his Queue on destruction
[2026-03-31 14:06:23.346] [8275] [HailoRT] [info] [core_op.cpp:186] [deactivate] Deactivating took 0.603147 ms
[2026-03-31 14:06:23.346] [8275] [HailoRT] [info] [core_op.cpp:186] [deactivate] Deactivating took 0.613092 ms
[2026-03-31 14:06:23.398] [8275] [HailoRT] [info] [core_op.cpp:156] [activate] Activating detectorYOLO26n took 0.264295 milliseconds. Note that the function is asynchronous and thus the network is not fully activated yet.
[2026-03-31 14:06:23.398] [8275] [HailoRT] [info] [core_op.cpp:156] [activate] Activating detectorYOLO26n took 0.318518 milliseconds. Note that the function is asynchronous and thus the network is not fully activated yet.
[2026-03-31 14:06:23.398] [8275] [HailoRT] [info] [edge_elements.cpp:52] [create] Created (HwWriteEl1detectorYOLO26n/input_layer1 | hw_frame_size: 1228800)
[2026-03-31 14:06:23.399] [8275] [HailoRT] [info] [queue_elements.cpp:284] [create] Created (PushQEl1detectorYOLO26n/input_layer1 | timeout: 10s)
[2026-03-31 14:06:23.399] [8275] [HailoRT] [info] [filter_elements.cpp:101] [create] Created (PreInferEl1detectorYOLO26n/input_layer1 | Reorder - src_order: NHWC, src_shape: (640, 640, 3), dst_order: NHCW, dst_shape: (640, 640, 3))
[2026-03-31 14:06:23.399] [8275] [HailoRT] [info] [vstream.cpp:754] [InputVStreamImpl] Creating detectorYOLO26n/input_layer1...
[2026-03-31 14:06:23.399] [8275] [HailoRT] [info] [vstream_builder.cpp:102] [create_inputs] Input pipeline 'detectorYOLO26n/input_layer1': (PreInferEl1detectorYOLO26n/input_layer1 | Reorder - src_order: NHWC, src_shape: (640, 640, 3), dst_order: NHCW, dst_shape: (640, 640, 3)) >> (PushQEl1detectorYOLO26n/input_layer1 | timeout: 10s) >> (HwWriteEl1detectorYOLO26n/input_layer1 | hw_frame_size: 1228800) >> HW
[2026-03-31 14:06:23.399] [8275] [HailoRT] [info] [edge_elements.cpp:287] [create] Created (HwReadEl0detectorYOLO26n/concat23 | hw_frame_size: 42000)
[2026-03-31 14:06:23.399] [8275] [HailoRT] [info] [queue_elements.cpp:800] [create] Created (UserBuffQEl0detectorYOLO26n/concat23 | timeout: 10s)
[2026-03-31 14:06:23.399] [8275] [HailoRT] [info] [vstream.cpp:1114] [OutputVStreamImpl] Creating detectorYOLO26n/concat23...
[2026-03-31 14:06:23.399] [8275] [HailoRT] [info] [vstream_builder.cpp:220] [create_outputs] Output pipeline 'detectorYOLO26n/concat23': HW >> (HwReadEl0detectorYOLO26n/concat23 | hw_frame_size: 42000) >> (UserBuffQEl0detectorYOLO26n/concat23 | timeout: 10s)
[2026-03-31 14:06:23.414] [9998] [HailoRT] [info] [queue_elements.cpp:855] [run_in_thread] Shutdown event was signaled in dequeue of UserBuffQEl0detectorYOLO26n/concat23!
[2026-03-31 14:06:23.414] [9998] [HailoRT] [info] [queue_elements.cpp:68] [operator()] Thread in element UserBuffQEl0detectorYOLO26n/concat23 is not running anymore, exiting..
[2026-03-31 14:06:23.414] [8275] [HailoRT] [info] [queue_elements.cpp:46] [~BaseQueueElement] Queue element UserBuffQEl0detectorYOLO26n/concat23 has 0 frames in his Queue on destruction
[2026-03-31 14:06:23.414] [9997] [HailoRT] [info] [queue_elements.cpp:68] [operator()] Thread in element PushQEl1detectorYOLO26n/input_layer1 is not running anymore, exiting..
[2026-03-31 14:06:23.414] [8275] [HailoRT] [info] [queue_elements.cpp:46] [~BaseQueueElement] Queue element PushQEl1detectorYOLO26n/input_layer1 has 0 frames in his Queue on destruction
[2026-03-31 14:06:23.415] [8275] [HailoRT] [info] [core_op.cpp:186] [deactivate] Deactivating took 0.604869 ms
[2026-03-31 14:06:23.415] [8275] [HailoRT] [info] [core_op.cpp:186] [deactivate] Deactivating took 0.613925 ms
[2026-03-31 14:06:23.471] [8275] [HailoRT] [info] [core_op.cpp:156] [activate] Activating detectorYOLO26n took 0.299629 milliseconds. Note that the function is asynchronous and thus the network is not fully activated yet.
[2026-03-31 14:06:23.471] [8275] [HailoRT] [info] [core_op.cpp:156] [activate] Activating detectorYOLO26n took 0.337666 milliseconds. Note that the function is asynchronous and thus the network is not fully activated yet.
[2026-03-31 14:06:23.472] [8275] [HailoRT] [info] [edge_elements.cpp:52] [create] Created (HwWriteEl1detectorYOLO26n/input_layer1 | hw_frame_size: 1228800)
[2026-03-31 14:06:23.472] [8275] [HailoRT] [info] [queue_elements.cpp:284] [create] Created (PushQEl1detectorYOLO26n/input_layer1 | timeout: 10s)
[2026-03-31 14:06:23.472] [8275] [HailoRT] [info] [filter_elements.cpp:101] [create] Created (PreInferEl1detectorYOLO26n/input_layer1 | Reorder - src_order: NHWC, src_shape: (640, 640, 3), dst_order: NHCW, dst_shape: (640, 640, 3))
[2026-03-31 14:06:23.472] [8275] [HailoRT] [info] [vstream.cpp:754] [InputVStreamImpl] Creating detectorYOLO26n/input_layer1...
[2026-03-31 14:06:23.472] [8275] [HailoRT] [info] [vstream_builder.cpp:102] [create_inputs] Input pipeline 'detectorYOLO26n/input_layer1': (PreInferEl1detectorYOLO26n/input_layer1 | Reorder - src_order: NHWC, src_shape: (640, 640, 3), dst_order: NHCW, dst_shape: (640, 640, 3)) >> (PushQEl1detectorYOLO26n/input_layer1 | timeout: 10s) >> (HwWriteEl1detectorYOLO26n/input_layer1 | hw_frame_size: 1228800) >> HW
[2026-03-31 14:06:23.472] [8275] [HailoRT] [info] [edge_elements.cpp:287] [create] Created (HwReadEl0detectorYOLO26n/concat23 | hw_frame_size: 42000)
[2026-03-31 14:06:23.472] [8275] [HailoRT] [info] [queue_elements.cpp:800] [create] Created (UserBuffQEl0detectorYOLO26n/concat23 | timeout: 10s)
[2026-03-31 14:06:23.472] [8275] [HailoRT] [info] [vstream.cpp:1114] [OutputVStreamImpl] Creating detectorYOLO26n/concat23...
[2026-03-31 14:06:23.472] [8275] [HailoRT] [info] [vstream_builder.cpp:220] [create_outputs] Output pipeline 'detectorYOLO26n/concat23': HW >> (HwReadEl0detectorYOLO26n/concat23 | hw_frame_size: 42000) >> (UserBuffQEl0detectorYOLO26n/concat23 | timeout: 10s)
[2026-03-31 14:06:23.488] [10002] [HailoRT] [info] [queue_elements.cpp:855] [run_in_thread] Shutdown event was signaled in dequeue of UserBuffQEl0detectorYOLO26n/concat23!
[2026-03-31 14:06:23.488] [10002] [HailoRT] [info] [queue_elements.cpp:68] [operator()] Thread in element UserBuffQEl0detectorYOLO26n/concat23 is not running anymore, exiting..
[2026-03-31 14:06:23.488] [8275] [HailoRT] [info] [queue_elements.cpp:46] [~BaseQueueElement] Queue element UserBuffQEl0detectorYOLO26n/concat23 has 0 frames in his Queue on destruction
[2026-03-31 14:06:23.488] [8275] [HailoRT] [info] [queue_elements.cpp:46] [~BaseQueueElement] Queue element PushQEl1detectorYOLO26n/input_layer1 has 0 frames in his Queue on destruction
[2026-03-31 14:06:23.488] [8275] [HailoRT] [info] [core_op.cpp:186] [deactivate] Deactivating took 0.608425 ms
[2026-03-31 14:06:23.488] [8275] [HailoRT] [info] [core_op.cpp:186] [deactivate] Deactivating took 0.617462 ms
[2026-03-31 14:06:23.541] [8275] [HailoRT] [info] [core_op.cpp:156] [activate] Activating detectorYOLO26n took 0.263907 milliseconds. Note that the function is asynchronous and thus the network is not fully activated yet.
[2026-03-31 14:06:23.541] [8275] [HailoRT] [info] [core_op.cpp:156] [activate] Activating detectorYOLO26n took 0.286333 milliseconds. Note that the function is asynchronous and thus the network is not fully activated yet.
[2026-03-31 14:06:23.541] [8275] [HailoRT] [info] [edge_elements.cpp:52] [create] Created (HwWriteEl1detectorYOLO26n/input_layer1 | hw_frame_size: 1228800)
[2026-03-31 14:06:23.542] [8275] [HailoRT] [info] [queue_elements.cpp:284] [create] Created (PushQEl1detectorYOLO26n/input_layer1 | timeout: 10s)
[2026-03-31 14:06:23.542] [8275] [HailoRT] [info] [filter_elements.cpp:101] [create] Created (PreInferEl1detectorYOLO26n/input_layer1 | Reorder - src_order: NHWC, src_shape: (640, 640, 3), dst_order: NHCW, dst_shape: (640, 640, 3))
[2026-03-31 14:06:23.542] [8275] [HailoRT] [info] [vstream.cpp:754] [InputVStreamImpl] Creating detectorYOLO26n/input_layer1...
[2026-03-31 14:06:23.542] [8275] [HailoRT] [info] [vstream_builder.cpp:102] [create_inputs] Input pipeline 'detectorYOLO26n/input_layer1': (PreInferEl1detectorYOLO26n/input_layer1 | Reorder - src_order: NHWC, src_shape: (640, 640, 3), dst_order: NHCW, dst_shape: (640, 640, 3)) >> (PushQEl1detectorYOLO26n/input_layer1 | timeout: 10s) >> (HwWriteEl1detectorYOLO26n/input_layer1 | hw_frame_size: 1228800) >> HW
[2026-03-31 14:06:23.542] [8275] [HailoRT] [info] [edge_elements.cpp:287] [create] Created (HwReadEl0detectorYOLO26n/concat23 | hw_frame_size: 42000)
[2026-03-31 14:06:23.542] [8275] [HailoRT] [info] [queue_elements.cpp:800] [create] Created (UserBuffQEl0detectorYOLO26n/concat23 | timeout: 10s)
[2026-03-31 14:06:23.542] [8275] [HailoRT] [info] [vstream.cpp:1114] [OutputVStreamImpl] Creating detectorYOLO26n/concat23...
[2026-03-31 14:06:23.542] [8275] [HailoRT] [info] [vstream_builder.cpp:220] [create_outputs] Output pipeline 'detectorYOLO26n/concat23': HW >> (HwReadEl0detectorYOLO26n/concat23 | hw_frame_size: 42000) >> (UserBuffQEl0detectorYOLO26n/concat23 | timeout: 10s)
[2026-03-31 14:06:23.557] [10006] [HailoRT] [info] [queue_elements.cpp:855] [run_in_thread] Shutdown event was signaled in dequeue of UserBuffQEl0detectorYOLO26n/concat23!
[2026-03-31 14:06:23.557] [10006] [HailoRT] [info] [queue_elements.cpp:68] [operator()] Thread in element UserBuffQEl0detectorYOLO26n/concat23 is not running anymore, exiting..
[2026-03-31 14:06:23.557] [8275] [HailoRT] [info] [queue_elements.cpp:46] [~BaseQueueElement] Queue element UserBuffQEl0detectorYOLO26n/concat23 has 0 frames in his Queue on destruction
[2026-03-31 14:06:23.557] [10005] [HailoRT] [info] [queue_elements.cpp:68] [operator()] Thread in element PushQEl1detectorYOLO26n/input_layer1 is not running anymore, exiting..
[2026-03-31 14:06:23.557] [8275] [HailoRT] [info] [queue_elements.cpp:46] [~BaseQueueElement] Queue element PushQEl1detectorYOLO26n/input_layer1 has 0 frames in his Queue on destruction
[2026-03-31 14:06:23.558] [8275] [HailoRT] [info] [core_op.cpp:186] [deactivate] Deactivating took 0.605721 ms
[2026-03-31 14:06:23.558] [8275] [HailoRT] [info] [core_op.cpp:186] [deactivate] Deactivating took 0.614962 ms
[2026-03-31 14:06:23.610] [8275] [HailoRT] [info] [core_op.cpp:156] [activate] Activating detectorYOLO26n took 0.278499 milliseconds. Note that the function is asynchronous and thus the network is not fully activated yet.
[2026-03-31 14:06:23.610] [8275] [HailoRT] [info] [core_op.cpp:156] [activate] Activating detectorYOLO26n took 0.305147 milliseconds. Note that the function is asynchronous and thus the network is not fully activated yet.
[2026-03-31 14:06:23.611] [8275] [HailoRT] [info] [edge_elements.cpp:52] [create] Created (HwWriteEl1detectorYOLO26n/input_layer1 | hw_frame_size: 1228800)
[2026-03-31 14:06:23.611] [8275] [HailoRT] [info] [queue_elements.cpp:284] [create] Created (PushQEl1detectorYOLO26n/input_layer1 | timeout: 10s)
[2026-03-31 14:06:23.611] [8275] [HailoRT] [info] [filter_elements.cpp:101] [create] Created (PreInferEl1detectorYOLO26n/input_layer1 | Reorder - src_order: NHWC, src_shape: (640, 640, 3), dst_order: NHCW, dst_shape: (640, 640, 3))
[2026-03-31 14:06:23.611] [8275] [HailoRT] [info] [vstream.cpp:754] [InputVStreamImpl] Creating detectorYOLO26n/input_layer1...
[2026-03-31 14:06:23.611] [8275] [HailoRT] [info] [vstream_builder.cpp:102] [create_inputs] Input pipeline 'detectorYOLO26n/input_layer1': (PreInferEl1detectorYOLO26n/input_layer1 | Reorder - src_order: NHWC, src_shape: (640, 640, 3), dst_order: NHCW, dst_shape: (640, 640, 3)) >> (PushQEl1detectorYOLO26n/input_layer1 | timeout: 10s) >> (HwWriteEl1detectorYOLO26n/input_layer1 | hw_frame_size: 1228800) >> HW
[2026-03-31 14:06:23.611] [8275] [HailoRT] [info] [edge_elements.cpp:287] [create] Created (HwReadEl0detectorYOLO26n/concat23 | hw_frame_size: 42000)
[2026-03-31 14:06:23.611] [8275] [HailoRT] [info] [queue_elements.cpp:800] [create] Created (UserBuffQEl0detectorYOLO26n/concat23 | timeout: 10s)
[2026-03-31 14:06:23.611] [8275] [HailoRT] [info] [vstream.cpp:1114] [OutputVStreamImpl] Creating detectorYOLO26n/concat23...
[2026-03-31 14:06:23.611] [8275] [HailoRT] [info] [vstream_builder.cpp:220] [create_outputs] Output pipeline 'detectorYOLO26n/concat23': HW >> (HwReadEl0detectorYOLO26n/concat23 | hw_frame_size: 42000) >> (UserBuffQEl0detectorYOLO26n/concat23 | timeout: 10s)
[2026-03-31 14:06:23.626] [10010] [HailoRT] [info] [queue_elements.cpp:855] [run_in_thread] Shutdown event was signaled in dequeue of UserBuffQEl0detectorYOLO26n/concat23!
[2026-03-31 14:06:23.626] [10010] [HailoRT] [info] [queue_elements.cpp:68] [operator()] Thread in element UserBuffQEl0detectorYOLO26n/concat23 is not running anymore, exiting..
[2026-03-31 14:06:23.626] [8275] [HailoRT] [info] [queue_elements.cpp:46] [~BaseQueueElement] Queue element UserBuffQEl0detectorYOLO26n/concat23 has 0 frames in his Queue on destruction
[2026-03-31 14:06:23.626] [10009] [HailoRT] [info] [queue_elements.cpp:68] [operator()] Thread in element PushQEl1detectorYOLO26n/input_layer1 is not running anymore, exiting..
[2026-03-31 14:06:23.626] [8275] [HailoRT] [info] [queue_elements.cpp:46] [~BaseQueueElement] Queue element PushQEl1detectorYOLO26n/input_layer1 has 0 frames in his Queue on destruction
[2026-03-31 14:06:23.627] [8275] [HailoRT] [info] [core_op.cpp:186] [deactivate] Deactivating took 0.602832 ms
[2026-03-31 14:06:23.627] [8275] [HailoRT] [info] [core_op.cpp:186] [deactivate] Deactivating took 0.611425 ms
[2026-03-31 14:06:23.680] [8275] [HailoRT] [info] [core_op.cpp:156] [activate] Activating detectorYOLO26n took 0.267296 milliseconds. Note that the function is asynchronous and thus the network is not fully activated yet.
[2026-03-31 14:06:23.680] [8275] [HailoRT] [info] [core_op.cpp:156] [activate] Activating detectorYOLO26n took 0.290981 milliseconds. Note that the function is asynchronous and thus the network is not fully activated yet.
[2026-03-31 14:06:23.680] [8275] [HailoRT] [info] [edge_elements.cpp:52] [create] Created (HwWriteEl1detectorYOLO26n/input_layer1 | hw_frame_size: 1228800)
[2026-03-31 14:06:23.680] [8275] [HailoRT] [info] [queue_elements.cpp:284] [create] Created (PushQEl1detectorYOLO26n/input_layer1 | timeout: 10s)
[2026-03-31 14:06:23.680] [8275] [HailoRT] [info] [filter_elements.cpp:101] [create] Created (PreInferEl1detectorYOLO26n/input_layer1 | Reorder - src_order: NHWC, src_shape: (640, 640, 3), dst_order: NHCW, dst_shape: (640, 640, 3))
[2026-03-31 14:06:23.680] [8275] [HailoRT] [info] [vstream.cpp:754] [InputVStreamImpl] Creating detectorYOLO26n/input_layer1...
[2026-03-31 14:06:23.680] [8275] [HailoRT] [info] [vstream_builder.cpp:102] [create_inputs] Input pipeline 'detectorYOLO26n/input_layer1': (PreInferEl1detectorYOLO26n/input_layer1 | Reorder - src_order: NHWC, src_shape: (640, 640, 3), dst_order: NHCW, dst_shape: (640, 640, 3)) >> (PushQEl1detectorYOLO26n/input_layer1 | timeout: 10s) >> (HwWriteEl1detectorYOLO26n/input_layer1 | hw_frame_size: 1228800) >> HW
[2026-03-31 14:06:23.680] [8275] [HailoRT] [info] [edge_elements.cpp:287] [create] Created (HwReadEl0detectorYOLO26n/concat23 | hw_frame_size: 42000)
[2026-03-31 14:06:23.680] [8275] [HailoRT] [info] [queue_elements.cpp:800] [create] Created (UserBuffQEl0detectorYOLO26n/concat23 | timeout: 10s)
[2026-03-31 14:06:23.680] [8275] [HailoRT] [info] [vstream.cpp:1114] [OutputVStreamImpl] Creating detectorYOLO26n/concat23...
[2026-03-31 14:06:23.680] [8275] [HailoRT] [info] [vstream_builder.cpp:220] [create_outputs] Output pipeline 'detectorYOLO26n/concat23': HW >> (HwReadEl0detectorYOLO26n/concat23 | hw_frame_size: 42000) >> (UserBuffQEl0detectorYOLO26n/concat23 | timeout: 10s)
[2026-03-31 14:06:23.696] [10014] [HailoRT] [info] [queue_elements.cpp:855] [run_in_thread] Shutdown event was signaled in dequeue of UserBuffQEl0detectorYOLO26n/concat23!
[2026-03-31 14:06:23.696] [10014] [HailoRT] [info] [queue_elements.cpp:68] [operator()] Thread in element UserBuffQEl0detectorYOLO26n/concat23 is not running anymore, exiting..
[2026-03-31 14:06:23.696] [8275] [HailoRT] [info] [queue_elements.cpp:46] [~BaseQueueElement] Queue element UserBuffQEl0detectorYOLO26n/concat23 has 0 frames in his Queue on destruction
[2026-03-31 14:06:23.696] [10013] [HailoRT] [info] [queue_elements.cpp:68] [operator()] Thread in element PushQEl1detectorYOLO26n/input_layer1 is not running anymore, exiting..
[2026-03-31 14:06:23.696] [8275] [HailoRT] [info] [queue_elements.cpp:46] [~BaseQueueElement] Queue element PushQEl1detectorYOLO26n/input_layer1 has 0 frames in his Queue on destruction
[2026-03-31 14:06:23.697] [8275] [HailoRT] [info] [core_op.cpp:186] [deactivate] Deactivating took 0.608332 ms
[2026-03-31 14:06:23.697] [8275] [HailoRT] [info] [core_op.cpp:186] [deactivate] Deactivating took 0.617832 ms
[2026-03-31 14:06:23.751] [8275] [HailoRT] [info] [core_op.cpp:156] [activate] Activating detectorYOLO26n took 0.276814 milliseconds. Note that the function is asynchronous and thus the network is not fully activated yet.
[2026-03-31 14:06:23.751] [8275] [HailoRT] [info] [core_op.cpp:156] [activate] Activating detectorYOLO26n took 0.30424 milliseconds. Note that the function is asynchronous and thus the network is not fully activated yet.
[2026-03-31 14:06:23.751] [8275] [HailoRT] [info] [edge_elements.cpp:52] [create] Created (HwWriteEl1detectorYOLO26n/input_layer1 | hw_frame_size: 1228800)
[2026-03-31 14:06:23.751] [8275] [HailoRT] [info] [queue_elements.cpp:284] [create] Created (PushQEl1detectorYOLO26n/input_layer1 | timeout: 10s)
[2026-03-31 14:06:23.751] [8275] [HailoRT] [info] [filter_elements.cpp:101] [create] Created (PreInferEl1detectorYOLO26n/input_layer1 | Reorder - src_order: NHWC, src_shape: (640, 640, 3), dst_order: NHCW, dst_shape: (640, 640, 3))
[2026-03-31 14:06:23.751] [8275] [HailoRT] [info] [vstream.cpp:754] [InputVStreamImpl] Creating detectorYOLO26n/input_layer1...
[2026-03-31 14:06:23.751] [8275] [HailoRT] [info] [vstream_builder.cpp:102] [create_inputs] Input pipeline 'detectorYOLO26n/input_layer1': (PreInferEl1detectorYOLO26n/input_layer1 | Reorder - src_order: NHWC, src_shape: (640, 640, 3), dst_order: NHCW, dst_shape: (640, 640, 3)) >> (PushQEl1detectorYOLO26n/input_layer1 | timeout: 10s) >> (HwWriteEl1detectorYOLO26n/input_layer1 | hw_frame_size: 1228800) >> HW
[2026-03-31 14:06:23.751] [8275] [HailoRT] [info] [edge_elements.cpp:287] [create] Created (HwReadEl0detectorYOLO26n/concat23 | hw_frame_size: 42000)
[2026-03-31 14:06:23.752] [8275] [HailoRT] [info] [queue_elements.cpp:800] [create] Created (UserBuffQEl0detectorYOLO26n/concat23 | timeout: 10s)
[2026-03-31 14:06:23.752] [8275] [HailoRT] [info] [vstream.cpp:1114] [OutputVStreamImpl] Creating detectorYOLO26n/concat23...
[2026-03-31 14:06:23.752] [8275] [HailoRT] [info] [vstream_builder.cpp:220] [create_outputs] Output pipeline 'detectorYOLO26n/concat23': HW >> (HwReadEl0detectorYOLO26n/concat23 | hw_frame_size: 42000) >> (UserBuffQEl0detectorYOLO26n/concat23 | timeout: 10s)
[2026-03-31 14:06:23.768] [10018] [HailoRT] [info] [queue_elements.cpp:855] [run_in_thread] Shutdown event was signaled in dequeue of UserBuffQEl0detectorYOLO26n/concat23!
[2026-03-31 14:06:23.769] [10018] [HailoRT] [info] [queue_elements.cpp:68] [operator()] Thread in element UserBuffQEl0detectorYOLO26n/concat23 is not running anymore, exiting..
[2026-03-31 14:06:23.769] [8275] [HailoRT] [info] [queue_elements.cpp:46] [~BaseQueueElement] Queue element UserBuffQEl0detectorYOLO26n/concat23 has 0 frames in his Queue on destruction
[2026-03-31 14:06:23.769] [10017] [HailoRT] [info] [queue_elements.cpp:68] [operator()] Thread in element PushQEl1detectorYOLO26n/input_layer1 is not running anymore, exiting..
[2026-03-31 14:06:23.769] [8275] [HailoRT] [info] [queue_elements.cpp:46] [~BaseQueueElement] Queue element PushQEl1detectorYOLO26n/input_layer1 has 0 frames in his Queue on destruction
[2026-03-31 14:06:23.769] [8275] [HailoRT] [info] [core_op.cpp:186] [deactivate] Deactivating took 0.624813 ms
[2026-03-31 14:06:23.769] [8275] [HailoRT] [info] [core_op.cpp:186] [deactivate] Deactivating took 0.636665 ms
[2026-03-31 14:06:23.822] [8275] [HailoRT] [info] [core_op.cpp:156] [activate] Activating detectorYOLO26n took 0.262925 milliseconds. Note that the function is asynchronous and thus the network is not fully activated yet.
[2026-03-31 14:06:23.822] [8275] [HailoRT] [info] [core_op.cpp:156] [activate] Activating detectorYOLO26n took 0.328555 milliseconds. Note that the function is asynchronous and thus the network is not fully activated yet.
[2026-03-31 14:06:23.822] [8275] [HailoRT] [info] [edge_elements.cpp:52] [create] Created (HwWriteEl1detectorYOLO26n/input_layer1 | hw_frame_size: 1228800)
[2026-03-31 14:06:23.822] [8275] [HailoRT] [info] [queue_elements.cpp:284] [create] Created (PushQEl1detectorYOLO26n/input_layer1 | timeout: 10s)
[2026-03-31 14:06:23.822] [8275] [HailoRT] [info] [filter_elements.cpp:101] [create] Created (PreInferEl1detectorYOLO26n/input_layer1 | Reorder - src_order: NHWC, src_shape: (640, 640, 3), dst_order: NHCW, dst_shape: (640, 640, 3))
[2026-03-31 14:06:23.822] [8275] [HailoRT] [info] [vstream.cpp:754] [InputVStreamImpl] Creating detectorYOLO26n/input_layer1...
[2026-03-31 14:06:23.822] [8275] [HailoRT] [info] [vstream_builder.cpp:102] [create_inputs] Input pipeline 'detectorYOLO26n/input_layer1': (PreInferEl1detectorYOLO26n/input_layer1 | Reorder - src_order: NHWC, src_shape: (640, 640, 3), dst_order: NHCW, dst_shape: (640, 640, 3)) >> (PushQEl1detectorYOLO26n/input_layer1 | timeout: 10s) >> (HwWriteEl1detectorYOLO26n/input_layer1 | hw_frame_size: 1228800) >> HW
[2026-03-31 14:06:23.822] [8275] [HailoRT] [info] [edge_elements.cpp:287] [create] Created (HwReadEl0detectorYOLO26n/concat23 | hw_frame_size: 42000)
[2026-03-31 14:06:23.822] [8275] [HailoRT] [info] [queue_elements.cpp:800] [create] Created (UserBuffQEl0detectorYOLO26n/concat23 | timeout: 10s)
[2026-03-31 14:06:23.822] [8275] [HailoRT] [info] [vstream.cpp:1114] [OutputVStreamImpl] Creating detectorYOLO26n/concat23...
[2026-03-31 14:06:23.822] [8275] [HailoRT] [info] [vstream_builder.cpp:220] [create_outputs] Output pipeline 'detectorYOLO26n/concat23': HW >> (HwReadEl0detectorYOLO26n/concat23 | hw_frame_size: 42000) >> (UserBuffQEl0detectorYOLO26n/concat23 | timeout: 10s)
[2026-03-31 14:06:23.838] [10022] [HailoRT] [info] [queue_elements.cpp:855] [run_in_thread] Shutdown event was signaled in dequeue of UserBuffQEl0detectorYOLO26n/concat23!
[2026-03-31 14:06:23.838] [10022] [HailoRT] [info] [queue_elements.cpp:68] [operator()] Thread in element UserBuffQEl0detectorYOLO26n/concat23 is not running anymore, exiting..
[2026-03-31 14:06:23.838] [8275] [HailoRT] [info] [queue_elements.cpp:46] [~BaseQueueElement] Queue element UserBuffQEl0detectorYOLO26n/concat23 has 0 frames in his Queue on destruction
[2026-03-31 14:06:23.838] [10021] [HailoRT] [info] [queue_elements.cpp:68] [operator()] Thread in element PushQEl1detectorYOLO26n/input_layer1 is not running anymore, exiting..
[2026-03-31 14:06:23.838] [8275] [HailoRT] [info] [queue_elements.cpp:46] [~BaseQueueElement] Queue element PushQEl1detectorYOLO26n/input_layer1 has 0 frames in his Queue on destruction
[2026-03-31 14:06:23.839] [8275] [HailoRT] [info] [core_op.cpp:186] [deactivate] Deactivating took 0.603628 ms
[2026-03-31 14:06:23.839] [8275] [HailoRT] [info] [core_op.cpp:186] [deactivate] Deactivating took 0.61311 ms
[2026-03-31 14:06:23.895] [8275] [HailoRT] [info] [core_op.cpp:156] [activate] Activating detectorYOLO26n took 0.289629 milliseconds. Note that the function is asynchronous and thus the network is not fully activated yet.
[2026-03-31 14:06:23.895] [8275] [HailoRT] [info] [core_op.cpp:156] [activate] Activating detectorYOLO26n took 0.314203 milliseconds. Note that the function is asynchronous and thus the network is not fully activated yet.
[2026-03-31 14:06:23.895] [8275] [HailoRT] [info] [edge_elements.cpp:52] [create] Created (HwWriteEl1detectorYOLO26n/input_layer1 | hw_frame_size: 1228800)
[2026-03-31 14:06:23.895] [8275] [HailoRT] [info] [queue_elements.cpp:284] [create] Created (PushQEl1detectorYOLO26n/input_layer1 | timeout: 10s)
[2026-03-31 14:06:23.895] [8275] [HailoRT] [info] [filter_elements.cpp:101] [create] Created (PreInferEl1detectorYOLO26n/input_layer1 | Reorder - src_order: NHWC, src_shape: (640, 640, 3), dst_order: NHCW, dst_shape: (640, 640, 3))
[2026-03-31 14:06:23.895] [8275] [HailoRT] [info] [vstream.cpp:754] [InputVStreamImpl] Creating detectorYOLO26n/input_layer1...
[2026-03-31 14:06:23.895] [8275] [HailoRT] [info] [vstream_builder.cpp:102] [create_inputs] Input pipeline 'detectorYOLO26n/input_layer1': (PreInferEl1detectorYOLO26n/input_layer1 | Reorder - src_order: NHWC, src_shape: (640, 640, 3), dst_order: NHCW, dst_shape: (640, 640, 3)) >> (PushQEl1detectorYOLO26n/input_layer1 | timeout: 10s) >> (HwWriteEl1detectorYOLO26n/input_layer1 | hw_frame_size: 1228800) >> HW
[2026-03-31 14:06:23.895] [8275] [HailoRT] [info] [edge_elements.cpp:287] [create] Created (HwReadEl0detectorYOLO26n/concat23 | hw_frame_size: 42000)
[2026-03-31 14:06:23.895] [8275] [HailoRT] [info] [queue_elements.cpp:800] [create] Created (UserBuffQEl0detectorYOLO26n/concat23 | timeout: 10s)
[2026-03-31 14:06:23.895] [8275] [HailoRT] [info] [vstream.cpp:1114] [OutputVStreamImpl] Creating detectorYOLO26n/concat23...
[2026-03-31 14:06:23.895] [8275] [HailoRT] [info] [vstream_builder.cpp:220] [create_outputs] Output pipeline 'detectorYOLO26n/concat23': HW >> (HwReadEl0detectorYOLO26n/concat23 | hw_frame_size: 42000) >> (UserBuffQEl0detectorYOLO26n/concat23 | timeout: 10s)
[2026-03-31 14:06:23.910] [10026] [HailoRT] [info] [queue_elements.cpp:855] [run_in_thread] Shutdown event was signaled in dequeue of UserBuffQEl0detectorYOLO26n/concat23!
[2026-03-31 14:06:23.910] [10026] [HailoRT] [info] [queue_elements.cpp:68] [operator()] Thread in element UserBuffQEl0detectorYOLO26n/concat23 is not running anymore, exiting..
[2026-03-31 14:06:23.910] [8275] [HailoRT] [info] [queue_elements.cpp:46] [~BaseQueueElement] Queue element UserBuffQEl0detectorYOLO26n/concat23 has 0 frames in his Queue on destruction
[2026-03-31 14:06:23.910] [10025] [HailoRT] [info] [queue_elements.cpp:68] [operator()] Thread in element PushQEl1detectorYOLO26n/input_layer1 is not running anymore, exiting..
[2026-03-31 14:06:23.910] [8275] [HailoRT] [info] [queue_elements.cpp:46] [~BaseQueueElement] Queue element PushQEl1detectorYOLO26n/input_layer1 has 0 frames in his Queue on destruction
[2026-03-31 14:06:23.911] [8275] [HailoRT] [info] [core_op.cpp:186] [deactivate] Deactivating took 0.60561 ms
[2026-03-31 14:06:23.911] [8275] [HailoRT] [info] [core_op.cpp:186] [deactivate] Deactivating took 0.614962 ms
[2026-03-31 14:06:23.965] [8275] [HailoRT] [info] [core_op.cpp:156] [activate] Activating detectorYOLO26n took 0.276722 milliseconds. Note that the function is asynchronous and thus the network is not fully activated yet.
[2026-03-31 14:06:23.965] [8275] [HailoRT] [info] [core_op.cpp:156] [activate] Activating detectorYOLO26n took 0.301204 milliseconds. Note that the function is asynchronous and thus the network is not fully activated yet.
[2026-03-31 14:06:23.965] [8275] [HailoRT] [info] [edge_elements.cpp:52] [create] Created (HwWriteEl1detectorYOLO26n/input_layer1 | hw_frame_size: 1228800)
[2026-03-31 14:06:23.965] [8275] [HailoRT] [info] [queue_elements.cpp:284] [create] Created (PushQEl1detectorYOLO26n/input_layer1 | timeout: 10s)
[2026-03-31 14:06:23.965] [8275] [HailoRT] [info] [filter_elements.cpp:101] [create] Created (PreInferEl1detectorYOLO26n/input_layer1 | Reorder - src_order: NHWC, src_shape: (640, 640, 3), dst_order: NHCW, dst_shape: (640, 640, 3))
[2026-03-31 14:06:23.965] [8275] [HailoRT] [info] [vstream.cpp:754] [InputVStreamImpl] Creating detectorYOLO26n/input_layer1...
[2026-03-31 14:06:23.965] [8275] [HailoRT] [info] [vstream_builder.cpp:102] [create_inputs] Input pipeline 'detectorYOLO26n/input_layer1': (PreInferEl1detectorYOLO26n/input_layer1 | Reorder - src_order: NHWC, src_shape: (640, 640, 3), dst_order: NHCW, dst_shape: (640, 640, 3)) >> (PushQEl1detectorYOLO26n/input_layer1 | timeout: 10s) >> (HwWriteEl1detectorYOLO26n/input_layer1 | hw_frame_size: 1228800) >> HW
[2026-03-31 14:06:23.965] [8275] [HailoRT] [info] [edge_elements.cpp:287] [create] Created (HwReadEl0detectorYOLO26n/concat23 | hw_frame_size: 42000)
[2026-03-31 14:06:23.965] [8275] [HailoRT] [info] [queue_elements.cpp:800] [create] Created (UserBuffQEl0detectorYOLO26n/concat23 | timeout: 10s)
[2026-03-31 14:06:23.965] [8275] [HailoRT] [info] [vstream.cpp:1114] [OutputVStreamImpl] Creating detectorYOLO26n/concat23...
[2026-03-31 14:06:23.965] [8275] [HailoRT] [info] [vstream_builder.cpp:220] [create_outputs] Output pipeline 'detectorYOLO26n/concat23': HW >> (HwReadEl0detectorYOLO26n/concat23 | hw_frame_size: 42000) >> (UserBuffQEl0detectorYOLO26n/concat23 | timeout: 10s)
[2026-03-31 14:06:23.981] [10030] [HailoRT] [info] [queue_elements.cpp:855] [run_in_thread] Shutdown event was signaled in dequeue of UserBuffQEl0detectorYOLO26n/concat23!
[2026-03-31 14:06:23.981] [10030] [HailoRT] [info] [queue_elements.cpp:68] [operator()] Thread in element UserBuffQEl0detectorYOLO26n/concat23 is not running anymore, exiting..
[2026-03-31 14:06:23.981] [8275] [HailoRT] [info] [queue_elements.cpp:46] [~BaseQueueElement] Queue element UserBuffQEl0detectorYOLO26n/concat23 has 0 frames in his Queue on destruction
[2026-03-31 14:06:23.981] [10029] [HailoRT] [info] [queue_elements.cpp:68] [operator()] Thread in element PushQEl1detectorYOLO26n/input_layer1 is not running anymore, exiting..
[2026-03-31 14:06:23.981] [8275] [HailoRT] [info] [queue_elements.cpp:46] [~BaseQueueElement] Queue element PushQEl1detectorYOLO26n/input_layer1 has 0 frames in his Queue on destruction
[2026-03-31 14:06:23.982] [8275] [HailoRT] [info] [core_op.cpp:186] [deactivate] Deactivating took 0.605035 ms
[2026-03-31 14:06:23.982] [8275] [HailoRT] [info] [core_op.cpp:186] [deactivate] Deactivating took 0.614239 ms
[2026-03-31 14:06:24.035] [8275] [HailoRT] [info] [core_op.cpp:156] [activate] Activating detectorYOLO26n took 0.291759 milliseconds. Note that the function is asynchronous and thus the network is not fully activated yet.
[2026-03-31 14:06:24.035] [8275] [HailoRT] [info] [core_op.cpp:156] [activate] Activating detectorYOLO26n took 0.323389 milliseconds. Note that the function is asynchronous and thus the network is not fully activated yet.
[2026-03-31 14:06:24.036] [8275] [HailoRT] [info] [edge_elements.cpp:52] [create] Created (HwWriteEl1detectorYOLO26n/input_layer1 | hw_frame_size: 1228800)
[2026-03-31 14:06:24.036] [8275] [HailoRT] [info] [queue_elements.cpp:284] [create] Created (PushQEl1detectorYOLO26n/input_layer1 | timeout: 10s)
[2026-03-31 14:06:24.036] [8275] [HailoRT] [info] [filter_elements.cpp:101] [create] Created (PreInferEl1detectorYOLO26n/input_layer1 | Reorder - src_order: NHWC, src_shape: (640, 640, 3), dst_order: NHCW, dst_shape: (640, 640, 3))
[2026-03-31 14:06:24.036] [8275] [HailoRT] [info] [vstream.cpp:754] [InputVStreamImpl] Creating detectorYOLO26n/input_layer1...
[2026-03-31 14:06:24.036] [8275] [HailoRT] [info] [vstream_builder.cpp:102] [create_inputs] Input pipeline 'detectorYOLO26n/input_layer1': (PreInferEl1detectorYOLO26n/input_layer1 | Reorder - src_order: NHWC, src_shape: (640, 640, 3), dst_order: NHCW, dst_shape: (640, 640, 3)) >> (PushQEl1detectorYOLO26n/input_layer1 | timeout: 10s) >> (HwWriteEl1detectorYOLO26n/input_layer1 | hw_frame_size: 1228800) >> HW
[2026-03-31 14:06:24.036] [8275] [HailoRT] [info] [edge_elements.cpp:287] [create] Created (HwReadEl0detectorYOLO26n/concat23 | hw_frame_size: 42000)
[2026-03-31 14:06:24.036] [8275] [HailoRT] [info] [queue_elements.cpp:800] [create] Created (UserBuffQEl0detectorYOLO26n/concat23 | timeout: 10s)
[2026-03-31 14:06:24.036] [8275] [HailoRT] [info] [vstream.cpp:1114] [OutputVStreamImpl] Creating detectorYOLO26n/concat23...
[2026-03-31 14:06:24.036] [8275] [HailoRT] [info] [vstream_builder.cpp:220] [create_outputs] Output pipeline 'detectorYOLO26n/concat23': HW >> (HwReadEl0detectorYOLO26n/concat23 | hw_frame_size: 42000) >> (UserBuffQEl0detectorYOLO26n/concat23 | timeout: 10s)
[2026-03-31 14:06:24.051] [10034] [HailoRT] [info] [queue_elements.cpp:855] [run_in_thread] Shutdown event was signaled in dequeue of UserBuffQEl0detectorYOLO26n/concat23!
[2026-03-31 14:06:24.051] [10034] [HailoRT] [info] [queue_elements.cpp:68] [operator()] Thread in element UserBuffQEl0detectorYOLO26n/concat23 is not running anymore, exiting..
[2026-03-31 14:06:24.051] [8275] [HailoRT] [info] [queue_elements.cpp:46] [~BaseQueueElement] Queue element UserBuffQEl0detectorYOLO26n/concat23 has 0 frames in his Queue on destruction
[2026-03-31 14:06:24.051] [10033] [HailoRT] [info] [queue_elements.cpp:68] [operator()] Thread in element PushQEl1detectorYOLO26n/input_layer1 is not running anymore, exiting..
[2026-03-31 14:06:24.051] [8275] [HailoRT] [info] [queue_elements.cpp:46] [~BaseQueueElement] Queue element PushQEl1detectorYOLO26n/input_layer1 has 0 frames in his Queue on destruction
[2026-03-31 14:06:24.052] [8275] [HailoRT] [info] [core_op.cpp:186] [deactivate] Deactivating took 0.604943 ms
[2026-03-31 14:06:24.052] [8275] [HailoRT] [info] [core_op.cpp:186] [deactivate] Deactivating took 0.613443 ms
[2026-03-31 14:06:24.107] [8275] [HailoRT] [info] [core_op.cpp:156] [activate] Activating detectorYOLO26n took 0.29987 milliseconds. Note that the function is asynchronous and thus the network is not fully activated yet.
[2026-03-31 14:06:24.107] [8275] [HailoRT] [info] [core_op.cpp:156] [activate] Activating detectorYOLO26n took 0.338147 milliseconds. Note that the function is asynchronous and thus the network is not fully activated yet.
[2026-03-31 14:06:24.108] [8275] [HailoRT] [info] [edge_elements.cpp:52] [create] Created (HwWriteEl1detectorYOLO26n/input_layer1 | hw_frame_size: 1228800)
[2026-03-31 14:06:24.108] [8275] [HailoRT] [info] [queue_elements.cpp:284] [create] Created (PushQEl1detectorYOLO26n/input_layer1 | timeout: 10s)
[2026-03-31 14:06:24.108] [8275] [HailoRT] [info] [filter_elements.cpp:101] [create] Created (PreInferEl1detectorYOLO26n/input_layer1 | Reorder - src_order: NHWC, src_shape: (640, 640, 3), dst_order: NHCW, dst_shape: (640, 640, 3))
[2026-03-31 14:06:24.108] [8275] [HailoRT] [info] [vstream.cpp:754] [InputVStreamImpl] Creating detectorYOLO26n/input_layer1...
[2026-03-31 14:06:24.108] [8275] [HailoRT] [info] [vstream_builder.cpp:102] [create_inputs] Input pipeline 'detectorYOLO26n/input_layer1': (PreInferEl1detectorYOLO26n/input_layer1 | Reorder - src_order: NHWC, src_shape: (640, 640, 3), dst_order: NHCW, dst_shape: (640, 640, 3)) >> (PushQEl1detectorYOLO26n/input_layer1 | timeout: 10s) >> (HwWriteEl1detectorYOLO26n/input_layer1 | hw_frame_size: 1228800) >> HW
[2026-03-31 14:06:24.108] [8275] [HailoRT] [info] [edge_elements.cpp:287] [create] Created (HwReadEl0detectorYOLO26n/concat23 | hw_frame_size: 42000)
[2026-03-31 14:06:24.108] [8275] [HailoRT] [info] [queue_elements.cpp:800] [create] Created (UserBuffQEl0detectorYOLO26n/concat23 | timeout: 10s)
[2026-03-31 14:06:24.108] [8275] [HailoRT] [info] [vstream.cpp:1114] [OutputVStreamImpl] Creating detectorYOLO26n/concat23...
[2026-03-31 14:06:24.108] [8275] [HailoRT] [info] [vstream_builder.cpp:220] [create_outputs] Output pipeline 'detectorYOLO26n/concat23': HW >> (HwReadEl0detectorYOLO26n/concat23 | hw_frame_size: 42000) >> (UserBuffQEl0detectorYOLO26n/concat23 | timeout: 10s)
[2026-03-31 14:06:24.124] [10038] [HailoRT] [info] [queue_elements.cpp:855] [run_in_thread] Shutdown event was signaled in dequeue of UserBuffQEl0detectorYOLO26n/concat23!
[2026-03-31 14:06:24.124] [10038] [HailoRT] [info] [queue_elements.cpp:68] [operator()] Thread in element UserBuffQEl0detectorYOLO26n/concat23 is not running anymore, exiting..
[2026-03-31 14:06:24.124] [8275] [HailoRT] [info] [queue_elements.cpp:46] [~BaseQueueElement] Queue element UserBuffQEl0detectorYOLO26n/concat23 has 0 frames in his Queue on destruction
[2026-03-31 14:06:24.124] [10037] [HailoRT] [info] [queue_elements.cpp:68] [operator()] Thread in element PushQEl1detectorYOLO26n/input_layer1 is not running anymore, exiting..
[2026-03-31 14:06:24.124] [8275] [HailoRT] [info] [queue_elements.cpp:46] [~BaseQueueElement] Queue element PushQEl1detectorYOLO26n/input_layer1 has 0 frames in his Queue on destruction
[2026-03-31 14:06:24.124] [8275] [HailoRT] [info] [core_op.cpp:186] [deactivate] Deactivating took 0.606962 ms
[2026-03-31 14:06:24.124] [8275] [HailoRT] [info] [core_op.cpp:186] [deactivate] Deactivating took 0.615943 ms
[2026-03-31 14:06:24.178] [8275] [HailoRT] [info] [core_op.cpp:156] [activate] Activating detectorYOLO26n took 0.286685 milliseconds. Note that the function is asynchronous and thus the network is not fully activated yet.
[2026-03-31 14:06:24.178] [8275] [HailoRT] [info] [core_op.cpp:156] [activate] Activating detectorYOLO26n took 0.312184 milliseconds. Note that the function is asynchronous and thus the network is not fully activated yet.
[2026-03-31 14:06:24.178] [8275] [HailoRT] [info] [edge_elements.cpp:52] [create] Created (HwWriteEl1detectorYOLO26n/input_layer1 | hw_frame_size: 1228800)
[2026-03-31 14:06:24.178] [8275] [HailoRT] [info] [queue_elements.cpp:284] [create] Created (PushQEl1detectorYOLO26n/input_layer1 | timeout: 10s)
[2026-03-31 14:06:24.178] [8275] [HailoRT] [info] [filter_elements.cpp:101] [create] Created (PreInferEl1detectorYOLO26n/input_layer1 | Reorder - src_order: NHWC, src_shape: (640, 640, 3), dst_order: NHCW, dst_shape: (640, 640, 3))
[2026-03-31 14:06:24.178] [8275] [HailoRT] [info] [vstream.cpp:754] [InputVStreamImpl] Creating detectorYOLO26n/input_layer1...
[2026-03-31 14:06:24.178] [8275] [HailoRT] [info] [vstream_builder.cpp:102] [create_inputs] Input pipeline 'detectorYOLO26n/input_layer1': (PreInferEl1detectorYOLO26n/input_layer1 | Reorder - src_order: NHWC, src_shape: (640, 640, 3), dst_order: NHCW, dst_shape: (640, 640, 3)) >> (PushQEl1detectorYOLO26n/input_layer1 | timeout: 10s) >> (HwWriteEl1detectorYOLO26n/input_layer1 | hw_frame_size: 1228800) >> HW
[2026-03-31 14:06:24.178] [8275] [HailoRT] [info] [edge_elements.cpp:287] [create] Created (HwReadEl0detectorYOLO26n/concat23 | hw_frame_size: 42000)
[2026-03-31 14:06:24.178] [8275] [HailoRT] [info] [queue_elements.cpp:800] [create] Created (UserBuffQEl0detectorYOLO26n/concat23 | timeout: 10s)
[2026-03-31 14:06:24.178] [8275] [HailoRT] [info] [vstream.cpp:1114] [OutputVStreamImpl] Creating detectorYOLO26n/concat23...
[2026-03-31 14:06:24.178] [8275] [HailoRT] [info] [vstream_builder.cpp:220] [create_outputs] Output pipeline 'detectorYOLO26n/concat23': HW >> (HwReadEl0detectorYOLO26n/concat23 | hw_frame_size: 42000) >> (UserBuffQEl0detectorYOLO26n/concat23 | timeout: 10s)
[2026-03-31 14:06:24.194] [10042] [HailoRT] [info] [queue_elements.cpp:855] [run_in_thread] Shutdown event was signaled in dequeue of UserBuffQEl0detectorYOLO26n/concat23!
[2026-03-31 14:06:24.194] [10042] [HailoRT] [info] [queue_elements.cpp:68] [operator()] Thread in element UserBuffQEl0detectorYOLO26n/concat23 is not running anymore, exiting..
[2026-03-31 14:06:24.194] [8275] [HailoRT] [info] [queue_elements.cpp:46] [~BaseQueueElement] Queue element UserBuffQEl0detectorYOLO26n/concat23 has 0 frames in his Queue on destruction
[2026-03-31 14:06:24.194] [10041] [HailoRT] [info] [queue_elements.cpp:68] [operator()] Thread in element PushQEl1detectorYOLO26n/input_layer1 is not running anymore, exiting..
[2026-03-31 14:06:24.194] [8275] [HailoRT] [info] [queue_elements.cpp:46] [~BaseQueueElement] Queue element PushQEl1detectorYOLO26n/input_layer1 has 0 frames in his Queue on destruction
[2026-03-31 14:06:24.195] [8275] [HailoRT] [info] [core_op.cpp:186] [deactivate] Deactivating took 0.603091 ms
[2026-03-31 14:06:24.195] [8275] [HailoRT] [info] [core_op.cpp:186] [deactivate] Deactivating took 0.612146 ms
[2026-03-31 14:06:24.248] [8275] [HailoRT] [info] [core_op.cpp:156] [activate] Activating detectorYOLO26n took 0.275055 milliseconds. Note that the function is asynchronous and thus the network is not fully activated yet.
[2026-03-31 14:06:24.248] [8275] [HailoRT] [info] [core_op.cpp:156] [activate] Activating detectorYOLO26n took 0.331147 milliseconds. Note that the function is asynchronous and thus the network is not fully activated yet.
[2026-03-31 14:06:24.248] [8275] [HailoRT] [info] [edge_elements.cpp:52] [create] Created (HwWriteEl1detectorYOLO26n/input_layer1 | hw_frame_size: 1228800)
[2026-03-31 14:06:24.248] [8275] [HailoRT] [info] [queue_elements.cpp:284] [create] Created (PushQEl1detectorYOLO26n/input_layer1 | timeout: 10s)
[2026-03-31 14:06:24.248] [8275] [HailoRT] [info] [filter_elements.cpp:101] [create] Created (PreInferEl1detectorYOLO26n/input_layer1 | Reorder - src_order: NHWC, src_shape: (640, 640, 3), dst_order: NHCW, dst_shape: (640, 640, 3))
[2026-03-31 14:06:24.248] [8275] [HailoRT] [info] [vstream.cpp:754] [InputVStreamImpl] Creating detectorYOLO26n/input_layer1...
[2026-03-31 14:06:24.248] [8275] [HailoRT] [info] [vstream_builder.cpp:102] [create_inputs] Input pipeline 'detectorYOLO26n/input_layer1': (PreInferEl1detectorYOLO26n/input_layer1 | Reorder - src_order: NHWC, src_shape: (640, 640, 3), dst_order: NHCW, dst_shape: (640, 640, 3)) >> (PushQEl1detectorYOLO26n/input_layer1 | timeout: 10s) >> (HwWriteEl1detectorYOLO26n/input_layer1 | hw_frame_size: 1228800) >> HW
[2026-03-31 14:06:24.248] [8275] [HailoRT] [info] [edge_elements.cpp:287] [create] Created (HwReadEl0detectorYOLO26n/concat23 | hw_frame_size: 42000)
[2026-03-31 14:06:24.248] [8275] [HailoRT] [info] [queue_elements.cpp:800] [create] Created (UserBuffQEl0detectorYOLO26n/concat23 | timeout: 10s)
[2026-03-31 14:06:24.248] [8275] [HailoRT] [info] [vstream.cpp:1114] [OutputVStreamImpl] Creating detectorYOLO26n/concat23...
[2026-03-31 14:06:24.248] [8275] [HailoRT] [info] [vstream_builder.cpp:220] [create_outputs] Output pipeline 'detectorYOLO26n/concat23': HW >> (HwReadEl0detectorYOLO26n/concat23 | hw_frame_size: 42000) >> (UserBuffQEl0detectorYOLO26n/concat23 | timeout: 10s)
[2026-03-31 14:06:24.264] [10046] [HailoRT] [info] [queue_elements.cpp:855] [run_in_thread] Shutdown event was signaled in dequeue of UserBuffQEl0detectorYOLO26n/concat23!
[2026-03-31 14:06:24.264] [10046] [HailoRT] [info] [queue_elements.cpp:68] [operator()] Thread in element UserBuffQEl0detectorYOLO26n/concat23 is not running anymore, exiting..
[2026-03-31 14:06:24.264] [8275] [HailoRT] [info] [queue_elements.cpp:46] [~BaseQueueElement] Queue element UserBuffQEl0detectorYOLO26n/concat23 has 0 frames in his Queue on destruction
[2026-03-31 14:06:24.264] [10045] [HailoRT] [info] [queue_elements.cpp:68] [operator()] Thread in element PushQEl1detectorYOLO26n/input_layer1 is not running anymore, exiting..
[2026-03-31 14:06:24.264] [8275] [HailoRT] [info] [queue_elements.cpp:46] [~BaseQueueElement] Queue element PushQEl1detectorYOLO26n/input_layer1 has 0 frames in his Queue on destruction
[2026-03-31 14:06:24.264] [8275] [HailoRT] [info] [core_op.cpp:186] [deactivate] Deactivating took 0.604499 ms
[2026-03-31 14:06:24.265] [8275] [HailoRT] [info] [core_op.cpp:186] [deactivate] Deactivating took 0.613388 ms
[2026-03-31 14:06:24.318] [8275] [HailoRT] [info] [core_op.cpp:156] [activate] Activating detectorYOLO26n took 0.290703 milliseconds. Note that the function is asynchronous and thus the network is not fully activated yet.
[2026-03-31 14:06:24.319] [8275] [HailoRT] [info] [core_op.cpp:156] [activate] Activating detectorYOLO26n took 0.319203 milliseconds. Note that the function is asynchronous and thus the network is not fully activated yet.
[2026-03-31 14:06:24.319] [8275] [HailoRT] [info] [edge_elements.cpp:52] [create] Created (HwWriteEl1detectorYOLO26n/input_layer1 | hw_frame_size: 1228800)
[2026-03-31 14:06:24.319] [8275] [HailoRT] [info] [queue_elements.cpp:284] [create] Created (PushQEl1detectorYOLO26n/input_layer1 | timeout: 10s)
[2026-03-31 14:06:24.319] [8275] [HailoRT] [info] [filter_elements.cpp:101] [create] Created (PreInferEl1detectorYOLO26n/input_layer1 | Reorder - src_order: NHWC, src_shape: (640, 640, 3), dst_order: NHCW, dst_shape: (640, 640, 3))
[2026-03-31 14:06:24.319] [8275] [HailoRT] [info] [vstream.cpp:754] [InputVStreamImpl] Creating detectorYOLO26n/input_layer1...
[2026-03-31 14:06:24.319] [8275] [HailoRT] [info] [vstream_builder.cpp:102] [create_inputs] Input pipeline 'detectorYOLO26n/input_layer1': (PreInferEl1detectorYOLO26n/input_layer1 | Reorder - src_order: NHWC, src_shape: (640, 640, 3), dst_order: NHCW, dst_shape: (640, 640, 3)) >> (PushQEl1detectorYOLO26n/input_layer1 | timeout: 10s) >> (HwWriteEl1detectorYOLO26n/input_layer1 | hw_frame_size: 1228800) >> HW
[2026-03-31 14:06:24.319] [8275] [HailoRT] [info] [edge_elements.cpp:287] [create] Created (HwReadEl0detectorYOLO26n/concat23 | hw_frame_size: 42000)
[2026-03-31 14:06:24.319] [8275] [HailoRT] [info] [queue_elements.cpp:800] [create] Created (UserBuffQEl0detectorYOLO26n/concat23 | timeout: 10s)
[2026-03-31 14:06:24.319] [8275] [HailoRT] [info] [vstream.cpp:1114] [OutputVStreamImpl] Creating detectorYOLO26n/concat23...
[2026-03-31 14:06:24.319] [8275] [HailoRT] [info] [vstream_builder.cpp:220] [create_outputs] Output pipeline 'detectorYOLO26n/concat23': HW >> (HwReadEl0detectorYOLO26n/concat23 | hw_frame_size: 42000) >> (UserBuffQEl0detectorYOLO26n/concat23 | timeout: 10s)
[2026-03-31 14:06:24.335] [10050] [HailoRT] [info] [queue_elements.cpp:855] [run_in_thread] Shutdown event was signaled in dequeue of UserBuffQEl0detectorYOLO26n/concat23!
[2026-03-31 14:06:24.335] [10050] [HailoRT] [info] [queue_elements.cpp:68] [operator()] Thread in element UserBuffQEl0detectorYOLO26n/concat23 is not running anymore, exiting..
[2026-03-31 14:06:24.335] [8275] [HailoRT] [info] [queue_elements.cpp:46] [~BaseQueueElement] Queue element UserBuffQEl0detectorYOLO26n/concat23 has 0 frames in his Queue on destruction
[2026-03-31 14:06:24.335] [8275] [HailoRT] [info] [queue_elements.cpp:46] [~BaseQueueElement] Queue element PushQEl1detectorYOLO26n/input_layer1 has 0 frames in his Queue on destruction
[2026-03-31 14:06:24.336] [8275] [HailoRT] [info] [core_op.cpp:186] [deactivate] Deactivating took 0.627517 ms
[2026-03-31 14:06:24.336] [8275] [HailoRT] [info] [core_op.cpp:186] [deactivate] Deactivating took 0.637795 ms
[2026-03-31 14:06:24.388] [8275] [HailoRT] [info] [core_op.cpp:156] [activate] Activating detectorYOLO26n took 0.274167 milliseconds. Note that the function is asynchronous and thus the network is not fully activated yet.
[2026-03-31 14:06:24.388] [8275] [HailoRT] [info] [core_op.cpp:156] [activate] Activating detectorYOLO26n took 0.328055 milliseconds. Note that the function is asynchronous and thus the network is not fully activated yet.
[2026-03-31 14:06:24.388] [8275] [HailoRT] [info] [edge_elements.cpp:52] [create] Created (HwWriteEl1detectorYOLO26n/input_layer1 | hw_frame_size: 1228800)
[2026-03-31 14:06:24.388] [8275] [HailoRT] [info] [queue_elements.cpp:284] [create] Created (PushQEl1detectorYOLO26n/input_layer1 | timeout: 10s)
[2026-03-31 14:06:24.388] [8275] [HailoRT] [info] [filter_elements.cpp:101] [create] Created (PreInferEl1detectorYOLO26n/input_layer1 | Reorder - src_order: NHWC, src_shape: (640, 640, 3), dst_order: NHCW, dst_shape: (640, 640, 3))
[2026-03-31 14:06:24.388] [8275] [HailoRT] [info] [vstream.cpp:754] [InputVStreamImpl] Creating detectorYOLO26n/input_layer1...
[2026-03-31 14:06:24.388] [8275] [HailoRT] [info] [vstream_builder.cpp:102] [create_inputs] Input pipeline 'detectorYOLO26n/input_layer1': (PreInferEl1detectorYOLO26n/input_layer1 | Reorder - src_order: NHWC, src_shape: (640, 640, 3), dst_order: NHCW, dst_shape: (640, 640, 3)) >> (PushQEl1detectorYOLO26n/input_layer1 | timeout: 10s) >> (HwWriteEl1detectorYOLO26n/input_layer1 | hw_frame_size: 1228800) >> HW
[2026-03-31 14:06:24.388] [8275] [HailoRT] [info] [edge_elements.cpp:287] [create] Created (HwReadEl0detectorYOLO26n/concat23 | hw_frame_size: 42000)
[2026-03-31 14:06:24.388] [8275] [HailoRT] [info] [queue_elements.cpp:800] [create] Created (UserBuffQEl0detectorYOLO26n/concat23 | timeout: 10s)
[2026-03-31 14:06:24.388] [8275] [HailoRT] [info] [vstream.cpp:1114] [OutputVStreamImpl] Creating detectorYOLO26n/concat23...
[2026-03-31 14:06:24.388] [8275] [HailoRT] [info] [vstream_builder.cpp:220] [create_outputs] Output pipeline 'detectorYOLO26n/concat23': HW >> (HwReadEl0detectorYOLO26n/concat23 | hw_frame_size: 42000) >> (UserBuffQEl0detectorYOLO26n/concat23 | timeout: 10s)
[2026-03-31 14:06:24.404] [10054] [HailoRT] [info] [queue_elements.cpp:855] [run_in_thread] Shutdown event was signaled in dequeue of UserBuffQEl0detectorYOLO26n/concat23!
[2026-03-31 14:06:24.404] [10054] [HailoRT] [info] [queue_elements.cpp:68] [operator()] Thread in element UserBuffQEl0detectorYOLO26n/concat23 is not running anymore, exiting..
[2026-03-31 14:06:24.404] [8275] [HailoRT] [info] [queue_elements.cpp:46] [~BaseQueueElement] Queue element UserBuffQEl0detectorYOLO26n/concat23 has 0 frames in his Queue on destruction
[2026-03-31 14:06:24.404] [10053] [HailoRT] [info] [queue_elements.cpp:68] [operator()] Thread in element PushQEl1detectorYOLO26n/input_layer1 is not running anymore, exiting..
[2026-03-31 14:06:24.404] [8275] [HailoRT] [info] [queue_elements.cpp:46] [~BaseQueueElement] Queue element PushQEl1detectorYOLO26n/input_layer1 has 0 frames in his Queue on destruction
[2026-03-31 14:06:24.404] [8275] [HailoRT] [info] [core_op.cpp:186] [deactivate] Deactivating took 0.604999 ms
[2026-03-31 14:06:24.404] [8275] [HailoRT] [info] [core_op.cpp:186] [deactivate] Deactivating took 0.613554 ms
[2026-03-31 14:06:24.458] [8275] [HailoRT] [info] [core_op.cpp:156] [activate] Activating detectorYOLO26n took 0.285407 milliseconds. Note that the function is asynchronous and thus the network is not fully activated yet.
[2026-03-31 14:06:24.458] [8275] [HailoRT] [info] [core_op.cpp:156] [activate] Activating detectorYOLO26n took 0.312777 milliseconds. Note that the function is asynchronous and thus the network is not fully activated yet.
[2026-03-31 14:06:24.458] [8275] [HailoRT] [info] [edge_elements.cpp:52] [create] Created (HwWriteEl1detectorYOLO26n/input_layer1 | hw_frame_size: 1228800)
[2026-03-31 14:06:24.458] [8275] [HailoRT] [info] [queue_elements.cpp:284] [create] Created (PushQEl1detectorYOLO26n/input_layer1 | timeout: 10s)
[2026-03-31 14:06:24.458] [8275] [HailoRT] [info] [filter_elements.cpp:101] [create] Created (PreInferEl1detectorYOLO26n/input_layer1 | Reorder - src_order: NHWC, src_shape: (640, 640, 3), dst_order: NHCW, dst_shape: (640, 640, 3))
[2026-03-31 14:06:24.458] [8275] [HailoRT] [info] [vstream.cpp:754] [InputVStreamImpl] Creating detectorYOLO26n/input_layer1...
[2026-03-31 14:06:24.458] [8275] [HailoRT] [info] [vstream_builder.cpp:102] [create_inputs] Input pipeline 'detectorYOLO26n/input_layer1': (PreInferEl1detectorYOLO26n/input_layer1 | Reorder - src_order: NHWC, src_shape: (640, 640, 3), dst_order: NHCW, dst_shape: (640, 640, 3)) >> (PushQEl1detectorYOLO26n/input_layer1 | timeout: 10s) >> (HwWriteEl1detectorYOLO26n/input_layer1 | hw_frame_size: 1228800) >> HW
[2026-03-31 14:06:24.458] [8275] [HailoRT] [info] [edge_elements.cpp:287] [create] Created (HwReadEl0detectorYOLO26n/concat23 | hw_frame_size: 42000)
[2026-03-31 14:06:24.458] [8275] [HailoRT] [info] [queue_elements.cpp:800] [create] Created (UserBuffQEl0detectorYOLO26n/concat23 | timeout: 10s)
[2026-03-31 14:06:24.458] [8275] [HailoRT] [info] [vstream.cpp:1114] [OutputVStreamImpl] Creating detectorYOLO26n/concat23...
[2026-03-31 14:06:24.458] [8275] [HailoRT] [info] [vstream_builder.cpp:220] [create_outputs] Output pipeline 'detectorYOLO26n/concat23': HW >> (HwReadEl0detectorYOLO26n/concat23 | hw_frame_size: 42000) >> (UserBuffQEl0detectorYOLO26n/concat23 | timeout: 10s)
[2026-03-31 14:06:24.474] [10058] [HailoRT] [info] [queue_elements.cpp:855] [run_in_thread] Shutdown event was signaled in dequeue of UserBuffQEl0detectorYOLO26n/concat23!
[2026-03-31 14:06:24.474] [10058] [HailoRT] [info] [queue_elements.cpp:68] [operator()] Thread in element UserBuffQEl0detectorYOLO26n/concat23 is not running anymore, exiting..
[2026-03-31 14:06:24.474] [8275] [HailoRT] [info] [queue_elements.cpp:46] [~BaseQueueElement] Queue element UserBuffQEl0detectorYOLO26n/concat23 has 0 frames in his Queue on destruction
[2026-03-31 14:06:24.474] [10057] [HailoRT] [info] [queue_elements.cpp:68] [operator()] Thread in element PushQEl1detectorYOLO26n/input_layer1 is not running anymore, exiting..
[2026-03-31 14:06:24.474] [8275] [HailoRT] [info] [queue_elements.cpp:46] [~BaseQueueElement] Queue element PushQEl1detectorYOLO26n/input_layer1 has 0 frames in his Queue on destruction
[2026-03-31 14:06:24.475] [8275] [HailoRT] [info] [core_op.cpp:186] [deactivate] Deactivating took 0.604739 ms
[2026-03-31 14:06:24.475] [8275] [HailoRT] [info] [core_op.cpp:186] [deactivate] Deactivating took 0.614092 ms
[2026-03-31 14:06:24.527] [8275] [HailoRT] [info] [core_op.cpp:156] [activate] Activating detectorYOLO26n took 0.275685 milliseconds. Note that the function is asynchronous and thus the network is not fully activated yet.
[2026-03-31 14:06:24.527] [8275] [HailoRT] [info] [core_op.cpp:156] [activate] Activating detectorYOLO26n took 0.300444 milliseconds. Note that the function is asynchronous and thus the network is not fully activated yet.
[2026-03-31 14:06:24.527] [8275] [HailoRT] [info] [edge_elements.cpp:52] [create] Created (HwWriteEl1detectorYOLO26n/input_layer1 | hw_frame_size: 1228800)
[2026-03-31 14:06:24.527] [8275] [HailoRT] [info] [queue_elements.cpp:284] [create] Created (PushQEl1detectorYOLO26n/input_layer1 | timeout: 10s)
[2026-03-31 14:06:24.527] [8275] [HailoRT] [info] [filter_elements.cpp:101] [create] Created (PreInferEl1detectorYOLO26n/input_layer1 | Reorder - src_order: NHWC, src_shape: (640, 640, 3), dst_order: NHCW, dst_shape: (640, 640, 3))
[2026-03-31 14:06:24.527] [8275] [HailoRT] [info] [vstream.cpp:754] [InputVStreamImpl] Creating detectorYOLO26n/input_layer1...
[2026-03-31 14:06:24.527] [8275] [HailoRT] [info] [vstream_builder.cpp:102] [create_inputs] Input pipeline 'detectorYOLO26n/input_layer1': (PreInferEl1detectorYOLO26n/input_layer1 | Reorder - src_order: NHWC, src_shape: (640, 640, 3), dst_order: NHCW, dst_shape: (640, 640, 3)) >> (PushQEl1detectorYOLO26n/input_layer1 | timeout: 10s) >> (HwWriteEl1detectorYOLO26n/input_layer1 | hw_frame_size: 1228800) >> HW
[2026-03-31 14:06:24.527] [8275] [HailoRT] [info] [edge_elements.cpp:287] [create] Created (HwReadEl0detectorYOLO26n/concat23 | hw_frame_size: 42000)
[2026-03-31 14:06:24.527] [8275] [HailoRT] [info] [queue_elements.cpp:800] [create] Created (UserBuffQEl0detectorYOLO26n/concat23 | timeout: 10s)
[2026-03-31 14:06:24.527] [8275] [HailoRT] [info] [vstream.cpp:1114] [OutputVStreamImpl] Creating detectorYOLO26n/concat23...
[2026-03-31 14:06:24.527] [8275] [HailoRT] [info] [vstream_builder.cpp:220] [create_outputs] Output pipeline 'detectorYOLO26n/concat23': HW >> (HwReadEl0detectorYOLO26n/concat23 | hw_frame_size: 42000) >> (UserBuffQEl0detectorYOLO26n/concat23 | timeout: 10s)
[2026-03-31 14:06:24.543] [10062] [HailoRT] [info] [queue_elements.cpp:855] [run_in_thread] Shutdown event was signaled in dequeue of UserBuffQEl0detectorYOLO26n/concat23!
[2026-03-31 14:06:24.543] [10062] [HailoRT] [info] [queue_elements.cpp:68] [operator()] Thread in element UserBuffQEl0detectorYOLO26n/concat23 is not running anymore, exiting..
[2026-03-31 14:06:24.543] [8275] [HailoRT] [info] [queue_elements.cpp:46] [~BaseQueueElement] Queue element UserBuffQEl0detectorYOLO26n/concat23 has 0 frames in his Queue on destruction
[2026-03-31 14:06:24.543] [10061] [HailoRT] [info] [queue_elements.cpp:68] [operator()] Thread in element PushQEl1detectorYOLO26n/input_layer1 is not running anymore, exiting..
[2026-03-31 14:06:24.543] [8275] [HailoRT] [info] [queue_elements.cpp:46] [~BaseQueueElement] Queue element PushQEl1detectorYOLO26n/input_layer1 has 0 frames in his Queue on destruction
[2026-03-31 14:06:24.543] [8275] [HailoRT] [info] [core_op.cpp:186] [deactivate] Deactivating took 0.605851 ms
[2026-03-31 14:06:24.543] [8275] [HailoRT] [info] [core_op.cpp:186] [deactivate] Deactivating took 0.614702 ms
[2026-03-31 14:06:24.597] [8275] [HailoRT] [info] [core_op.cpp:156] [activate] Activating detectorYOLO26n took 0.290425 milliseconds. Note that the function is asynchronous and thus the network is not fully activated yet.
[2026-03-31 14:06:24.597] [8275] [HailoRT] [info] [core_op.cpp:156] [activate] Activating detectorYOLO26n took 0.316518 milliseconds. Note that the function is asynchronous and thus the network is not fully activated yet.
[2026-03-31 14:06:24.598] [8275] [HailoRT] [info] [edge_elements.cpp:52] [create] Created (HwWriteEl1detectorYOLO26n/input_layer1 | hw_frame_size: 1228800)
[2026-03-31 14:06:24.598] [8275] [HailoRT] [info] [queue_elements.cpp:284] [create] Created (PushQEl1detectorYOLO26n/input_layer1 | timeout: 10s)
[2026-03-31 14:06:24.598] [8275] [HailoRT] [info] [filter_elements.cpp:101] [create] Created (PreInferEl1detectorYOLO26n/input_layer1 | Reorder - src_order: NHWC, src_shape: (640, 640, 3), dst_order: NHCW, dst_shape: (640, 640, 3))
[2026-03-31 14:06:24.598] [8275] [HailoRT] [info] [vstream.cpp:754] [InputVStreamImpl] Creating detectorYOLO26n/input_layer1...
[2026-03-31 14:06:24.598] [8275] [HailoRT] [info] [vstream_builder.cpp:102] [create_inputs] Input pipeline 'detectorYOLO26n/input_layer1': (PreInferEl1detectorYOLO26n/input_layer1 | Reorder - src_order: NHWC, src_shape: (640, 640, 3), dst_order: NHCW, dst_shape: (640, 640, 3)) >> (PushQEl1detectorYOLO26n/input_layer1 | timeout: 10s) >> (HwWriteEl1detectorYOLO26n/input_layer1 | hw_frame_size: 1228800) >> HW
[2026-03-31 14:06:24.598] [8275] [HailoRT] [info] [edge_elements.cpp:287] [create] Created (HwReadEl0detectorYOLO26n/concat23 | hw_frame_size: 42000)
[2026-03-31 14:06:24.598] [8275] [HailoRT] [info] [queue_elements.cpp:800] [create] Created (UserBuffQEl0detectorYOLO26n/concat23 | timeout: 10s)
[2026-03-31 14:06:24.598] [8275] [HailoRT] [info] [vstream.cpp:1114] [OutputVStreamImpl] Creating detectorYOLO26n/concat23...
[2026-03-31 14:06:24.598] [8275] [HailoRT] [info] [vstream_builder.cpp:220] [create_outputs] Output pipeline 'detectorYOLO26n/concat23': HW >> (HwReadEl0detectorYOLO26n/concat23 | hw_frame_size: 42000) >> (UserBuffQEl0detectorYOLO26n/concat23 | timeout: 10s)
[2026-03-31 14:06:24.613] [10066] [HailoRT] [info] [queue_elements.cpp:855] [run_in_thread] Shutdown event was signaled in dequeue of UserBuffQEl0detectorYOLO26n/concat23!
[2026-03-31 14:06:24.613] [10066] [HailoRT] [info] [queue_elements.cpp:68] [operator()] Thread in element UserBuffQEl0detectorYOLO26n/concat23 is not running anymore, exiting..
[2026-03-31 14:06:24.613] [8275] [HailoRT] [info] [queue_elements.cpp:46] [~BaseQueueElement] Queue element UserBuffQEl0detectorYOLO26n/concat23 has 0 frames in his Queue on destruction
[2026-03-31 14:06:24.613] [10065] [HailoRT] [info] [queue_elements.cpp:68] [operator()] Thread in element PushQEl1detectorYOLO26n/input_layer1 is not running anymore, exiting..
[2026-03-31 14:06:24.613] [8275] [HailoRT] [info] [queue_elements.cpp:46] [~BaseQueueElement] Queue element PushQEl1detectorYOLO26n/input_layer1 has 0 frames in his Queue on destruction
[2026-03-31 14:06:24.614] [8275] [HailoRT] [info] [core_op.cpp:186] [deactivate] Deactivating took 0.605054 ms
[2026-03-31 14:06:24.614] [8275] [HailoRT] [info] [core_op.cpp:186] [deactivate] Deactivating took 0.613721 ms
[2026-03-31 14:06:24.666] [8275] [HailoRT] [info] [core_op.cpp:156] [activate] Activating detectorYOLO26n took 0.275907 milliseconds. Note that the function is asynchronous and thus the network is not fully activated yet.
[2026-03-31 14:06:24.666] [8275] [HailoRT] [info] [core_op.cpp:156] [activate] Activating detectorYOLO26n took 0.32987 milliseconds. Note that the function is asynchronous and thus the network is not fully activated yet.
[2026-03-31 14:06:24.666] [8275] [HailoRT] [info] [edge_elements.cpp:52] [create] Created (HwWriteEl1detectorYOLO26n/input_layer1 | hw_frame_size: 1228800)
[2026-03-31 14:06:24.667] [8275] [HailoRT] [info] [queue_elements.cpp:284] [create] Created (PushQEl1detectorYOLO26n/input_layer1 | timeout: 10s)
[2026-03-31 14:06:24.667] [8275] [HailoRT] [info] [filter_elements.cpp:101] [create] Created (PreInferEl1detectorYOLO26n/input_layer1 | Reorder - src_order: NHWC, src_shape: (640, 640, 3), dst_order: NHCW, dst_shape: (640, 640, 3))
[2026-03-31 14:06:24.667] [8275] [HailoRT] [info] [vstream.cpp:754] [InputVStreamImpl] Creating detectorYOLO26n/input_layer1...
[2026-03-31 14:06:24.667] [8275] [HailoRT] [info] [vstream_builder.cpp:102] [create_inputs] Input pipeline 'detectorYOLO26n/input_layer1': (PreInferEl1detectorYOLO26n/input_layer1 | Reorder - src_order: NHWC, src_shape: (640, 640, 3), dst_order: NHCW, dst_shape: (640, 640, 3)) >> (PushQEl1detectorYOLO26n/input_layer1 | timeout: 10s) >> (HwWriteEl1detectorYOLO26n/input_layer1 | hw_frame_size: 1228800) >> HW
[2026-03-31 14:06:24.667] [8275] [HailoRT] [info] [edge_elements.cpp:287] [create] Created (HwReadEl0detectorYOLO26n/concat23 | hw_frame_size: 42000)
[2026-03-31 14:06:24.667] [8275] [HailoRT] [info] [queue_elements.cpp:800] [create] Created (UserBuffQEl0detectorYOLO26n/concat23 | timeout: 10s)
[2026-03-31 14:06:24.667] [8275] [HailoRT] [info] [vstream.cpp:1114] [OutputVStreamImpl] Creating detectorYOLO26n/concat23...
[2026-03-31 14:06:24.667] [8275] [HailoRT] [info] [vstream_builder.cpp:220] [create_outputs] Output pipeline 'detectorYOLO26n/concat23': HW >> (HwReadEl0detectorYOLO26n/concat23 | hw_frame_size: 42000) >> (UserBuffQEl0detectorYOLO26n/concat23 | timeout: 10s)
[2026-03-31 14:06:24.682] [10070] [HailoRT] [info] [queue_elements.cpp:855] [run_in_thread] Shutdown event was signaled in dequeue of UserBuffQEl0detectorYOLO26n/concat23!
[2026-03-31 14:06:24.682] [10070] [HailoRT] [info] [queue_elements.cpp:68] [operator()] Thread in element UserBuffQEl0detectorYOLO26n/concat23 is not running anymore, exiting..
[2026-03-31 14:06:24.682] [8275] [HailoRT] [info] [queue_elements.cpp:46] [~BaseQueueElement] Queue element UserBuffQEl0detectorYOLO26n/concat23 has 0 frames in his Queue on destruction
[2026-03-31 14:06:24.682] [10069] [HailoRT] [info] [queue_elements.cpp:68] [operator()] Thread in element PushQEl1detectorYOLO26n/input_layer1 is not running anymore, exiting..
[2026-03-31 14:06:24.683] [8275] [HailoRT] [info] [queue_elements.cpp:46] [~BaseQueueElement] Queue element PushQEl1detectorYOLO26n/input_layer1 has 0 frames in his Queue on destruction
[2026-03-31 14:06:24.683] [8275] [HailoRT] [info] [core_op.cpp:186] [deactivate] Deactivating took 0.604387 ms
[2026-03-31 14:06:24.683] [8275] [HailoRT] [info] [core_op.cpp:186] [deactivate] Deactivating took 0.612869 ms
[2026-03-31 14:06:24.736] [8275] [HailoRT] [info] [core_op.cpp:156] [activate] Activating detectorYOLO26n took 0.279203 milliseconds. Note that the function is asynchronous and thus the network is not fully activated yet.
[2026-03-31 14:06:24.736] [8275] [HailoRT] [info] [core_op.cpp:156] [activate] Activating detectorYOLO26n took 0.33837 milliseconds. Note that the function is asynchronous and thus the network is not fully activated yet.
[2026-03-31 14:06:24.737] [8275] [HailoRT] [info] [edge_elements.cpp:52] [create] Created (HwWriteEl1detectorYOLO26n/input_layer1 | hw_frame_size: 1228800)
[2026-03-31 14:06:24.737] [8275] [HailoRT] [info] [queue_elements.cpp:284] [create] Created (PushQEl1detectorYOLO26n/input_layer1 | timeout: 10s)
[2026-03-31 14:06:24.737] [8275] [HailoRT] [info] [filter_elements.cpp:101] [create] Created (PreInferEl1detectorYOLO26n/input_layer1 | Reorder - src_order: NHWC, src_shape: (640, 640, 3), dst_order: NHCW, dst_shape: (640, 640, 3))
[2026-03-31 14:06:24.737] [8275] [HailoRT] [info] [vstream.cpp:754] [InputVStreamImpl] Creating detectorYOLO26n/input_layer1...
[2026-03-31 14:06:24.737] [8275] [HailoRT] [info] [vstream_builder.cpp:102] [create_inputs] Input pipeline 'detectorYOLO26n/input_layer1': (PreInferEl1detectorYOLO26n/input_layer1 | Reorder - src_order: NHWC, src_shape: (640, 640, 3), dst_order: NHCW, dst_shape: (640, 640, 3)) >> (PushQEl1detectorYOLO26n/input_layer1 | timeout: 10s) >> (HwWriteEl1detectorYOLO26n/input_layer1 | hw_frame_size: 1228800) >> HW
[2026-03-31 14:06:24.737] [8275] [HailoRT] [info] [edge_elements.cpp:287] [create] Created (HwReadEl0detectorYOLO26n/concat23 | hw_frame_size: 42000)
[2026-03-31 14:06:24.737] [8275] [HailoRT] [info] [queue_elements.cpp:800] [create] Created (UserBuffQEl0detectorYOLO26n/concat23 | timeout: 10s)
[2026-03-31 14:06:24.737] [8275] [HailoRT] [info] [vstream.cpp:1114] [OutputVStreamImpl] Creating detectorYOLO26n/concat23...
[2026-03-31 14:06:24.737] [8275] [HailoRT] [info] [vstream_builder.cpp:220] [create_outputs] Output pipeline 'detectorYOLO26n/concat23': HW >> (HwReadEl0detectorYOLO26n/concat23 | hw_frame_size: 42000) >> (UserBuffQEl0detectorYOLO26n/concat23 | timeout: 10s)
[2026-03-31 14:06:24.752] [10074] [HailoRT] [info] [queue_elements.cpp:855] [run_in_thread] Shutdown event was signaled in dequeue of UserBuffQEl0detectorYOLO26n/concat23!
[2026-03-31 14:06:24.752] [10074] [HailoRT] [info] [queue_elements.cpp:68] [operator()] Thread in element UserBuffQEl0detectorYOLO26n/concat23 is not running anymore, exiting..
[2026-03-31 14:06:24.752] [8275] [HailoRT] [info] [queue_elements.cpp:46] [~BaseQueueElement] Queue element UserBuffQEl0detectorYOLO26n/concat23 has 0 frames in his Queue on destruction
[2026-03-31 14:06:24.752] [10073] [HailoRT] [info] [queue_elements.cpp:68] [operator()] Thread in element PushQEl1detectorYOLO26n/input_layer1 is not running anymore, exiting..
[2026-03-31 14:06:24.752] [8275] [HailoRT] [info] [queue_elements.cpp:46] [~BaseQueueElement] Queue element PushQEl1detectorYOLO26n/input_layer1 has 0 frames in his Queue on destruction
[2026-03-31 14:06:24.753] [8275] [HailoRT] [info] [core_op.cpp:186] [deactivate] Deactivating took 0.604814 ms
[2026-03-31 14:06:24.753] [8275] [HailoRT] [info] [core_op.cpp:186] [deactivate] Deactivating took 0.613461 ms
[2026-03-31 14:06:24.806] [8275] [HailoRT] [info] [core_op.cpp:156] [activate] Activating detectorYOLO26n took 0.272758 milliseconds. Note that the function is asynchronous and thus the network is not fully activated yet.
[2026-03-31 14:06:24.806] [8275] [HailoRT] [info] [core_op.cpp:156] [activate] Activating detectorYOLO26n took 0.295518 milliseconds. Note that the function is asynchronous and thus the network is not fully activated yet.
[2026-03-31 14:06:24.806] [8275] [HailoRT] [info] [edge_elements.cpp:52] [create] Created (HwWriteEl1detectorYOLO26n/input_layer1 | hw_frame_size: 1228800)
[2026-03-31 14:06:24.806] [8275] [HailoRT] [info] [queue_elements.cpp:284] [create] Created (PushQEl1detectorYOLO26n/input_layer1 | timeout: 10s)
[2026-03-31 14:06:24.806] [8275] [HailoRT] [info] [filter_elements.cpp:101] [create] Created (PreInferEl1detectorYOLO26n/input_layer1 | Reorder - src_order: NHWC, src_shape: (640, 640, 3), dst_order: NHCW, dst_shape: (640, 640, 3))
[2026-03-31 14:06:24.806] [8275] [HailoRT] [info] [vstream.cpp:754] [InputVStreamImpl] Creating detectorYOLO26n/input_layer1...
[2026-03-31 14:06:24.806] [8275] [HailoRT] [info] [vstream_builder.cpp:102] [create_inputs] Input pipeline 'detectorYOLO26n/input_layer1': (PreInferEl1detectorYOLO26n/input_layer1 | Reorder - src_order: NHWC, src_shape: (640, 640, 3), dst_order: NHCW, dst_shape: (640, 640, 3)) >> (PushQEl1detectorYOLO26n/input_layer1 | timeout: 10s) >> (HwWriteEl1detectorYOLO26n/input_layer1 | hw_frame_size: 1228800) >> HW
[2026-03-31 14:06:24.806] [8275] [HailoRT] [info] [edge_elements.cpp:287] [create] Created (HwReadEl0detectorYOLO26n/concat23 | hw_frame_size: 42000)
[2026-03-31 14:06:24.806] [8275] [HailoRT] [info] [queue_elements.cpp:800] [create] Created (UserBuffQEl0detectorYOLO26n/concat23 | timeout: 10s)
[2026-03-31 14:06:24.806] [8275] [HailoRT] [info] [vstream.cpp:1114] [OutputVStreamImpl] Creating detectorYOLO26n/concat23...
[2026-03-31 14:06:24.806] [8275] [HailoRT] [info] [vstream_builder.cpp:220] [create_outputs] Output pipeline 'detectorYOLO26n/concat23': HW >> (HwReadEl0detectorYOLO26n/concat23 | hw_frame_size: 42000) >> (UserBuffQEl0detectorYOLO26n/concat23 | timeout: 10s)
[2026-03-31 14:06:24.822] [10078] [HailoRT] [info] [queue_elements.cpp:855] [run_in_thread] Shutdown event was signaled in dequeue of UserBuffQEl0detectorYOLO26n/concat23!
[2026-03-31 14:06:24.822] [10078] [HailoRT] [info] [queue_elements.cpp:68] [operator()] Thread in element UserBuffQEl0detectorYOLO26n/concat23 is not running anymore, exiting..
[2026-03-31 14:06:24.822] [8275] [HailoRT] [info] [queue_elements.cpp:46] [~BaseQueueElement] Queue element UserBuffQEl0detectorYOLO26n/concat23 has 0 frames in his Queue on destruction
[2026-03-31 14:06:24.822] [10077] [HailoRT] [info] [queue_elements.cpp:68] [operator()] Thread in element PushQEl1detectorYOLO26n/input_layer1 is not running anymore, exiting..
[2026-03-31 14:06:24.822] [8275] [HailoRT] [info] [queue_elements.cpp:46] [~BaseQueueElement] Queue element PushQEl1detectorYOLO26n/input_layer1 has 0 frames in his Queue on destruction
[2026-03-31 14:06:24.822] [8275] [HailoRT] [info] [core_op.cpp:186] [deactivate] Deactivating took 0.603276 ms
[2026-03-31 14:06:24.822] [8275] [HailoRT] [info] [core_op.cpp:186] [deactivate] Deactivating took 0.611925 ms
[2026-03-31 14:06:24.876] [8275] [HailoRT] [info] [core_op.cpp:156] [activate] Activating detectorYOLO26n took 0.292444 milliseconds. Note that the function is asynchronous and thus the network is not fully activated yet.
[2026-03-31 14:06:24.876] [8275] [HailoRT] [info] [core_op.cpp:156] [activate] Activating detectorYOLO26n took 0.317203 milliseconds. Note that the function is asynchronous and thus the network is not fully activated yet.
[2026-03-31 14:06:24.876] [8275] [HailoRT] [info] [edge_elements.cpp:52] [create] Created (HwWriteEl1detectorYOLO26n/input_layer1 | hw_frame_size: 1228800)
[2026-03-31 14:06:24.876] [8275] [HailoRT] [info] [queue_elements.cpp:284] [create] Created (PushQEl1detectorYOLO26n/input_layer1 | timeout: 10s)
[2026-03-31 14:06:24.876] [8275] [HailoRT] [info] [filter_elements.cpp:101] [create] Created (PreInferEl1detectorYOLO26n/input_layer1 | Reorder - src_order: NHWC, src_shape: (640, 640, 3), dst_order: NHCW, dst_shape: (640, 640, 3))
[2026-03-31 14:06:24.876] [8275] [HailoRT] [info] [vstream.cpp:754] [InputVStreamImpl] Creating detectorYOLO26n/input_layer1...
[2026-03-31 14:06:24.876] [8275] [HailoRT] [info] [vstream_builder.cpp:102] [create_inputs] Input pipeline 'detectorYOLO26n/input_layer1': (PreInferEl1detectorYOLO26n/input_layer1 | Reorder - src_order: NHWC, src_shape: (640, 640, 3), dst_order: NHCW, dst_shape: (640, 640, 3)) >> (PushQEl1detectorYOLO26n/input_layer1 | timeout: 10s) >> (HwWriteEl1detectorYOLO26n/input_layer1 | hw_frame_size: 1228800) >> HW
[2026-03-31 14:06:24.877] [8275] [HailoRT] [info] [edge_elements.cpp:287] [create] Created (HwReadEl0detectorYOLO26n/concat23 | hw_frame_size: 42000)
[2026-03-31 14:06:24.877] [8275] [HailoRT] [info] [queue_elements.cpp:800] [create] Created (UserBuffQEl0detectorYOLO26n/concat23 | timeout: 10s)
[2026-03-31 14:06:24.877] [8275] [HailoRT] [info] [vstream.cpp:1114] [OutputVStreamImpl] Creating detectorYOLO26n/concat23...
[2026-03-31 14:06:24.877] [8275] [HailoRT] [info] [vstream_builder.cpp:220] [create_outputs] Output pipeline 'detectorYOLO26n/concat23': HW >> (HwReadEl0detectorYOLO26n/concat23 | hw_frame_size: 42000) >> (UserBuffQEl0detectorYOLO26n/concat23 | timeout: 10s)
[2026-03-31 14:06:24.892] [10082] [HailoRT] [info] [queue_elements.cpp:855] [run_in_thread] Shutdown event was signaled in dequeue of UserBuffQEl0detectorYOLO26n/concat23!
[2026-03-31 14:06:24.892] [10082] [HailoRT] [info] [queue_elements.cpp:68] [operator()] Thread in element UserBuffQEl0detectorYOLO26n/concat23 is not running anymore, exiting..
[2026-03-31 14:06:24.892] [8275] [HailoRT] [info] [queue_elements.cpp:46] [~BaseQueueElement] Queue element UserBuffQEl0detectorYOLO26n/concat23 has 0 frames in his Queue on destruction
[2026-03-31 14:06:24.892] [8275] [HailoRT] [info] [queue_elements.cpp:46] [~BaseQueueElement] Queue element PushQEl1detectorYOLO26n/input_layer1 has 0 frames in his Queue on destruction
[2026-03-31 14:06:24.893] [8275] [HailoRT] [info] [core_op.cpp:186] [deactivate] Deactivating took 0.629518 ms
[2026-03-31 14:06:24.893] [8275] [HailoRT] [info] [core_op.cpp:186] [deactivate] Deactivating took 0.641573 ms
[2026-03-31 14:06:24.946] [8275] [HailoRT] [info] [core_op.cpp:156] [activate] Activating detectorYOLO26n took 0.273666 milliseconds. Note that the function is asynchronous and thus the network is not fully activated yet.
[2026-03-31 14:06:24.946] [8275] [HailoRT] [info] [core_op.cpp:156] [activate] Activating detectorYOLO26n took 0.296629 milliseconds. Note that the function is asynchronous and thus the network is not fully activated yet.
[2026-03-31 14:06:24.946] [8275] [HailoRT] [info] [edge_elements.cpp:52] [create] Created (HwWriteEl1detectorYOLO26n/input_layer1 | hw_frame_size: 1228800)
[2026-03-31 14:06:24.946] [8275] [HailoRT] [info] [queue_elements.cpp:284] [create] Created (PushQEl1detectorYOLO26n/input_layer1 | timeout: 10s)
[2026-03-31 14:06:24.946] [8275] [HailoRT] [info] [filter_elements.cpp:101] [create] Created (PreInferEl1detectorYOLO26n/input_layer1 | Reorder - src_order: NHWC, src_shape: (640, 640, 3), dst_order: NHCW, dst_shape: (640, 640, 3))
[2026-03-31 14:06:24.946] [8275] [HailoRT] [info] [vstream.cpp:754] [InputVStreamImpl] Creating detectorYOLO26n/input_layer1...
[2026-03-31 14:06:24.946] [8275] [HailoRT] [info] [vstream_builder.cpp:102] [create_inputs] Input pipeline 'detectorYOLO26n/input_layer1': (PreInferEl1detectorYOLO26n/input_layer1 | Reorder - src_order: NHWC, src_shape: (640, 640, 3), dst_order: NHCW, dst_shape: (640, 640, 3)) >> (PushQEl1detectorYOLO26n/input_layer1 | timeout: 10s) >> (HwWriteEl1detectorYOLO26n/input_layer1 | hw_frame_size: 1228800) >> HW
[2026-03-31 14:06:24.946] [8275] [HailoRT] [info] [edge_elements.cpp:287] [create] Created (HwReadEl0detectorYOLO26n/concat23 | hw_frame_size: 42000)
[2026-03-31 14:06:24.946] [8275] [HailoRT] [info] [queue_elements.cpp:800] [create] Created (UserBuffQEl0detectorYOLO26n/concat23 | timeout: 10s)
[2026-03-31 14:06:24.946] [8275] [HailoRT] [info] [vstream.cpp:1114] [OutputVStreamImpl] Creating detectorYOLO26n/concat23...
[2026-03-31 14:06:24.946] [8275] [HailoRT] [info] [vstream_builder.cpp:220] [create_outputs] Output pipeline 'detectorYOLO26n/concat23': HW >> (HwReadEl0detectorYOLO26n/concat23 | hw_frame_size: 42000) >> (UserBuffQEl0detectorYOLO26n/concat23 | timeout: 10s)
[2026-03-31 14:06:24.962] [10086] [HailoRT] [info] [queue_elements.cpp:855] [run_in_thread] Shutdown event was signaled in dequeue of UserBuffQEl0detectorYOLO26n/concat23!
[2026-03-31 14:06:24.962] [10086] [HailoRT] [info] [queue_elements.cpp:68] [operator()] Thread in element UserBuffQEl0detectorYOLO26n/concat23 is not running anymore, exiting..
[2026-03-31 14:06:24.962] [8275] [HailoRT] [info] [queue_elements.cpp:46] [~BaseQueueElement] Queue element UserBuffQEl0detectorYOLO26n/concat23 has 0 frames in his Queue on destruction
[2026-03-31 14:06:24.962] [10085] [HailoRT] [info] [queue_elements.cpp:68] [operator()] Thread in element PushQEl1detectorYOLO26n/input_layer1 is not running anymore, exiting..
[2026-03-31 14:06:24.962] [8275] [HailoRT] [info] [queue_elements.cpp:46] [~BaseQueueElement] Queue element PushQEl1detectorYOLO26n/input_layer1 has 0 frames in his Queue on destruction
[2026-03-31 14:06:24.962] [8275] [HailoRT] [info] [core_op.cpp:186] [deactivate] Deactivating took 0.604424 ms
[2026-03-31 14:06:24.962] [8275] [HailoRT] [info] [core_op.cpp:186] [deactivate] Deactivating took 0.613498 ms
[2026-03-31 14:06:25.021] [8275] [HailoRT] [info] [core_op.cpp:156] [activate] Activating detectorYOLO26n took 0.350925 milliseconds. Note that the function is asynchronous and thus the network is not fully activated yet.
[2026-03-31 14:06:25.021] [8275] [HailoRT] [info] [core_op.cpp:156] [activate] Activating detectorYOLO26n took 0.391055 milliseconds. Note that the function is asynchronous and thus the network is not fully activated yet.
[2026-03-31 14:06:25.021] [8275] [HailoRT] [info] [edge_elements.cpp:52] [create] Created (HwWriteEl1detectorYOLO26n/input_layer1 | hw_frame_size: 1228800)
[2026-03-31 14:06:25.021] [8275] [HailoRT] [info] [queue_elements.cpp:284] [create] Created (PushQEl1detectorYOLO26n/input_layer1 | timeout: 10s)
[2026-03-31 14:06:25.021] [8275] [HailoRT] [info] [filter_elements.cpp:101] [create] Created (PreInferEl1detectorYOLO26n/input_layer1 | Reorder - src_order: NHWC, src_shape: (640, 640, 3), dst_order: NHCW, dst_shape: (640, 640, 3))
[2026-03-31 14:06:25.021] [8275] [HailoRT] [info] [vstream.cpp:754] [InputVStreamImpl] Creating detectorYOLO26n/input_layer1...
[2026-03-31 14:06:25.021] [8275] [HailoRT] [info] [vstream_builder.cpp:102] [create_inputs] Input pipeline 'detectorYOLO26n/input_layer1': (PreInferEl1detectorYOLO26n/input_layer1 | Reorder - src_order: NHWC, src_shape: (640, 640, 3), dst_order: NHCW, dst_shape: (640, 640, 3)) >> (PushQEl1detectorYOLO26n/input_layer1 | timeout: 10s) >> (HwWriteEl1detectorYOLO26n/input_layer1 | hw_frame_size: 1228800) >> HW
[2026-03-31 14:06:25.021] [8275] [HailoRT] [info] [edge_elements.cpp:287] [create] Created (HwReadEl0detectorYOLO26n/concat23 | hw_frame_size: 42000)
[2026-03-31 14:06:25.021] [8275] [HailoRT] [info] [queue_elements.cpp:800] [create] Created (UserBuffQEl0detectorYOLO26n/concat23 | timeout: 10s)
[2026-03-31 14:06:25.021] [8275] [HailoRT] [info] [vstream.cpp:1114] [OutputVStreamImpl] Creating detectorYOLO26n/concat23...
[2026-03-31 14:06:25.021] [8275] [HailoRT] [info] [vstream_builder.cpp:220] [create_outputs] Output pipeline 'detectorYOLO26n/concat23': HW >> (HwReadEl0detectorYOLO26n/concat23 | hw_frame_size: 42000) >> (UserBuffQEl0detectorYOLO26n/concat23 | timeout: 10s)
[2026-03-31 14:06:25.037] [10090] [HailoRT] [info] [queue_elements.cpp:855] [run_in_thread] Shutdown event was signaled in dequeue of UserBuffQEl0detectorYOLO26n/concat23!
[2026-03-31 14:06:25.037] [10090] [HailoRT] [info] [queue_elements.cpp:68] [operator()] Thread in element UserBuffQEl0detectorYOLO26n/concat23 is not running anymore, exiting..
[2026-03-31 14:06:25.037] [8275] [HailoRT] [info] [queue_elements.cpp:46] [~BaseQueueElement] Queue element UserBuffQEl0detectorYOLO26n/concat23 has 0 frames in his Queue on destruction
[2026-03-31 14:06:25.037] [10089] [HailoRT] [info] [queue_elements.cpp:68] [operator()] Thread in element PushQEl1detectorYOLO26n/input_layer1 is not running anymore, exiting..
[2026-03-31 14:06:25.037] [8275] [HailoRT] [info] [queue_elements.cpp:46] [~BaseQueueElement] Queue element PushQEl1detectorYOLO26n/input_layer1 has 0 frames in his Queue on destruction
[2026-03-31 14:06:25.038] [8275] [HailoRT] [info] [core_op.cpp:186] [deactivate] Deactivating took 0.601962 ms
[2026-03-31 14:06:25.038] [8275] [HailoRT] [info] [core_op.cpp:186] [deactivate] Deactivating took 0.611295 ms
[2026-03-31 14:06:25.090] [8275] [HailoRT] [info] [core_op.cpp:156] [activate] Activating detectorYOLO26n took 0.274851 milliseconds. Note that the function is asynchronous and thus the network is not fully activated yet.
[2026-03-31 14:06:25.090] [8275] [HailoRT] [info] [core_op.cpp:156] [activate] Activating detectorYOLO26n took 0.331221 milliseconds. Note that the function is asynchronous and thus the network is not fully activated yet.
[2026-03-31 14:06:25.090] [8275] [HailoRT] [info] [edge_elements.cpp:52] [create] Created (HwWriteEl1detectorYOLO26n/input_layer1 | hw_frame_size: 1228800)
[2026-03-31 14:06:25.091] [8275] [HailoRT] [info] [queue_elements.cpp:284] [create] Created (PushQEl1detectorYOLO26n/input_layer1 | timeout: 10s)
[2026-03-31 14:06:25.091] [8275] [HailoRT] [info] [filter_elements.cpp:101] [create] Created (PreInferEl1detectorYOLO26n/input_layer1 | Reorder - src_order: NHWC, src_shape: (640, 640, 3), dst_order: NHCW, dst_shape: (640, 640, 3))
[2026-03-31 14:06:25.091] [8275] [HailoRT] [info] [vstream.cpp:754] [InputVStreamImpl] Creating detectorYOLO26n/input_layer1...
[2026-03-31 14:06:25.091] [8275] [HailoRT] [info] [vstream_builder.cpp:102] [create_inputs] Input pipeline 'detectorYOLO26n/input_layer1': (PreInferEl1detectorYOLO26n/input_layer1 | Reorder - src_order: NHWC, src_shape: (640, 640, 3), dst_order: NHCW, dst_shape: (640, 640, 3)) >> (PushQEl1detectorYOLO26n/input_layer1 | timeout: 10s) >> (HwWriteEl1detectorYOLO26n/input_layer1 | hw_frame_size: 1228800) >> HW
[2026-03-31 14:06:25.091] [8275] [HailoRT] [info] [edge_elements.cpp:287] [create] Created (HwReadEl0detectorYOLO26n/concat23 | hw_frame_size: 42000)
[2026-03-31 14:06:25.091] [8275] [HailoRT] [info] [queue_elements.cpp:800] [create] Created (UserBuffQEl0detectorYOLO26n/concat23 | timeout: 10s)
[2026-03-31 14:06:25.091] [8275] [HailoRT] [info] [vstream.cpp:1114] [OutputVStreamImpl] Creating detectorYOLO26n/concat23...
[2026-03-31 14:06:25.091] [8275] [HailoRT] [info] [vstream_builder.cpp:220] [create_outputs] Output pipeline 'detectorYOLO26n/concat23': HW >> (HwReadEl0detectorYOLO26n/concat23 | hw_frame_size: 42000) >> (UserBuffQEl0detectorYOLO26n/concat23 | timeout: 10s)
[2026-03-31 14:06:25.107] [10094] [HailoRT] [info] [queue_elements.cpp:855] [run_in_thread] Shutdown event was signaled in dequeue of UserBuffQEl0detectorYOLO26n/concat23!
[2026-03-31 14:06:25.107] [10094] [HailoRT] [info] [queue_elements.cpp:68] [operator()] Thread in element UserBuffQEl0detectorYOLO26n/concat23 is not running anymore, exiting..
[2026-03-31 14:06:25.107] [8275] [HailoRT] [info] [queue_elements.cpp:46] [~BaseQueueElement] Queue element UserBuffQEl0detectorYOLO26n/concat23 has 0 frames in his Queue on destruction
[2026-03-31 14:06:25.107] [10093] [HailoRT] [info] [queue_elements.cpp:68] [operator()] Thread in element PushQEl1detectorYOLO26n/input_layer1 is not running anymore, exiting..
[2026-03-31 14:06:25.107] [8275] [HailoRT] [info] [queue_elements.cpp:46] [~BaseQueueElement] Queue element PushQEl1detectorYOLO26n/input_layer1 has 0 frames in his Queue on destruction
[2026-03-31 14:06:25.107] [8275] [HailoRT] [info] [core_op.cpp:186] [deactivate] Deactivating took 0.60874 ms
[2026-03-31 14:06:25.107] [8275] [HailoRT] [info] [core_op.cpp:186] [deactivate] Deactivating took 0.61824 ms
[2026-03-31 14:06:25.161] [8275] [HailoRT] [info] [core_op.cpp:156] [activate] Activating detectorYOLO26n took 0.291629 milliseconds. Note that the function is asynchronous and thus the network is not fully activated yet.
[2026-03-31 14:06:25.161] [8275] [HailoRT] [info] [core_op.cpp:156] [activate] Activating detectorYOLO26n took 0.314629 milliseconds. Note that the function is asynchronous and thus the network is not fully activated yet.
[2026-03-31 14:06:25.161] [8275] [HailoRT] [info] [edge_elements.cpp:52] [create] Created (HwWriteEl1detectorYOLO26n/input_layer1 | hw_frame_size: 1228800)
[2026-03-31 14:06:25.161] [8275] [HailoRT] [info] [queue_elements.cpp:284] [create] Created (PushQEl1detectorYOLO26n/input_layer1 | timeout: 10s)
[2026-03-31 14:06:25.161] [8275] [HailoRT] [info] [filter_elements.cpp:101] [create] Created (PreInferEl1detectorYOLO26n/input_layer1 | Reorder - src_order: NHWC, src_shape: (640, 640, 3), dst_order: NHCW, dst_shape: (640, 640, 3))
[2026-03-31 14:06:25.161] [8275] [HailoRT] [info] [vstream.cpp:754] [InputVStreamImpl] Creating detectorYOLO26n/input_layer1...
[2026-03-31 14:06:25.161] [8275] [HailoRT] [info] [vstream_builder.cpp:102] [create_inputs] Input pipeline 'detectorYOLO26n/input_layer1': (PreInferEl1detectorYOLO26n/input_layer1 | Reorder - src_order: NHWC, src_shape: (640, 640, 3), dst_order: NHCW, dst_shape: (640, 640, 3)) >> (PushQEl1detectorYOLO26n/input_layer1 | timeout: 10s) >> (HwWriteEl1detectorYOLO26n/input_layer1 | hw_frame_size: 1228800) >> HW
[2026-03-31 14:06:25.161] [8275] [HailoRT] [info] [edge_elements.cpp:287] [create] Created (HwReadEl0detectorYOLO26n/concat23 | hw_frame_size: 42000)
[2026-03-31 14:06:25.162] [8275] [HailoRT] [info] [queue_elements.cpp:800] [create] Created (UserBuffQEl0detectorYOLO26n/concat23 | timeout: 10s)
[2026-03-31 14:06:25.162] [8275] [HailoRT] [info] [vstream.cpp:1114] [OutputVStreamImpl] Creating detectorYOLO26n/concat23...
[2026-03-31 14:06:25.162] [8275] [HailoRT] [info] [vstream_builder.cpp:220] [create_outputs] Output pipeline 'detectorYOLO26n/concat23': HW >> (HwReadEl0detectorYOLO26n/concat23 | hw_frame_size: 42000) >> (UserBuffQEl0detectorYOLO26n/concat23 | timeout: 10s)
[2026-03-31 14:06:25.177] [10098] [HailoRT] [info] [queue_elements.cpp:855] [run_in_thread] Shutdown event was signaled in dequeue of UserBuffQEl0detectorYOLO26n/concat23!
[2026-03-31 14:06:25.177] [10098] [HailoRT] [info] [queue_elements.cpp:68] [operator()] Thread in element UserBuffQEl0detectorYOLO26n/concat23 is not running anymore, exiting..
[2026-03-31 14:06:25.177] [8275] [HailoRT] [info] [queue_elements.cpp:46] [~BaseQueueElement] Queue element UserBuffQEl0detectorYOLO26n/concat23 has 0 frames in his Queue on destruction
[2026-03-31 14:06:25.177] [8275] [HailoRT] [info] [queue_elements.cpp:46] [~BaseQueueElement] Queue element PushQEl1detectorYOLO26n/input_layer1 has 0 frames in his Queue on destruction
[2026-03-31 14:06:25.178] [8275] [HailoRT] [info] [core_op.cpp:186] [deactivate] Deactivating took 0.624554 ms
[2026-03-31 14:06:25.178] [8275] [HailoRT] [info] [core_op.cpp:186] [deactivate] Deactivating took 0.639314 ms
[2026-03-31 14:06:25.232] [8275] [HailoRT] [info] [core_op.cpp:156] [activate] Activating detectorYOLO26n took 0.2755 milliseconds. Note that the function is asynchronous and thus the network is not fully activated yet.
[2026-03-31 14:06:25.232] [8275] [HailoRT] [info] [core_op.cpp:156] [activate] Activating detectorYOLO26n took 0.300869 milliseconds. Note that the function is asynchronous and thus the network is not fully activated yet.
[2026-03-31 14:06:25.232] [8275] [HailoRT] [info] [edge_elements.cpp:52] [create] Created (HwWriteEl1detectorYOLO26n/input_layer1 | hw_frame_size: 1228800)
[2026-03-31 14:06:25.232] [8275] [HailoRT] [info] [queue_elements.cpp:284] [create] Created (PushQEl1detectorYOLO26n/input_layer1 | timeout: 10s)
[2026-03-31 14:06:25.232] [8275] [HailoRT] [info] [filter_elements.cpp:101] [create] Created (PreInferEl1detectorYOLO26n/input_layer1 | Reorder - src_order: NHWC, src_shape: (640, 640, 3), dst_order: NHCW, dst_shape: (640, 640, 3))
[2026-03-31 14:06:25.232] [8275] [HailoRT] [info] [vstream.cpp:754] [InputVStreamImpl] Creating detectorYOLO26n/input_layer1...
[2026-03-31 14:06:25.232] [8275] [HailoRT] [info] [vstream_builder.cpp:102] [create_inputs] Input pipeline 'detectorYOLO26n/input_layer1': (PreInferEl1detectorYOLO26n/input_layer1 | Reorder - src_order: NHWC, src_shape: (640, 640, 3), dst_order: NHCW, dst_shape: (640, 640, 3)) >> (PushQEl1detectorYOLO26n/input_layer1 | timeout: 10s) >> (HwWriteEl1detectorYOLO26n/input_layer1 | hw_frame_size: 1228800) >> HW
[2026-03-31 14:06:25.232] [8275] [HailoRT] [info] [edge_elements.cpp:287] [create] Created (HwReadEl0detectorYOLO26n/concat23 | hw_frame_size: 42000)
[2026-03-31 14:06:25.232] [8275] [HailoRT] [info] [queue_elements.cpp:800] [create] Created (UserBuffQEl0detectorYOLO26n/concat23 | timeout: 10s)
[2026-03-31 14:06:25.232] [8275] [HailoRT] [info] [vstream.cpp:1114] [OutputVStreamImpl] Creating detectorYOLO26n/concat23...
[2026-03-31 14:06:25.232] [8275] [HailoRT] [info] [vstream_builder.cpp:220] [create_outputs] Output pipeline 'detectorYOLO26n/concat23': HW >> (HwReadEl0detectorYOLO26n/concat23 | hw_frame_size: 42000) >> (UserBuffQEl0detectorYOLO26n/concat23 | timeout: 10s)
[2026-03-31 14:06:25.248] [10102] [HailoRT] [info] [queue_elements.cpp:855] [run_in_thread] Shutdown event was signaled in dequeue of UserBuffQEl0detectorYOLO26n/concat23!
[2026-03-31 14:06:25.248] [10102] [HailoRT] [info] [queue_elements.cpp:68] [operator()] Thread in element UserBuffQEl0detectorYOLO26n/concat23 is not running anymore, exiting..
[2026-03-31 14:06:25.248] [8275] [HailoRT] [info] [queue_elements.cpp:46] [~BaseQueueElement] Queue element UserBuffQEl0detectorYOLO26n/concat23 has 0 frames in his Queue on destruction
[2026-03-31 14:06:25.248] [10101] [HailoRT] [info] [queue_elements.cpp:68] [operator()] Thread in element PushQEl1detectorYOLO26n/input_layer1 is not running anymore, exiting..
[2026-03-31 14:06:25.248] [8275] [HailoRT] [info] [queue_elements.cpp:46] [~BaseQueueElement] Queue element PushQEl1detectorYOLO26n/input_layer1 has 0 frames in his Queue on destruction
[2026-03-31 14:06:25.248] [8275] [HailoRT] [info] [core_op.cpp:186] [deactivate] Deactivating took 0.60698 ms
[2026-03-31 14:06:25.248] [8275] [HailoRT] [info] [core_op.cpp:186] [deactivate] Deactivating took 0.615702 ms
[2026-03-31 14:06:25.301] [8275] [HailoRT] [info] [core_op.cpp:156] [activate] Activating detectorYOLO26n took 0.286629 milliseconds. Note that the function is asynchronous and thus the network is not fully activated yet.
[2026-03-31 14:06:25.301] [8275] [HailoRT] [info] [core_op.cpp:156] [activate] Activating detectorYOLO26n took 0.311148 milliseconds. Note that the function is asynchronous and thus the network is not fully activated yet.
[2026-03-31 14:06:25.301] [8275] [HailoRT] [info] [edge_elements.cpp:52] [create] Created (HwWriteEl1detectorYOLO26n/input_layer1 | hw_frame_size: 1228800)
[2026-03-31 14:06:25.301] [8275] [HailoRT] [info] [queue_elements.cpp:284] [create] Created (PushQEl1detectorYOLO26n/input_layer1 | timeout: 10s)
[2026-03-31 14:06:25.301] [8275] [HailoRT] [info] [filter_elements.cpp:101] [create] Created (PreInferEl1detectorYOLO26n/input_layer1 | Reorder - src_order: NHWC, src_shape: (640, 640, 3), dst_order: NHCW, dst_shape: (640, 640, 3))
[2026-03-31 14:06:25.301] [8275] [HailoRT] [info] [vstream.cpp:754] [InputVStreamImpl] Creating detectorYOLO26n/input_layer1...
[2026-03-31 14:06:25.302] [8275] [HailoRT] [info] [vstream_builder.cpp:102] [create_inputs] Input pipeline 'detectorYOLO26n/input_layer1': (PreInferEl1detectorYOLO26n/input_layer1 | Reorder - src_order: NHWC, src_shape: (640, 640, 3), dst_order: NHCW, dst_shape: (640, 640, 3)) >> (PushQEl1detectorYOLO26n/input_layer1 | timeout: 10s) >> (HwWriteEl1detectorYOLO26n/input_layer1 | hw_frame_size: 1228800) >> HW
[2026-03-31 14:06:25.302] [8275] [HailoRT] [info] [edge_elements.cpp:287] [create] Created (HwReadEl0detectorYOLO26n/concat23 | hw_frame_size: 42000)
[2026-03-31 14:06:25.302] [8275] [HailoRT] [info] [queue_elements.cpp:800] [create] Created (UserBuffQEl0detectorYOLO26n/concat23 | timeout: 10s)
[2026-03-31 14:06:25.302] [8275] [HailoRT] [info] [vstream.cpp:1114] [OutputVStreamImpl] Creating detectorYOLO26n/concat23...
[2026-03-31 14:06:25.302] [8275] [HailoRT] [info] [vstream_builder.cpp:220] [create_outputs] Output pipeline 'detectorYOLO26n/concat23': HW >> (HwReadEl0detectorYOLO26n/concat23 | hw_frame_size: 42000) >> (UserBuffQEl0detectorYOLO26n/concat23 | timeout: 10s)
[2026-03-31 14:06:25.317] [10106] [HailoRT] [info] [queue_elements.cpp:855] [run_in_thread] Shutdown event was signaled in dequeue of UserBuffQEl0detectorYOLO26n/concat23!
[2026-03-31 14:06:25.317] [8275] [HailoRT] [info] [queue_elements.cpp:46] [~BaseQueueElement] Queue element UserBuffQEl0detectorYOLO26n/concat23 has 0 frames in his Queue on destruction
[2026-03-31 14:06:25.317] [10105] [HailoRT] [info] [queue_elements.cpp:68] [operator()] Thread in element PushQEl1detectorYOLO26n/input_layer1 is not running anymore, exiting..
[2026-03-31 14:06:25.317] [8275] [HailoRT] [info] [queue_elements.cpp:46] [~BaseQueueElement] Queue element PushQEl1detectorYOLO26n/input_layer1 has 0 frames in his Queue on destruction
[2026-03-31 14:06:25.318] [8275] [HailoRT] [info] [core_op.cpp:186] [deactivate] Deactivating took 0.605128 ms
[2026-03-31 14:06:25.318] [8275] [HailoRT] [info] [core_op.cpp:186] [deactivate] Deactivating took 0.613924 ms
[2026-03-31 14:06:25.370] [8275] [HailoRT] [info] [core_op.cpp:156] [activate] Activating detectorYOLO26n took 0.275666 milliseconds. Note that the function is asynchronous and thus the network is not fully activated yet.
[2026-03-31 14:06:25.370] [8275] [HailoRT] [info] [core_op.cpp:156] [activate] Activating detectorYOLO26n took 0.298259 milliseconds. Note that the function is asynchronous and thus the network is not fully activated yet.
[2026-03-31 14:06:25.371] [8275] [HailoRT] [info] [edge_elements.cpp:52] [create] Created (HwWriteEl1detectorYOLO26n/input_layer1 | hw_frame_size: 1228800)
[2026-03-31 14:06:25.371] [8275] [HailoRT] [info] [queue_elements.cpp:284] [create] Created (PushQEl1detectorYOLO26n/input_layer1 | timeout: 10s)
[2026-03-31 14:06:25.371] [8275] [HailoRT] [info] [filter_elements.cpp:101] [create] Created (PreInferEl1detectorYOLO26n/input_layer1 | Reorder - src_order: NHWC, src_shape: (640, 640, 3), dst_order: NHCW, dst_shape: (640, 640, 3))
[2026-03-31 14:06:25.371] [8275] [HailoRT] [info] [vstream.cpp:754] [InputVStreamImpl] Creating detectorYOLO26n/input_layer1...
[2026-03-31 14:06:25.371] [8275] [HailoRT] [info] [vstream_builder.cpp:102] [create_inputs] Input pipeline 'detectorYOLO26n/input_layer1': (PreInferEl1detectorYOLO26n/input_layer1 | Reorder - src_order: NHWC, src_shape: (640, 640, 3), dst_order: NHCW, dst_shape: (640, 640, 3)) >> (PushQEl1detectorYOLO26n/input_layer1 | timeout: 10s) >> (HwWriteEl1detectorYOLO26n/input_layer1 | hw_frame_size: 1228800) >> HW
[2026-03-31 14:06:25.371] [8275] [HailoRT] [info] [edge_elements.cpp:287] [create] Created (HwReadEl0detectorYOLO26n/concat23 | hw_frame_size: 42000)
[2026-03-31 14:06:25.371] [8275] [HailoRT] [info] [queue_elements.cpp:800] [create] Created (UserBuffQEl0detectorYOLO26n/concat23 | timeout: 10s)
[2026-03-31 14:06:25.371] [8275] [HailoRT] [info] [vstream.cpp:1114] [OutputVStreamImpl] Creating detectorYOLO26n/concat23...
[2026-03-31 14:06:25.371] [8275] [HailoRT] [info] [vstream_builder.cpp:220] [create_outputs] Output pipeline 'detectorYOLO26n/concat23': HW >> (HwReadEl0detectorYOLO26n/concat23 | hw_frame_size: 42000) >> (UserBuffQEl0detectorYOLO26n/concat23 | timeout: 10s)
[2026-03-31 14:06:25.386] [10110] [HailoRT] [info] [queue_elements.cpp:855] [run_in_thread] Shutdown event was signaled in dequeue of UserBuffQEl0detectorYOLO26n/concat23!
[2026-03-31 14:06:25.387] [10110] [HailoRT] [info] [queue_elements.cpp:68] [operator()] Thread in element UserBuffQEl0detectorYOLO26n/concat23 is not running anymore, exiting..
[2026-03-31 14:06:25.387] [8275] [HailoRT] [info] [queue_elements.cpp:46] [~BaseQueueElement] Queue element UserBuffQEl0detectorYOLO26n/concat23 has 0 frames in his Queue on destruction
[2026-03-31 14:06:25.387] [10109] [HailoRT] [info] [queue_elements.cpp:68] [operator()] Thread in element PushQEl1detectorYOLO26n/input_layer1 is not running anymore, exiting..
[2026-03-31 14:06:25.387] [8275] [HailoRT] [info] [queue_elements.cpp:46] [~BaseQueueElement] Queue element PushQEl1detectorYOLO26n/input_layer1 has 0 frames in his Queue on destruction
[2026-03-31 14:06:25.387] [8275] [HailoRT] [info] [core_op.cpp:186] [deactivate] Deactivating took 0.614165 ms
[2026-03-31 14:06:25.387] [8275] [HailoRT] [info] [core_op.cpp:186] [deactivate] Deactivating took 0.622832 ms
[2026-03-31 14:06:25.442] [8275] [HailoRT] [info] [core_op.cpp:156] [activate] Activating detectorYOLO26n took 0.286852 milliseconds. Note that the function is asynchronous and thus the network is not fully activated yet.
[2026-03-31 14:06:25.442] [8275] [HailoRT] [info] [core_op.cpp:156] [activate] Activating detectorYOLO26n took 0.347221 milliseconds. Note that the function is asynchronous and thus the network is not fully activated yet.
[2026-03-31 14:06:25.442] [8275] [HailoRT] [info] [edge_elements.cpp:52] [create] Created (HwWriteEl1detectorYOLO26n/input_layer1 | hw_frame_size: 1228800)
[2026-03-31 14:06:25.442] [8275] [HailoRT] [info] [queue_elements.cpp:284] [create] Created (PushQEl1detectorYOLO26n/input_layer1 | timeout: 10s)
[2026-03-31 14:06:25.442] [8275] [HailoRT] [info] [filter_elements.cpp:101] [create] Created (PreInferEl1detectorYOLO26n/input_layer1 | Reorder - src_order: NHWC, src_shape: (640, 640, 3), dst_order: NHCW, dst_shape: (640, 640, 3))
[2026-03-31 14:06:25.442] [8275] [HailoRT] [info] [vstream.cpp:754] [InputVStreamImpl] Creating detectorYOLO26n/input_layer1...
[2026-03-31 14:06:25.442] [8275] [HailoRT] [info] [vstream_builder.cpp:102] [create_inputs] Input pipeline 'detectorYOLO26n/input_layer1': (PreInferEl1detectorYOLO26n/input_layer1 | Reorder - src_order: NHWC, src_shape: (640, 640, 3), dst_order: NHCW, dst_shape: (640, 640, 3)) >> (PushQEl1detectorYOLO26n/input_layer1 | timeout: 10s) >> (HwWriteEl1detectorYOLO26n/input_layer1 | hw_frame_size: 1228800) >> HW
[2026-03-31 14:06:25.442] [8275] [HailoRT] [info] [edge_elements.cpp:287] [create] Created (HwReadEl0detectorYOLO26n/concat23 | hw_frame_size: 42000)
[2026-03-31 14:06:25.443] [8275] [HailoRT] [info] [queue_elements.cpp:800] [create] Created (UserBuffQEl0detectorYOLO26n/concat23 | timeout: 10s)
[2026-03-31 14:06:25.443] [8275] [HailoRT] [info] [vstream.cpp:1114] [OutputVStreamImpl] Creating detectorYOLO26n/concat23...
[2026-03-31 14:06:25.443] [8275] [HailoRT] [info] [vstream_builder.cpp:220] [create_outputs] Output pipeline 'detectorYOLO26n/concat23': HW >> (HwReadEl0detectorYOLO26n/concat23 | hw_frame_size: 42000) >> (UserBuffQEl0detectorYOLO26n/concat23 | timeout: 10s)
[2026-03-31 14:06:25.458] [10114] [HailoRT] [info] [queue_elements.cpp:855] [run_in_thread] Shutdown event was signaled in dequeue of UserBuffQEl0detectorYOLO26n/concat23!
[2026-03-31 14:06:25.458] [10114] [HailoRT] [info] [queue_elements.cpp:68] [operator()] Thread in element UserBuffQEl0detectorYOLO26n/concat23 is not running anymore, exiting..
[2026-03-31 14:06:25.458] [8275] [HailoRT] [info] [queue_elements.cpp:46] [~BaseQueueElement] Queue element UserBuffQEl0detectorYOLO26n/concat23 has 0 frames in his Queue on destruction
[2026-03-31 14:06:25.458] [8275] [HailoRT] [info] [queue_elements.cpp:46] [~BaseQueueElement] Queue element PushQEl1detectorYOLO26n/input_layer1 has 0 frames in his Queue on destruction
[2026-03-31 14:06:25.459] [8275] [HailoRT] [info] [core_op.cpp:186] [deactivate] Deactivating took 0.62935 ms
[2026-03-31 14:06:25.459] [8275] [HailoRT] [info] [core_op.cpp:186] [deactivate] Deactivating took 0.642647 ms
[2026-03-31 14:06:25.511] [8275] [HailoRT] [info] [core_op.cpp:156] [activate] Activating detectorYOLO26n took 0.273721 milliseconds. Note that the function is asynchronous and thus the network is not fully activated yet.
[2026-03-31 14:06:25.511] [8275] [HailoRT] [info] [core_op.cpp:156] [activate] Activating detectorYOLO26n took 0.297147 milliseconds. Note that the function is asynchronous and thus the network is not fully activated yet.
[2026-03-31 14:06:25.511] [8275] [HailoRT] [info] [edge_elements.cpp:52] [create] Created (HwWriteEl1detectorYOLO26n/input_layer1 | hw_frame_size: 1228800)
[2026-03-31 14:06:25.511] [8275] [HailoRT] [info] [queue_elements.cpp:284] [create] Created (PushQEl1detectorYOLO26n/input_layer1 | timeout: 10s)
[2026-03-31 14:06:25.511] [8275] [HailoRT] [info] [filter_elements.cpp:101] [create] Created (PreInferEl1detectorYOLO26n/input_layer1 | Reorder - src_order: NHWC, src_shape: (640, 640, 3), dst_order: NHCW, dst_shape: (640, 640, 3))
[2026-03-31 14:06:25.511] [8275] [HailoRT] [info] [vstream.cpp:754] [InputVStreamImpl] Creating detectorYOLO26n/input_layer1...
[2026-03-31 14:06:25.511] [8275] [HailoRT] [info] [vstream_builder.cpp:102] [create_inputs] Input pipeline 'detectorYOLO26n/input_layer1': (PreInferEl1detectorYOLO26n/input_layer1 | Reorder - src_order: NHWC, src_shape: (640, 640, 3), dst_order: NHCW, dst_shape: (640, 640, 3)) >> (PushQEl1detectorYOLO26n/input_layer1 | timeout: 10s) >> (HwWriteEl1detectorYOLO26n/input_layer1 | hw_frame_size: 1228800) >> HW
[2026-03-31 14:06:25.511] [8275] [HailoRT] [info] [edge_elements.cpp:287] [create] Created (HwReadEl0detectorYOLO26n/concat23 | hw_frame_size: 42000)
[2026-03-31 14:06:25.512] [8275] [HailoRT] [info] [queue_elements.cpp:800] [create] Created (UserBuffQEl0detectorYOLO26n/concat23 | timeout: 10s)
[2026-03-31 14:06:25.512] [8275] [HailoRT] [info] [vstream.cpp:1114] [OutputVStreamImpl] Creating detectorYOLO26n/concat23...
[2026-03-31 14:06:25.512] [8275] [HailoRT] [info] [vstream_builder.cpp:220] [create_outputs] Output pipeline 'detectorYOLO26n/concat23': HW >> (HwReadEl0detectorYOLO26n/concat23 | hw_frame_size: 42000) >> (UserBuffQEl0detectorYOLO26n/concat23 | timeout: 10s)
[2026-03-31 14:06:25.527] [10118] [HailoRT] [info] [queue_elements.cpp:855] [run_in_thread] Shutdown event was signaled in dequeue of UserBuffQEl0detectorYOLO26n/concat23!
[2026-03-31 14:06:25.527] [10118] [HailoRT] [info] [queue_elements.cpp:68] [operator()] Thread in element UserBuffQEl0detectorYOLO26n/concat23 is not running anymore, exiting..
[2026-03-31 14:06:25.527] [8275] [HailoRT] [info] [queue_elements.cpp:46] [~BaseQueueElement] Queue element UserBuffQEl0detectorYOLO26n/concat23 has 0 frames in his Queue on destruction
[2026-03-31 14:06:25.527] [10117] [HailoRT] [info] [queue_elements.cpp:68] [operator()] Thread in element PushQEl1detectorYOLO26n/input_layer1 is not running anymore, exiting..
[2026-03-31 14:06:25.527] [8275] [HailoRT] [info] [queue_elements.cpp:46] [~BaseQueueElement] Queue element PushQEl1detectorYOLO26n/input_layer1 has 0 frames in his Queue on destruction
[2026-03-31 14:06:25.528] [8275] [HailoRT] [info] [core_op.cpp:186] [deactivate] Deactivating took 0.605091 ms
[2026-03-31 14:06:25.528] [8275] [HailoRT] [info] [core_op.cpp:186] [deactivate] Deactivating took 0.614425 ms
[2026-03-31 14:06:25.579] [8275] [HailoRT] [info] [core_op.cpp:156] [activate] Activating detectorYOLO26n took 0.29013 milliseconds. Note that the function is asynchronous and thus the network is not fully activated yet.
[2026-03-31 14:06:25.579] [8275] [HailoRT] [info] [core_op.cpp:156] [activate] Activating detectorYOLO26n took 0.31274 milliseconds. Note that the function is asynchronous and thus the network is not fully activated yet.
[2026-03-31 14:06:25.579] [8275] [HailoRT] [info] [edge_elements.cpp:52] [create] Created (HwWriteEl1detectorYOLO26n/input_layer1 | hw_frame_size: 1228800)
[2026-03-31 14:06:25.579] [8275] [HailoRT] [info] [queue_elements.cpp:284] [create] Created (PushQEl1detectorYOLO26n/input_layer1 | timeout: 10s)
[2026-03-31 14:06:25.579] [8275] [HailoRT] [info] [filter_elements.cpp:101] [create] Created (PreInferEl1detectorYOLO26n/input_layer1 | Reorder - src_order: NHWC, src_shape: (640, 640, 3), dst_order: NHCW, dst_shape: (640, 640, 3))
[2026-03-31 14:06:25.579] [8275] [HailoRT] [info] [vstream.cpp:754] [InputVStreamImpl] Creating detectorYOLO26n/input_layer1...
[2026-03-31 14:06:25.579] [8275] [HailoRT] [info] [vstream_builder.cpp:102] [create_inputs] Input pipeline 'detectorYOLO26n/input_layer1': (PreInferEl1detectorYOLO26n/input_layer1 | Reorder - src_order: NHWC, src_shape: (640, 640, 3), dst_order: NHCW, dst_shape: (640, 640, 3)) >> (PushQEl1detectorYOLO26n/input_layer1 | timeout: 10s) >> (HwWriteEl1detectorYOLO26n/input_layer1 | hw_frame_size: 1228800) >> HW
[2026-03-31 14:06:25.579] [8275] [HailoRT] [info] [edge_elements.cpp:287] [create] Created (HwReadEl0detectorYOLO26n/concat23 | hw_frame_size: 42000)
[2026-03-31 14:06:25.579] [8275] [HailoRT] [info] [queue_elements.cpp:800] [create] Created (UserBuffQEl0detectorYOLO26n/concat23 | timeout: 10s)
[2026-03-31 14:06:25.579] [8275] [HailoRT] [info] [vstream.cpp:1114] [OutputVStreamImpl] Creating detectorYOLO26n/concat23...
[2026-03-31 14:06:25.579] [8275] [HailoRT] [info] [vstream_builder.cpp:220] [create_outputs] Output pipeline 'detectorYOLO26n/concat23': HW >> (HwReadEl0detectorYOLO26n/concat23 | hw_frame_size: 42000) >> (UserBuffQEl0detectorYOLO26n/concat23 | timeout: 10s)
[2026-03-31 14:06:25.594] [10122] [HailoRT] [info] [queue_elements.cpp:855] [run_in_thread] Shutdown event was signaled in dequeue of UserBuffQEl0detectorYOLO26n/concat23!
[2026-03-31 14:06:25.594] [8275] [HailoRT] [info] [queue_elements.cpp:46] [~BaseQueueElement] Queue element UserBuffQEl0detectorYOLO26n/concat23 has 0 frames in his Queue on destruction
[2026-03-31 14:06:25.594] [10121] [HailoRT] [info] [queue_elements.cpp:68] [operator()] Thread in element PushQEl1detectorYOLO26n/input_layer1 is not running anymore, exiting..
[2026-03-31 14:06:25.595] [8275] [HailoRT] [info] [queue_elements.cpp:46] [~BaseQueueElement] Queue element PushQEl1detectorYOLO26n/input_layer1 has 0 frames in his Queue on destruction
[2026-03-31 14:06:25.595] [8275] [HailoRT] [info] [core_op.cpp:186] [deactivate] Deactivating took 0.606276 ms
[2026-03-31 14:06:25.595] [8275] [HailoRT] [info] [core_op.cpp:186] [deactivate] Deactivating took 0.615276 ms
[2026-03-31 14:06:25.646] [8275] [HailoRT] [info] [core_op.cpp:156] [activate] Activating detectorYOLO26n took 0.274555 milliseconds. Note that the function is asynchronous and thus the network is not fully activated yet.
[2026-03-31 14:06:25.646] [8275] [HailoRT] [info] [core_op.cpp:156] [activate] Activating detectorYOLO26n took 0.297722 milliseconds. Note that the function is asynchronous and thus the network is not fully activated yet.
[2026-03-31 14:06:25.646] [8275] [HailoRT] [info] [edge_elements.cpp:52] [create] Created (HwWriteEl1detectorYOLO26n/input_layer1 | hw_frame_size: 1228800)
[2026-03-31 14:06:25.647] [8275] [HailoRT] [info] [queue_elements.cpp:284] [create] Created (PushQEl1detectorYOLO26n/input_layer1 | timeout: 10s)
[2026-03-31 14:06:25.647] [8275] [HailoRT] [info] [filter_elements.cpp:101] [create] Created (PreInferEl1detectorYOLO26n/input_layer1 | Reorder - src_order: NHWC, src_shape: (640, 640, 3), dst_order: NHCW, dst_shape: (640, 640, 3))
[2026-03-31 14:06:25.647] [8275] [HailoRT] [info] [vstream.cpp:754] [InputVStreamImpl] Creating detectorYOLO26n/input_layer1...
[2026-03-31 14:06:25.647] [8275] [HailoRT] [info] [vstream_builder.cpp:102] [create_inputs] Input pipeline 'detectorYOLO26n/input_layer1': (PreInferEl1detectorYOLO26n/input_layer1 | Reorder - src_order: NHWC, src_shape: (640, 640, 3), dst_order: NHCW, dst_shape: (640, 640, 3)) >> (PushQEl1detectorYOLO26n/input_layer1 | timeout: 10s) >> (HwWriteEl1detectorYOLO26n/input_layer1 | hw_frame_size: 1228800) >> HW
[2026-03-31 14:06:25.647] [8275] [HailoRT] [info] [edge_elements.cpp:287] [create] Created (HwReadEl0detectorYOLO26n/concat23 | hw_frame_size: 42000)
[2026-03-31 14:06:25.647] [8275] [HailoRT] [info] [queue_elements.cpp:800] [create] Created (UserBuffQEl0detectorYOLO26n/concat23 | timeout: 10s)
[2026-03-31 14:06:25.647] [8275] [HailoRT] [info] [vstream.cpp:1114] [OutputVStreamImpl] Creating detectorYOLO26n/concat23...
[2026-03-31 14:06:25.647] [8275] [HailoRT] [info] [vstream_builder.cpp:220] [create_outputs] Output pipeline 'detectorYOLO26n/concat23': HW >> (HwReadEl0detectorYOLO26n/concat23 | hw_frame_size: 42000) >> (UserBuffQEl0detectorYOLO26n/concat23 | timeout: 10s)
[2026-03-31 14:06:25.662] [10126] [HailoRT] [info] [queue_elements.cpp:855] [run_in_thread] Shutdown event was signaled in dequeue of UserBuffQEl0detectorYOLO26n/concat23!
[2026-03-31 14:06:25.662] [10126] [HailoRT] [info] [queue_elements.cpp:68] [operator()] Thread in element UserBuffQEl0detectorYOLO26n/concat23 is not running anymore, exiting..
[2026-03-31 14:06:25.662] [8275] [HailoRT] [info] [queue_elements.cpp:46] [~BaseQueueElement] Queue element UserBuffQEl0detectorYOLO26n/concat23 has 0 frames in his Queue on destruction
[2026-03-31 14:06:25.662] [10125] [HailoRT] [info] [queue_elements.cpp:68] [operator()] Thread in element PushQEl1detectorYOLO26n/input_layer1 is not running anymore, exiting..
[2026-03-31 14:06:25.662] [8275] [HailoRT] [info] [queue_elements.cpp:46] [~BaseQueueElement] Queue element PushQEl1detectorYOLO26n/input_layer1 has 0 frames in his Queue on destruction
[2026-03-31 14:06:25.663] [8275] [HailoRT] [info] [core_op.cpp:186] [deactivate] Deactivating took 0.604239 ms
[2026-03-31 14:06:25.663] [8275] [HailoRT] [info] [core_op.cpp:186] [deactivate] Deactivating took 0.620091 ms
[2026-03-31 14:06:25.716] [8275] [HailoRT] [info] [core_op.cpp:156] [activate] Activating detectorYOLO26n took 0.293352 milliseconds. Note that the function is asynchronous and thus the network is not fully activated yet.
[2026-03-31 14:06:25.716] [8275] [HailoRT] [info] [core_op.cpp:156] [activate] Activating detectorYOLO26n took 0.321555 milliseconds. Note that the function is asynchronous and thus the network is not fully activated yet.
[2026-03-31 14:06:25.717] [8275] [HailoRT] [info] [edge_elements.cpp:52] [create] Created (HwWriteEl1detectorYOLO26n/input_layer1 | hw_frame_size: 1228800)
[2026-03-31 14:06:25.717] [8275] [HailoRT] [info] [queue_elements.cpp:284] [create] Created (PushQEl1detectorYOLO26n/input_layer1 | timeout: 10s)
[2026-03-31 14:06:25.717] [8275] [HailoRT] [info] [filter_elements.cpp:101] [create] Created (PreInferEl1detectorYOLO26n/input_layer1 | Reorder - src_order: NHWC, src_shape: (640, 640, 3), dst_order: NHCW, dst_shape: (640, 640, 3))
[2026-03-31 14:06:25.717] [8275] [HailoRT] [info] [vstream.cpp:754] [InputVStreamImpl] Creating detectorYOLO26n/input_layer1...
[2026-03-31 14:06:25.717] [8275] [HailoRT] [info] [vstream_builder.cpp:102] [create_inputs] Input pipeline 'detectorYOLO26n/input_layer1': (PreInferEl1detectorYOLO26n/input_layer1 | Reorder - src_order: NHWC, src_shape: (640, 640, 3), dst_order: NHCW, dst_shape: (640, 640, 3)) >> (PushQEl1detectorYOLO26n/input_layer1 | timeout: 10s) >> (HwWriteEl1detectorYOLO26n/input_layer1 | hw_frame_size: 1228800) >> HW
[2026-03-31 14:06:25.717] [8275] [HailoRT] [info] [edge_elements.cpp:287] [create] Created (HwReadEl0detectorYOLO26n/concat23 | hw_frame_size: 42000)
[2026-03-31 14:06:25.717] [8275] [HailoRT] [info] [queue_elements.cpp:800] [create] Created (UserBuffQEl0detectorYOLO26n/concat23 | timeout: 10s)
[2026-03-31 14:06:25.717] [8275] [HailoRT] [info] [vstream.cpp:1114] [OutputVStreamImpl] Creating detectorYOLO26n/concat23...
[2026-03-31 14:06:25.717] [8275] [HailoRT] [info] [vstream_builder.cpp:220] [create_outputs] Output pipeline 'detectorYOLO26n/concat23': HW >> (HwReadEl0detectorYOLO26n/concat23 | hw_frame_size: 42000) >> (UserBuffQEl0detectorYOLO26n/concat23 | timeout: 10s)
[2026-03-31 14:06:25.732] [10130] [HailoRT] [info] [queue_elements.cpp:855] [run_in_thread] Shutdown event was signaled in dequeue of UserBuffQEl0detectorYOLO26n/concat23!
[2026-03-31 14:06:25.732] [10130] [HailoRT] [info] [queue_elements.cpp:68] [operator()] Thread in element UserBuffQEl0detectorYOLO26n/concat23 is not running anymore, exiting..
[2026-03-31 14:06:25.732] [8275] [HailoRT] [info] [queue_elements.cpp:46] [~BaseQueueElement] Queue element UserBuffQEl0detectorYOLO26n/concat23 has 0 frames in his Queue on destruction
[2026-03-31 14:06:25.732] [10129] [HailoRT] [info] [queue_elements.cpp:68] [operator()] Thread in element PushQEl1detectorYOLO26n/input_layer1 is not running anymore, exiting..
[2026-03-31 14:06:25.732] [8275] [HailoRT] [info] [queue_elements.cpp:46] [~BaseQueueElement] Queue element PushQEl1detectorYOLO26n/input_layer1 has 0 frames in his Queue on destruction
[2026-03-31 14:06:25.733] [8275] [HailoRT] [info] [core_op.cpp:186] [deactivate] Deactivating took 0.601147 ms
[2026-03-31 14:06:25.733] [8275] [HailoRT] [info] [core_op.cpp:186] [deactivate] Deactivating took 0.610128 ms
[2026-03-31 14:06:25.786] [8275] [HailoRT] [info] [core_op.cpp:156] [activate] Activating detectorYOLO26n took 0.275925 milliseconds. Note that the function is asynchronous and thus the network is not fully activated yet.
[2026-03-31 14:06:25.786] [8275] [HailoRT] [info] [core_op.cpp:156] [activate] Activating detectorYOLO26n took 0.300166 milliseconds. Note that the function is asynchronous and thus the network is not fully activated yet.
[2026-03-31 14:06:25.786] [8275] [HailoRT] [info] [edge_elements.cpp:52] [create] Created (HwWriteEl1detectorYOLO26n/input_layer1 | hw_frame_size: 1228800)
[2026-03-31 14:06:25.786] [8275] [HailoRT] [info] [queue_elements.cpp:284] [create] Created (PushQEl1detectorYOLO26n/input_layer1 | timeout: 10s)
[2026-03-31 14:06:25.786] [8275] [HailoRT] [info] [filter_elements.cpp:101] [create] Created (PreInferEl1detectorYOLO26n/input_layer1 | Reorder - src_order: NHWC, src_shape: (640, 640, 3), dst_order: NHCW, dst_shape: (640, 640, 3))
[2026-03-31 14:06:25.786] [8275] [HailoRT] [info] [vstream.cpp:754] [InputVStreamImpl] Creating detectorYOLO26n/input_layer1...
[2026-03-31 14:06:25.786] [8275] [HailoRT] [info] [vstream_builder.cpp:102] [create_inputs] Input pipeline 'detectorYOLO26n/input_layer1': (PreInferEl1detectorYOLO26n/input_layer1 | Reorder - src_order: NHWC, src_shape: (640, 640, 3), dst_order: NHCW, dst_shape: (640, 640, 3)) >> (PushQEl1detectorYOLO26n/input_layer1 | timeout: 10s) >> (HwWriteEl1detectorYOLO26n/input_layer1 | hw_frame_size: 1228800) >> HW
[2026-03-31 14:06:25.786] [8275] [HailoRT] [info] [edge_elements.cpp:287] [create] Created (HwReadEl0detectorYOLO26n/concat23 | hw_frame_size: 42000)
[2026-03-31 14:06:25.786] [8275] [HailoRT] [info] [queue_elements.cpp:800] [create] Created (UserBuffQEl0detectorYOLO26n/concat23 | timeout: 10s)
[2026-03-31 14:06:25.786] [8275] [HailoRT] [info] [vstream.cpp:1114] [OutputVStreamImpl] Creating detectorYOLO26n/concat23...
[2026-03-31 14:06:25.786] [8275] [HailoRT] [info] [vstream_builder.cpp:220] [create_outputs] Output pipeline 'detectorYOLO26n/concat23': HW >> (HwReadEl0detectorYOLO26n/concat23 | hw_frame_size: 42000) >> (UserBuffQEl0detectorYOLO26n/concat23 | timeout: 10s)
[2026-03-31 14:06:25.802] [10134] [HailoRT] [info] [queue_elements.cpp:855] [run_in_thread] Shutdown event was signaled in dequeue of UserBuffQEl0detectorYOLO26n/concat23!
[2026-03-31 14:06:25.802] [10134] [HailoRT] [info] [queue_elements.cpp:68] [operator()] Thread in element UserBuffQEl0detectorYOLO26n/concat23 is not running anymore, exiting..
[2026-03-31 14:06:25.802] [8275] [HailoRT] [info] [queue_elements.cpp:46] [~BaseQueueElement] Queue element UserBuffQEl0detectorYOLO26n/concat23 has 0 frames in his Queue on destruction
[2026-03-31 14:06:25.802] [10133] [HailoRT] [info] [queue_elements.cpp:68] [operator()] Thread in element PushQEl1detectorYOLO26n/input_layer1 is not running anymore, exiting..
[2026-03-31 14:06:25.802] [8275] [HailoRT] [info] [queue_elements.cpp:46] [~BaseQueueElement] Queue element PushQEl1detectorYOLO26n/input_layer1 has 0 frames in his Queue on destruction
[2026-03-31 14:06:25.802] [8275] [HailoRT] [info] [core_op.cpp:186] [deactivate] Deactivating took 0.603628 ms
[2026-03-31 14:06:25.802] [8275] [HailoRT] [info] [core_op.cpp:186] [deactivate] Deactivating took 0.613054 ms
[2026-03-31 14:06:25.855] [8275] [HailoRT] [info] [core_op.cpp:156] [activate] Activating detectorYOLO26n took 0.283352 milliseconds. Note that the function is asynchronous and thus the network is not fully activated yet.
[2026-03-31 14:06:25.855] [8275] [HailoRT] [info] [core_op.cpp:156] [activate] Activating detectorYOLO26n took 0.309443 milliseconds. Note that the function is asynchronous and thus the network is not fully activated yet.
[2026-03-31 14:06:25.855] [8275] [HailoRT] [info] [edge_elements.cpp:52] [create] Created (HwWriteEl1detectorYOLO26n/input_layer1 | hw_frame_size: 1228800)
[2026-03-31 14:06:25.855] [8275] [HailoRT] [info] [queue_elements.cpp:284] [create] Created (PushQEl1detectorYOLO26n/input_layer1 | timeout: 10s)
[2026-03-31 14:06:25.855] [8275] [HailoRT] [info] [filter_elements.cpp:101] [create] Created (PreInferEl1detectorYOLO26n/input_layer1 | Reorder - src_order: NHWC, src_shape: (640, 640, 3), dst_order: NHCW, dst_shape: (640, 640, 3))
[2026-03-31 14:06:25.855] [8275] [HailoRT] [info] [vstream.cpp:754] [InputVStreamImpl] Creating detectorYOLO26n/input_layer1...
[2026-03-31 14:06:25.855] [8275] [HailoRT] [info] [vstream_builder.cpp:102] [create_inputs] Input pipeline 'detectorYOLO26n/input_layer1': (PreInferEl1detectorYOLO26n/input_layer1 | Reorder - src_order: NHWC, src_shape: (640, 640, 3), dst_order: NHCW, dst_shape: (640, 640, 3)) >> (PushQEl1detectorYOLO26n/input_layer1 | timeout: 10s) >> (HwWriteEl1detectorYOLO26n/input_layer1 | hw_frame_size: 1228800) >> HW
[2026-03-31 14:06:25.855] [8275] [HailoRT] [info] [edge_elements.cpp:287] [create] Created (HwReadEl0detectorYOLO26n/concat23 | hw_frame_size: 42000)
[2026-03-31 14:06:25.855] [8275] [HailoRT] [info] [queue_elements.cpp:800] [create] Created (UserBuffQEl0detectorYOLO26n/concat23 | timeout: 10s)
[2026-03-31 14:06:25.855] [8275] [HailoRT] [info] [vstream.cpp:1114] [OutputVStreamImpl] Creating detectorYOLO26n/concat23...
[2026-03-31 14:06:25.855] [8275] [HailoRT] [info] [vstream_builder.cpp:220] [create_outputs] Output pipeline 'detectorYOLO26n/concat23': HW >> (HwReadEl0detectorYOLO26n/concat23 | hw_frame_size: 42000) >> (UserBuffQEl0detectorYOLO26n/concat23 | timeout: 10s)
[2026-03-31 14:06:25.870] [10138] [HailoRT] [info] [queue_elements.cpp:855] [run_in_thread] Shutdown event was signaled in dequeue of UserBuffQEl0detectorYOLO26n/concat23!
[2026-03-31 14:06:25.871] [10138] [HailoRT] [info] [queue_elements.cpp:68] [operator()] Thread in element UserBuffQEl0detectorYOLO26n/concat23 is not running anymore, exiting..
[2026-03-31 14:06:25.871] [8275] [HailoRT] [info] [queue_elements.cpp:46] [~BaseQueueElement] Queue element UserBuffQEl0detectorYOLO26n/concat23 has 0 frames in his Queue on destruction
[2026-03-31 14:06:25.871] [10137] [HailoRT] [info] [queue_elements.cpp:68] [operator()] Thread in element PushQEl1detectorYOLO26n/input_layer1 is not running anymore, exiting..
[2026-03-31 14:06:25.871] [8275] [HailoRT] [info] [queue_elements.cpp:46] [~BaseQueueElement] Queue element PushQEl1detectorYOLO26n/input_layer1 has 0 frames in his Queue on destruction
[2026-03-31 14:06:25.871] [8275] [HailoRT] [info] [core_op.cpp:186] [deactivate] Deactivating took 0.60211 ms
[2026-03-31 14:06:25.871] [8275] [HailoRT] [info] [core_op.cpp:186] [deactivate] Deactivating took 0.610647 ms
[2026-03-31 14:06:25.924] [8275] [HailoRT] [info] [core_op.cpp:156] [activate] Activating detectorYOLO26n took 0.271925 milliseconds. Note that the function is asynchronous and thus the network is not fully activated yet.
[2026-03-31 14:06:25.924] [8275] [HailoRT] [info] [core_op.cpp:156] [activate] Activating detectorYOLO26n took 0.295166 milliseconds. Note that the function is asynchronous and thus the network is not fully activated yet.
[2026-03-31 14:06:25.924] [8275] [HailoRT] [info] [edge_elements.cpp:52] [create] Created (HwWriteEl1detectorYOLO26n/input_layer1 | hw_frame_size: 1228800)
[2026-03-31 14:06:25.924] [8275] [HailoRT] [info] [queue_elements.cpp:284] [create] Created (PushQEl1detectorYOLO26n/input_layer1 | timeout: 10s)
[2026-03-31 14:06:25.924] [8275] [HailoRT] [info] [filter_elements.cpp:101] [create] Created (PreInferEl1detectorYOLO26n/input_layer1 | Reorder - src_order: NHWC, src_shape: (640, 640, 3), dst_order: NHCW, dst_shape: (640, 640, 3))
[2026-03-31 14:06:25.924] [8275] [HailoRT] [info] [vstream.cpp:754] [InputVStreamImpl] Creating detectorYOLO26n/input_layer1...
[2026-03-31 14:06:25.924] [8275] [HailoRT] [info] [vstream_builder.cpp:102] [create_inputs] Input pipeline 'detectorYOLO26n/input_layer1': (PreInferEl1detectorYOLO26n/input_layer1 | Reorder - src_order: NHWC, src_shape: (640, 640, 3), dst_order: NHCW, dst_shape: (640, 640, 3)) >> (PushQEl1detectorYOLO26n/input_layer1 | timeout: 10s) >> (HwWriteEl1detectorYOLO26n/input_layer1 | hw_frame_size: 1228800) >> HW
[2026-03-31 14:06:25.925] [8275] [HailoRT] [info] [edge_elements.cpp:287] [create] Created (HwReadEl0detectorYOLO26n/concat23 | hw_frame_size: 42000)
[2026-03-31 14:06:25.925] [8275] [HailoRT] [info] [queue_elements.cpp:800] [create] Created (UserBuffQEl0detectorYOLO26n/concat23 | timeout: 10s)
[2026-03-31 14:06:25.925] [8275] [HailoRT] [info] [vstream.cpp:1114] [OutputVStreamImpl] Creating detectorYOLO26n/concat23...
[2026-03-31 14:06:25.925] [8275] [HailoRT] [info] [vstream_builder.cpp:220] [create_outputs] Output pipeline 'detectorYOLO26n/concat23': HW >> (HwReadEl0detectorYOLO26n/concat23 | hw_frame_size: 42000) >> (UserBuffQEl0detectorYOLO26n/concat23 | timeout: 10s)
[2026-03-31 14:06:25.941] [10142] [HailoRT] [info] [queue_elements.cpp:855] [run_in_thread] Shutdown event was signaled in dequeue of UserBuffQEl0detectorYOLO26n/concat23!
[2026-03-31 14:06:25.941] [10142] [HailoRT] [info] [queue_elements.cpp:68] [operator()] Thread in element UserBuffQEl0detectorYOLO26n/concat23 is not running anymore, exiting..
[2026-03-31 14:06:25.941] [8275] [HailoRT] [info] [queue_elements.cpp:46] [~BaseQueueElement] Queue element UserBuffQEl0detectorYOLO26n/concat23 has 0 frames in his Queue on destruction
[2026-03-31 14:06:25.941] [10141] [HailoRT] [info] [queue_elements.cpp:68] [operator()] Thread in element PushQEl1detectorYOLO26n/input_layer1 is not running anymore, exiting..
[2026-03-31 14:06:25.941] [8275] [HailoRT] [info] [queue_elements.cpp:46] [~BaseQueueElement] Queue element PushQEl1detectorYOLO26n/input_layer1 has 0 frames in his Queue on destruction
[2026-03-31 14:06:25.942] [8275] [HailoRT] [info] [core_op.cpp:186] [deactivate] Deactivating took 0.621203 ms
[2026-03-31 14:06:25.942] [8275] [HailoRT] [info] [core_op.cpp:186] [deactivate] Deactivating took 0.633295 ms
[2026-03-31 14:06:25.996] [8275] [HailoRT] [info] [core_op.cpp:156] [activate] Activating detectorYOLO26n took 0.287296 milliseconds. Note that the function is asynchronous and thus the network is not fully activated yet.
[2026-03-31 14:06:25.996] [8275] [HailoRT] [info] [core_op.cpp:156] [activate] Activating detectorYOLO26n took 0.31611 milliseconds. Note that the function is asynchronous and thus the network is not fully activated yet.
[2026-03-31 14:06:25.996] [8275] [HailoRT] [info] [edge_elements.cpp:52] [create] Created (HwWriteEl1detectorYOLO26n/input_layer1 | hw_frame_size: 1228800)
[2026-03-31 14:06:25.996] [8275] [HailoRT] [info] [queue_elements.cpp:284] [create] Created (PushQEl1detectorYOLO26n/input_layer1 | timeout: 10s)
[2026-03-31 14:06:25.996] [8275] [HailoRT] [info] [filter_elements.cpp:101] [create] Created (PreInferEl1detectorYOLO26n/input_layer1 | Reorder - src_order: NHWC, src_shape: (640, 640, 3), dst_order: NHCW, dst_shape: (640, 640, 3))
[2026-03-31 14:06:25.996] [8275] [HailoRT] [info] [vstream.cpp:754] [InputVStreamImpl] Creating detectorYOLO26n/input_layer1...
[2026-03-31 14:06:25.996] [8275] [HailoRT] [info] [vstream_builder.cpp:102] [create_inputs] Input pipeline 'detectorYOLO26n/input_layer1': (PreInferEl1detectorYOLO26n/input_layer1 | Reorder - src_order: NHWC, src_shape: (640, 640, 3), dst_order: NHCW, dst_shape: (640, 640, 3)) >> (PushQEl1detectorYOLO26n/input_layer1 | timeout: 10s) >> (HwWriteEl1detectorYOLO26n/input_layer1 | hw_frame_size: 1228800) >> HW
[2026-03-31 14:06:25.996] [8275] [HailoRT] [info] [edge_elements.cpp:287] [create] Created (HwReadEl0detectorYOLO26n/concat23 | hw_frame_size: 42000)
[2026-03-31 14:06:25.996] [8275] [HailoRT] [info] [queue_elements.cpp:800] [create] Created (UserBuffQEl0detectorYOLO26n/concat23 | timeout: 10s)
[2026-03-31 14:06:25.996] [8275] [HailoRT] [info] [vstream.cpp:1114] [OutputVStreamImpl] Creating detectorYOLO26n/concat23...
[2026-03-31 14:06:25.996] [8275] [HailoRT] [info] [vstream_builder.cpp:220] [create_outputs] Output pipeline 'detectorYOLO26n/concat23': HW >> (HwReadEl0detectorYOLO26n/concat23 | hw_frame_size: 42000) >> (UserBuffQEl0detectorYOLO26n/concat23 | timeout: 10s)
[2026-03-31 14:06:26.012] [10146] [HailoRT] [info] [queue_elements.cpp:855] [run_in_thread] Shutdown event was signaled in dequeue of UserBuffQEl0detectorYOLO26n/concat23!
[2026-03-31 14:06:26.012] [10146] [HailoRT] [info] [queue_elements.cpp:68] [operator()] Thread in element UserBuffQEl0detectorYOLO26n/concat23 is not running anymore, exiting..
[2026-03-31 14:06:26.012] [8275] [HailoRT] [info] [queue_elements.cpp:46] [~BaseQueueElement] Queue element UserBuffQEl0detectorYOLO26n/concat23 has 0 frames in his Queue on destruction
[2026-03-31 14:06:26.012] [10145] [HailoRT] [info] [queue_elements.cpp:68] [operator()] Thread in element PushQEl1detectorYOLO26n/input_layer1 is not running anymore, exiting..
[2026-03-31 14:06:26.012] [8275] [HailoRT] [info] [queue_elements.cpp:46] [~BaseQueueElement] Queue element PushQEl1detectorYOLO26n/input_layer1 has 0 frames in his Queue on destruction
[2026-03-31 14:06:26.013] [8275] [HailoRT] [info] [core_op.cpp:186] [deactivate] Deactivating took 0.606684 ms
[2026-03-31 14:06:26.013] [8275] [HailoRT] [info] [core_op.cpp:186] [deactivate] Deactivating took 0.616036 ms
[2026-03-31 14:06:26.066] [8275] [HailoRT] [info] [core_op.cpp:156] [activate] Activating detectorYOLO26n took 0.277073 milliseconds. Note that the function is asynchronous and thus the network is not fully activated yet.
[2026-03-31 14:06:26.066] [8275] [HailoRT] [info] [core_op.cpp:156] [activate] Activating detectorYOLO26n took 0.299351 milliseconds. Note that the function is asynchronous and thus the network is not fully activated yet.
[2026-03-31 14:06:26.066] [8275] [HailoRT] [info] [edge_elements.cpp:52] [create] Created (HwWriteEl1detectorYOLO26n/input_layer1 | hw_frame_size: 1228800)
[2026-03-31 14:06:26.066] [8275] [HailoRT] [info] [queue_elements.cpp:284] [create] Created (PushQEl1detectorYOLO26n/input_layer1 | timeout: 10s)
[2026-03-31 14:06:26.066] [8275] [HailoRT] [info] [filter_elements.cpp:101] [create] Created (PreInferEl1detectorYOLO26n/input_layer1 | Reorder - src_order: NHWC, src_shape: (640, 640, 3), dst_order: NHCW, dst_shape: (640, 640, 3))
[2026-03-31 14:06:26.066] [8275] [HailoRT] [info] [vstream.cpp:754] [InputVStreamImpl] Creating detectorYOLO26n/input_layer1...
[2026-03-31 14:06:26.066] [8275] [HailoRT] [info] [vstream_builder.cpp:102] [create_inputs] Input pipeline 'detectorYOLO26n/input_layer1': (PreInferEl1detectorYOLO26n/input_layer1 | Reorder - src_order: NHWC, src_shape: (640, 640, 3), dst_order: NHCW, dst_shape: (640, 640, 3)) >> (PushQEl1detectorYOLO26n/input_layer1 | timeout: 10s) >> (HwWriteEl1detectorYOLO26n/input_layer1 | hw_frame_size: 1228800) >> HW
[2026-03-31 14:06:26.066] [8275] [HailoRT] [info] [edge_elements.cpp:287] [create] Created (HwReadEl0detectorYOLO26n/concat23 | hw_frame_size: 42000)
[2026-03-31 14:06:26.066] [8275] [HailoRT] [info] [queue_elements.cpp:800] [create] Created (UserBuffQEl0detectorYOLO26n/concat23 | timeout: 10s)
[2026-03-31 14:06:26.066] [8275] [HailoRT] [info] [vstream.cpp:1114] [OutputVStreamImpl] Creating detectorYOLO26n/concat23...
[2026-03-31 14:06:26.066] [8275] [HailoRT] [info] [vstream_builder.cpp:220] [create_outputs] Output pipeline 'detectorYOLO26n/concat23': HW >> (HwReadEl0detectorYOLO26n/concat23 | hw_frame_size: 42000) >> (UserBuffQEl0detectorYOLO26n/concat23 | timeout: 10s)
[2026-03-31 14:06:26.082] [10150] [HailoRT] [info] [queue_elements.cpp:855] [run_in_thread] Shutdown event was signaled in dequeue of UserBuffQEl0detectorYOLO26n/concat23!
[2026-03-31 14:06:26.082] [10150] [HailoRT] [info] [queue_elements.cpp:68] [operator()] Thread in element UserBuffQEl0detectorYOLO26n/concat23 is not running anymore, exiting..
[2026-03-31 14:06:26.082] [8275] [HailoRT] [info] [queue_elements.cpp:46] [~BaseQueueElement] Queue element UserBuffQEl0detectorYOLO26n/concat23 has 0 frames in his Queue on destruction
[2026-03-31 14:06:26.082] [10149] [HailoRT] [info] [queue_elements.cpp:68] [operator()] Thread in element PushQEl1detectorYOLO26n/input_layer1 is not running anymore, exiting..
[2026-03-31 14:06:26.082] [8275] [HailoRT] [info] [queue_elements.cpp:46] [~BaseQueueElement] Queue element PushQEl1detectorYOLO26n/input_layer1 has 0 frames in his Queue on destruction
[2026-03-31 14:06:26.083] [8275] [HailoRT] [info] [core_op.cpp:186] [deactivate] Deactivating took 0.602554 ms
[2026-03-31 14:06:26.083] [8275] [HailoRT] [info] [core_op.cpp:186] [deactivate] Deactivating took 0.611591 ms
[2026-03-31 14:06:26.140] [8275] [HailoRT] [info] [core_op.cpp:156] [activate] Activating detectorYOLO26n took 0.342907 milliseconds. Note that the function is asynchronous and thus the network is not fully activated yet.
[2026-03-31 14:06:26.140] [8275] [HailoRT] [info] [core_op.cpp:156] [activate] Activating detectorYOLO26n took 0.439499 milliseconds. Note that the function is asynchronous and thus the network is not fully activated yet.
[2026-03-31 14:06:26.141] [8275] [HailoRT] [info] [edge_elements.cpp:52] [create] Created (HwWriteEl1detectorYOLO26n/input_layer1 | hw_frame_size: 1228800)
[2026-03-31 14:06:26.141] [8275] [HailoRT] [info] [queue_elements.cpp:284] [create] Created (PushQEl1detectorYOLO26n/input_layer1 | timeout: 10s)
[2026-03-31 14:06:26.141] [8275] [HailoRT] [info] [filter_elements.cpp:101] [create] Created (PreInferEl1detectorYOLO26n/input_layer1 | Reorder - src_order: NHWC, src_shape: (640, 640, 3), dst_order: NHCW, dst_shape: (640, 640, 3))
[2026-03-31 14:06:26.141] [8275] [HailoRT] [info] [vstream.cpp:754] [InputVStreamImpl] Creating detectorYOLO26n/input_layer1...
[2026-03-31 14:06:26.141] [8275] [HailoRT] [info] [vstream_builder.cpp:102] [create_inputs] Input pipeline 'detectorYOLO26n/input_layer1': (PreInferEl1detectorYOLO26n/input_layer1 | Reorder - src_order: NHWC, src_shape: (640, 640, 3), dst_order: NHCW, dst_shape: (640, 640, 3)) >> (PushQEl1detectorYOLO26n/input_layer1 | timeout: 10s) >> (HwWriteEl1detectorYOLO26n/input_layer1 | hw_frame_size: 1228800) >> HW
[2026-03-31 14:06:26.141] [8275] [HailoRT] [info] [edge_elements.cpp:287] [create] Created (HwReadEl0detectorYOLO26n/concat23 | hw_frame_size: 42000)
[2026-03-31 14:06:26.141] [8275] [HailoRT] [info] [queue_elements.cpp:800] [create] Created (UserBuffQEl0detectorYOLO26n/concat23 | timeout: 10s)
[2026-03-31 14:06:26.141] [8275] [HailoRT] [info] [vstream.cpp:1114] [OutputVStreamImpl] Creating detectorYOLO26n/concat23...
[2026-03-31 14:06:26.141] [8275] [HailoRT] [info] [vstream_builder.cpp:220] [create_outputs] Output pipeline 'detectorYOLO26n/concat23': HW >> (HwReadEl0detectorYOLO26n/concat23 | hw_frame_size: 42000) >> (UserBuffQEl0detectorYOLO26n/concat23 | timeout: 10s)
[2026-03-31 14:06:26.157] [10154] [HailoRT] [info] [queue_elements.cpp:855] [run_in_thread] Shutdown event was signaled in dequeue of UserBuffQEl0detectorYOLO26n/concat23!
[2026-03-31 14:06:26.157] [10154] [HailoRT] [info] [queue_elements.cpp:68] [operator()] Thread in element UserBuffQEl0detectorYOLO26n/concat23 is not running anymore, exiting..
[2026-03-31 14:06:26.157] [8275] [HailoRT] [info] [queue_elements.cpp:46] [~BaseQueueElement] Queue element UserBuffQEl0detectorYOLO26n/concat23 has 0 frames in his Queue on destruction
[2026-03-31 14:06:26.157] [10153] [HailoRT] [info] [queue_elements.cpp:68] [operator()] Thread in element PushQEl1detectorYOLO26n/input_layer1 is not running anymore, exiting..
[2026-03-31 14:06:26.157] [8275] [HailoRT] [info] [queue_elements.cpp:46] [~BaseQueueElement] Queue element PushQEl1detectorYOLO26n/input_layer1 has 0 frames in his Queue on destruction
[2026-03-31 14:06:26.158] [8275] [HailoRT] [info] [core_op.cpp:186] [deactivate] Deactivating took 0.603702 ms
[2026-03-31 14:06:26.158] [8275] [HailoRT] [info] [core_op.cpp:186] [deactivate] Deactivating took 0.612832 ms
[2026-03-31 14:06:26.211] [8275] [HailoRT] [info] [core_op.cpp:156] [activate] Activating detectorYOLO26n took 0.276351 milliseconds. Note that the function is asynchronous and thus the network is not fully activated yet.
[2026-03-31 14:06:26.211] [8275] [HailoRT] [info] [core_op.cpp:156] [activate] Activating detectorYOLO26n took 0.299555 milliseconds. Note that the function is asynchronous and thus the network is not fully activated yet.
[2026-03-31 14:06:26.212] [8275] [HailoRT] [info] [edge_elements.cpp:52] [create] Created (HwWriteEl1detectorYOLO26n/input_layer1 | hw_frame_size: 1228800)
[2026-03-31 14:06:26.212] [8275] [HailoRT] [info] [queue_elements.cpp:284] [create] Created (PushQEl1detectorYOLO26n/input_layer1 | timeout: 10s)
[2026-03-31 14:06:26.212] [8275] [HailoRT] [info] [filter_elements.cpp:101] [create] Created (PreInferEl1detectorYOLO26n/input_layer1 | Reorder - src_order: NHWC, src_shape: (640, 640, 3), dst_order: NHCW, dst_shape: (640, 640, 3))
[2026-03-31 14:06:26.212] [8275] [HailoRT] [info] [vstream.cpp:754] [InputVStreamImpl] Creating detectorYOLO26n/input_layer1...
[2026-03-31 14:06:26.212] [8275] [HailoRT] [info] [vstream_builder.cpp:102] [create_inputs] Input pipeline 'detectorYOLO26n/input_layer1': (PreInferEl1detectorYOLO26n/input_layer1 | Reorder - src_order: NHWC, src_shape: (640, 640, 3), dst_order: NHCW, dst_shape: (640, 640, 3)) >> (PushQEl1detectorYOLO26n/input_layer1 | timeout: 10s) >> (HwWriteEl1detectorYOLO26n/input_layer1 | hw_frame_size: 1228800) >> HW
[2026-03-31 14:06:26.212] [8275] [HailoRT] [info] [edge_elements.cpp:287] [create] Created (HwReadEl0detectorYOLO26n/concat23 | hw_frame_size: 42000)
[2026-03-31 14:06:26.212] [8275] [HailoRT] [info] [queue_elements.cpp:800] [create] Created (UserBuffQEl0detectorYOLO26n/concat23 | timeout: 10s)
[2026-03-31 14:06:26.212] [8275] [HailoRT] [info] [vstream.cpp:1114] [OutputVStreamImpl] Creating detectorYOLO26n/concat23...
[2026-03-31 14:06:26.212] [8275] [HailoRT] [info] [vstream_builder.cpp:220] [create_outputs] Output pipeline 'detectorYOLO26n/concat23': HW >> (HwReadEl0detectorYOLO26n/concat23 | hw_frame_size: 42000) >> (UserBuffQEl0detectorYOLO26n/concat23 | timeout: 10s)
[2026-03-31 14:06:26.228] [10158] [HailoRT] [info] [queue_elements.cpp:855] [run_in_thread] Shutdown event was signaled in dequeue of UserBuffQEl0detectorYOLO26n/concat23!
[2026-03-31 14:06:26.228] [10158] [HailoRT] [info] [queue_elements.cpp:68] [operator()] Thread in element UserBuffQEl0detectorYOLO26n/concat23 is not running anymore, exiting..
[2026-03-31 14:06:26.228] [8275] [HailoRT] [info] [queue_elements.cpp:46] [~BaseQueueElement] Queue element UserBuffQEl0detectorYOLO26n/concat23 has 0 frames in his Queue on destruction
[2026-03-31 14:06:26.228] [10157] [HailoRT] [info] [queue_elements.cpp:68] [operator()] Thread in element PushQEl1detectorYOLO26n/input_layer1 is not running anymore, exiting..
[2026-03-31 14:06:26.228] [8275] [HailoRT] [info] [queue_elements.cpp:46] [~BaseQueueElement] Queue element PushQEl1detectorYOLO26n/input_layer1 has 0 frames in his Queue on destruction
[2026-03-31 14:06:26.228] [8275] [HailoRT] [info] [core_op.cpp:186] [deactivate] Deactivating took 0.610073 ms
[2026-03-31 14:06:26.228] [8275] [HailoRT] [info] [core_op.cpp:186] [deactivate] Deactivating took 0.619814 ms
[2026-03-31 14:06:26.283] [8275] [HailoRT] [info] [core_op.cpp:156] [activate] Activating detectorYOLO26n took 0.273463 milliseconds. Note that the function is asynchronous and thus the network is not fully activated yet.
[2026-03-31 14:06:26.283] [8275] [HailoRT] [info] [core_op.cpp:156] [activate] Activating detectorYOLO26n took 0.297388 milliseconds. Note that the function is asynchronous and thus the network is not fully activated yet.
[2026-03-31 14:06:26.283] [8275] [HailoRT] [info] [edge_elements.cpp:52] [create] Created (HwWriteEl1detectorYOLO26n/input_layer1 | hw_frame_size: 1228800)
[2026-03-31 14:06:26.283] [8275] [HailoRT] [info] [queue_elements.cpp:284] [create] Created (PushQEl1detectorYOLO26n/input_layer1 | timeout: 10s)
[2026-03-31 14:06:26.283] [8275] [HailoRT] [info] [filter_elements.cpp:101] [create] Created (PreInferEl1detectorYOLO26n/input_layer1 | Reorder - src_order: NHWC, src_shape: (640, 640, 3), dst_order: NHCW, dst_shape: (640, 640, 3))
[2026-03-31 14:06:26.283] [8275] [HailoRT] [info] [vstream.cpp:754] [InputVStreamImpl] Creating detectorYOLO26n/input_layer1...
[2026-03-31 14:06:26.283] [8275] [HailoRT] [info] [vstream_builder.cpp:102] [create_inputs] Input pipeline 'detectorYOLO26n/input_layer1': (PreInferEl1detectorYOLO26n/input_layer1 | Reorder - src_order: NHWC, src_shape: (640, 640, 3), dst_order: NHCW, dst_shape: (640, 640, 3)) >> (PushQEl1detectorYOLO26n/input_layer1 | timeout: 10s) >> (HwWriteEl1detectorYOLO26n/input_layer1 | hw_frame_size: 1228800) >> HW
[2026-03-31 14:06:26.283] [8275] [HailoRT] [info] [edge_elements.cpp:287] [create] Created (HwReadEl0detectorYOLO26n/concat23 | hw_frame_size: 42000)
[2026-03-31 14:06:26.283] [8275] [HailoRT] [info] [queue_elements.cpp:800] [create] Created (UserBuffQEl0detectorYOLO26n/concat23 | timeout: 10s)
[2026-03-31 14:06:26.283] [8275] [HailoRT] [info] [vstream.cpp:1114] [OutputVStreamImpl] Creating detectorYOLO26n/concat23...
[2026-03-31 14:06:26.283] [8275] [HailoRT] [info] [vstream_builder.cpp:220] [create_outputs] Output pipeline 'detectorYOLO26n/concat23': HW >> (HwReadEl0detectorYOLO26n/concat23 | hw_frame_size: 42000) >> (UserBuffQEl0detectorYOLO26n/concat23 | timeout: 10s)
[2026-03-31 14:06:26.298] [10162] [HailoRT] [info] [queue_elements.cpp:855] [run_in_thread] Shutdown event was signaled in dequeue of UserBuffQEl0detectorYOLO26n/concat23!
[2026-03-31 14:06:26.299] [10162] [HailoRT] [info] [queue_elements.cpp:68] [operator()] Thread in element UserBuffQEl0detectorYOLO26n/concat23 is not running anymore, exiting..
[2026-03-31 14:06:26.299] [8275] [HailoRT] [info] [queue_elements.cpp:46] [~BaseQueueElement] Queue element UserBuffQEl0detectorYOLO26n/concat23 has 0 frames in his Queue on destruction
[2026-03-31 14:06:26.299] [10161] [HailoRT] [info] [queue_elements.cpp:68] [operator()] Thread in element PushQEl1detectorYOLO26n/input_layer1 is not running anymore, exiting..
[2026-03-31 14:06:26.299] [8275] [HailoRT] [info] [queue_elements.cpp:46] [~BaseQueueElement] Queue element PushQEl1detectorYOLO26n/input_layer1 has 0 frames in his Queue on destruction
[2026-03-31 14:06:26.299] [8275] [HailoRT] [info] [core_op.cpp:186] [deactivate] Deactivating took 0.605221 ms
[2026-03-31 14:06:26.299] [8275] [HailoRT] [info] [core_op.cpp:186] [deactivate] Deactivating took 0.614054 ms
[2026-03-31 14:06:26.352] [8275] [HailoRT] [info] [core_op.cpp:156] [activate] Activating detectorYOLO26n took 0.275369 milliseconds. Note that the function is asynchronous and thus the network is not fully activated yet.
[2026-03-31 14:06:26.352] [8275] [HailoRT] [info] [core_op.cpp:156] [activate] Activating detectorYOLO26n took 0.298388 milliseconds. Note that the function is asynchronous and thus the network is not fully activated yet.
[2026-03-31 14:06:26.353] [8275] [HailoRT] [info] [edge_elements.cpp:52] [create] Created (HwWriteEl1detectorYOLO26n/input_layer1 | hw_frame_size: 1228800)
[2026-03-31 14:06:26.353] [8275] [HailoRT] [info] [queue_elements.cpp:284] [create] Created (PushQEl1detectorYOLO26n/input_layer1 | timeout: 10s)
[2026-03-31 14:06:26.353] [8275] [HailoRT] [info] [filter_elements.cpp:101] [create] Created (PreInferEl1detectorYOLO26n/input_layer1 | Reorder - src_order: NHWC, src_shape: (640, 640, 3), dst_order: NHCW, dst_shape: (640, 640, 3))
[2026-03-31 14:06:26.353] [8275] [HailoRT] [info] [vstream.cpp:754] [InputVStreamImpl] Creating detectorYOLO26n/input_layer1...
[2026-03-31 14:06:26.353] [8275] [HailoRT] [info] [vstream_builder.cpp:102] [create_inputs] Input pipeline 'detectorYOLO26n/input_layer1': (PreInferEl1detectorYOLO26n/input_layer1 | Reorder - src_order: NHWC, src_shape: (640, 640, 3), dst_order: NHCW, dst_shape: (640, 640, 3)) >> (PushQEl1detectorYOLO26n/input_layer1 | timeout: 10s) >> (HwWriteEl1detectorYOLO26n/input_layer1 | hw_frame_size: 1228800) >> HW
[2026-03-31 14:06:26.353] [8275] [HailoRT] [info] [edge_elements.cpp:287] [create] Created (HwReadEl0detectorYOLO26n/concat23 | hw_frame_size: 42000)
[2026-03-31 14:06:26.353] [8275] [HailoRT] [info] [queue_elements.cpp:800] [create] Created (UserBuffQEl0detectorYOLO26n/concat23 | timeout: 10s)
[2026-03-31 14:06:26.353] [8275] [HailoRT] [info] [vstream.cpp:1114] [OutputVStreamImpl] Creating detectorYOLO26n/concat23...
[2026-03-31 14:06:26.353] [8275] [HailoRT] [info] [vstream_builder.cpp:220] [create_outputs] Output pipeline 'detectorYOLO26n/concat23': HW >> (HwReadEl0detectorYOLO26n/concat23 | hw_frame_size: 42000) >> (UserBuffQEl0detectorYOLO26n/concat23 | timeout: 10s)
[2026-03-31 14:06:26.369] [10166] [HailoRT] [info] [queue_elements.cpp:855] [run_in_thread] Shutdown event was signaled in dequeue of UserBuffQEl0detectorYOLO26n/concat23!
[2026-03-31 14:06:26.369] [10166] [HailoRT] [info] [queue_elements.cpp:68] [operator()] Thread in element UserBuffQEl0detectorYOLO26n/concat23 is not running anymore, exiting..
[2026-03-31 14:06:26.369] [8275] [HailoRT] [info] [queue_elements.cpp:46] [~BaseQueueElement] Queue element UserBuffQEl0detectorYOLO26n/concat23 has 0 frames in his Queue on destruction
[2026-03-31 14:06:26.369] [10165] [HailoRT] [info] [queue_elements.cpp:68] [operator()] Thread in element PushQEl1detectorYOLO26n/input_layer1 is not running anymore, exiting..
[2026-03-31 14:06:26.369] [8275] [HailoRT] [info] [queue_elements.cpp:46] [~BaseQueueElement] Queue element PushQEl1detectorYOLO26n/input_layer1 has 0 frames in his Queue on destruction
[2026-03-31 14:06:26.369] [8275] [HailoRT] [info] [core_op.cpp:186] [deactivate] Deactivating took 0.610554 ms
[2026-03-31 14:06:26.369] [8275] [HailoRT] [info] [core_op.cpp:186] [deactivate] Deactivating took 0.621091 ms
[2026-03-31 14:06:26.424] [8275] [HailoRT] [info] [core_op.cpp:156] [activate] Activating detectorYOLO26n took 0.279036 milliseconds. Note that the function is asynchronous and thus the network is not fully activated yet.
[2026-03-31 14:06:26.424] [8275] [HailoRT] [info] [core_op.cpp:156] [activate] Activating detectorYOLO26n took 0.304703 milliseconds. Note that the function is asynchronous and thus the network is not fully activated yet.
[2026-03-31 14:06:26.424] [8275] [HailoRT] [info] [edge_elements.cpp:52] [create] Created (HwWriteEl1detectorYOLO26n/input_layer1 | hw_frame_size: 1228800)
[2026-03-31 14:06:26.424] [8275] [HailoRT] [info] [queue_elements.cpp:284] [create] Created (PushQEl1detectorYOLO26n/input_layer1 | timeout: 10s)
[2026-03-31 14:06:26.424] [8275] [HailoRT] [info] [filter_elements.cpp:101] [create] Created (PreInferEl1detectorYOLO26n/input_layer1 | Reorder - src_order: NHWC, src_shape: (640, 640, 3), dst_order: NHCW, dst_shape: (640, 640, 3))
[2026-03-31 14:06:26.424] [8275] [HailoRT] [info] [vstream.cpp:754] [InputVStreamImpl] Creating detectorYOLO26n/input_layer1...
[2026-03-31 14:06:26.424] [8275] [HailoRT] [info] [vstream_builder.cpp:102] [create_inputs] Input pipeline 'detectorYOLO26n/input_layer1': (PreInferEl1detectorYOLO26n/input_layer1 | Reorder - src_order: NHWC, src_shape: (640, 640, 3), dst_order: NHCW, dst_shape: (640, 640, 3)) >> (PushQEl1detectorYOLO26n/input_layer1 | timeout: 10s) >> (HwWriteEl1detectorYOLO26n/input_layer1 | hw_frame_size: 1228800) >> HW
[2026-03-31 14:06:26.424] [8275] [HailoRT] [info] [edge_elements.cpp:287] [create] Created (HwReadEl0detectorYOLO26n/concat23 | hw_frame_size: 42000)
[2026-03-31 14:06:26.424] [8275] [HailoRT] [info] [queue_elements.cpp:800] [create] Created (UserBuffQEl0detectorYOLO26n/concat23 | timeout: 10s)
[2026-03-31 14:06:26.424] [8275] [HailoRT] [info] [vstream.cpp:1114] [OutputVStreamImpl] Creating detectorYOLO26n/concat23...
[2026-03-31 14:06:26.424] [8275] [HailoRT] [info] [vstream_builder.cpp:220] [create_outputs] Output pipeline 'detectorYOLO26n/concat23': HW >> (HwReadEl0detectorYOLO26n/concat23 | hw_frame_size: 42000) >> (UserBuffQEl0detectorYOLO26n/concat23 | timeout: 10s)
[2026-03-31 14:06:26.440] [10170] [HailoRT] [info] [queue_elements.cpp:855] [run_in_thread] Shutdown event was signaled in dequeue of UserBuffQEl0detectorYOLO26n/concat23!
[2026-03-31 14:06:26.440] [10170] [HailoRT] [info] [queue_elements.cpp:68] [operator()] Thread in element UserBuffQEl0detectorYOLO26n/concat23 is not running anymore, exiting..
[2026-03-31 14:06:26.440] [8275] [HailoRT] [info] [queue_elements.cpp:46] [~BaseQueueElement] Queue element UserBuffQEl0detectorYOLO26n/concat23 has 0 frames in his Queue on destruction
[2026-03-31 14:06:26.440] [10169] [HailoRT] [info] [queue_elements.cpp:68] [operator()] Thread in element PushQEl1detectorYOLO26n/input_layer1 is not running anymore, exiting..
[2026-03-31 14:06:26.440] [8275] [HailoRT] [info] [queue_elements.cpp:46] [~BaseQueueElement] Queue element PushQEl1detectorYOLO26n/input_layer1 has 0 frames in his Queue on destruction
[2026-03-31 14:06:26.440] [8275] [HailoRT] [info] [core_op.cpp:186] [deactivate] Deactivating took 0.605072 ms
[2026-03-31 14:06:26.440] [8275] [HailoRT] [info] [core_op.cpp:186] [deactivate] Deactivating took 0.613554 ms
[2026-03-31 14:06:26.493] [8275] [HailoRT] [info] [core_op.cpp:156] [activate] Activating detectorYOLO26n took 0.277166 milliseconds. Note that the function is asynchronous and thus the network is not fully activated yet.
[2026-03-31 14:06:26.493] [8275] [HailoRT] [info] [core_op.cpp:156] [activate] Activating detectorYOLO26n took 0.301184 milliseconds. Note that the function is asynchronous and thus the network is not fully activated yet.
[2026-03-31 14:06:26.493] [8275] [HailoRT] [info] [edge_elements.cpp:52] [create] Created (HwWriteEl1detectorYOLO26n/input_layer1 | hw_frame_size: 1228800)
[2026-03-31 14:06:26.494] [8275] [HailoRT] [info] [queue_elements.cpp:284] [create] Created (PushQEl1detectorYOLO26n/input_layer1 | timeout: 10s)
[2026-03-31 14:06:26.494] [8275] [HailoRT] [info] [filter_elements.cpp:101] [create] Created (PreInferEl1detectorYOLO26n/input_layer1 | Reorder - src_order: NHWC, src_shape: (640, 640, 3), dst_order: NHCW, dst_shape: (640, 640, 3))
[2026-03-31 14:06:26.494] [8275] [HailoRT] [info] [vstream.cpp:754] [InputVStreamImpl] Creating detectorYOLO26n/input_layer1...
[2026-03-31 14:06:26.494] [8275] [HailoRT] [info] [vstream_builder.cpp:102] [create_inputs] Input pipeline 'detectorYOLO26n/input_layer1': (PreInferEl1detectorYOLO26n/input_layer1 | Reorder - src_order: NHWC, src_shape: (640, 640, 3), dst_order: NHCW, dst_shape: (640, 640, 3)) >> (PushQEl1detectorYOLO26n/input_layer1 | timeout: 10s) >> (HwWriteEl1detectorYOLO26n/input_layer1 | hw_frame_size: 1228800) >> HW
[2026-03-31 14:06:26.494] [8275] [HailoRT] [info] [edge_elements.cpp:287] [create] Created (HwReadEl0detectorYOLO26n/concat23 | hw_frame_size: 42000)
[2026-03-31 14:06:26.494] [8275] [HailoRT] [info] [queue_elements.cpp:800] [create] Created (UserBuffQEl0detectorYOLO26n/concat23 | timeout: 10s)
[2026-03-31 14:06:26.494] [8275] [HailoRT] [info] [vstream.cpp:1114] [OutputVStreamImpl] Creating detectorYOLO26n/concat23...
[2026-03-31 14:06:26.494] [8275] [HailoRT] [info] [vstream_builder.cpp:220] [create_outputs] Output pipeline 'detectorYOLO26n/concat23': HW >> (HwReadEl0detectorYOLO26n/concat23 | hw_frame_size: 42000) >> (UserBuffQEl0detectorYOLO26n/concat23 | timeout: 10s)
[2026-03-31 14:06:26.510] [10174] [HailoRT] [info] [queue_elements.cpp:855] [run_in_thread] Shutdown event was signaled in dequeue of UserBuffQEl0detectorYOLO26n/concat23!
[2026-03-31 14:06:26.510] [8275] [HailoRT] [info] [queue_elements.cpp:46] [~BaseQueueElement] Queue element UserBuffQEl0detectorYOLO26n/concat23 has 0 frames in his Queue on destruction
[2026-03-31 14:06:26.510] [10173] [HailoRT] [info] [queue_elements.cpp:68] [operator()] Thread in element PushQEl1detectorYOLO26n/input_layer1 is not running anymore, exiting..
[2026-03-31 14:06:26.510] [8275] [HailoRT] [info] [queue_elements.cpp:46] [~BaseQueueElement] Queue element PushQEl1detectorYOLO26n/input_layer1 has 0 frames in his Queue on destruction
[2026-03-31 14:06:26.510] [8275] [HailoRT] [info] [core_op.cpp:186] [deactivate] Deactivating took 0.603425 ms
[2026-03-31 14:06:26.510] [8275] [HailoRT] [info] [core_op.cpp:186] [deactivate] Deactivating took 0.612998 ms
[2026-03-31 14:06:26.564] [8275] [HailoRT] [info] [core_op.cpp:156] [activate] Activating detectorYOLO26n took 0.289036 milliseconds. Note that the function is asynchronous and thus the network is not fully activated yet.
[2026-03-31 14:06:26.564] [8275] [HailoRT] [info] [core_op.cpp:156] [activate] Activating detectorYOLO26n took 0.315277 milliseconds. Note that the function is asynchronous and thus the network is not fully activated yet.
[2026-03-31 14:06:26.564] [8275] [HailoRT] [info] [edge_elements.cpp:52] [create] Created (HwWriteEl1detectorYOLO26n/input_layer1 | hw_frame_size: 1228800)
[2026-03-31 14:06:26.564] [8275] [HailoRT] [info] [queue_elements.cpp:284] [create] Created (PushQEl1detectorYOLO26n/input_layer1 | timeout: 10s)
[2026-03-31 14:06:26.564] [8275] [HailoRT] [info] [filter_elements.cpp:101] [create] Created (PreInferEl1detectorYOLO26n/input_layer1 | Reorder - src_order: NHWC, src_shape: (640, 640, 3), dst_order: NHCW, dst_shape: (640, 640, 3))
[2026-03-31 14:06:26.564] [8275] [HailoRT] [info] [vstream.cpp:754] [InputVStreamImpl] Creating detectorYOLO26n/input_layer1...
[2026-03-31 14:06:26.564] [8275] [HailoRT] [info] [vstream_builder.cpp:102] [create_inputs] Input pipeline 'detectorYOLO26n/input_layer1': (PreInferEl1detectorYOLO26n/input_layer1 | Reorder - src_order: NHWC, src_shape: (640, 640, 3), dst_order: NHCW, dst_shape: (640, 640, 3)) >> (PushQEl1detectorYOLO26n/input_layer1 | timeout: 10s) >> (HwWriteEl1detectorYOLO26n/input_layer1 | hw_frame_size: 1228800) >> HW
[2026-03-31 14:06:26.564] [8275] [HailoRT] [info] [edge_elements.cpp:287] [create] Created (HwReadEl0detectorYOLO26n/concat23 | hw_frame_size: 42000)
[2026-03-31 14:06:26.564] [8275] [HailoRT] [info] [queue_elements.cpp:800] [create] Created (UserBuffQEl0detectorYOLO26n/concat23 | timeout: 10s)
[2026-03-31 14:06:26.564] [8275] [HailoRT] [info] [vstream.cpp:1114] [OutputVStreamImpl] Creating detectorYOLO26n/concat23...
[2026-03-31 14:06:26.564] [8275] [HailoRT] [info] [vstream_builder.cpp:220] [create_outputs] Output pipeline 'detectorYOLO26n/concat23': HW >> (HwReadEl0detectorYOLO26n/concat23 | hw_frame_size: 42000) >> (UserBuffQEl0detectorYOLO26n/concat23 | timeout: 10s)
[2026-03-31 14:06:26.580] [10178] [HailoRT] [info] [queue_elements.cpp:855] [run_in_thread] Shutdown event was signaled in dequeue of UserBuffQEl0detectorYOLO26n/concat23!
[2026-03-31 14:06:26.580] [10178] [HailoRT] [info] [queue_elements.cpp:68] [operator()] Thread in element UserBuffQEl0detectorYOLO26n/concat23 is not running anymore, exiting..
[2026-03-31 14:06:26.580] [8275] [HailoRT] [info] [queue_elements.cpp:46] [~BaseQueueElement] Queue element UserBuffQEl0detectorYOLO26n/concat23 has 0 frames in his Queue on destruction
[2026-03-31 14:06:26.580] [10177] [HailoRT] [info] [queue_elements.cpp:68] [operator()] Thread in element PushQEl1detectorYOLO26n/input_layer1 is not running anymore, exiting..
[2026-03-31 14:06:26.580] [8275] [HailoRT] [info] [queue_elements.cpp:46] [~BaseQueueElement] Queue element PushQEl1detectorYOLO26n/input_layer1 has 0 frames in his Queue on destruction
[2026-03-31 14:06:26.581] [8275] [HailoRT] [info] [core_op.cpp:186] [deactivate] Deactivating took 0.603258 ms
[2026-03-31 14:06:26.581] [8275] [HailoRT] [info] [core_op.cpp:186] [deactivate] Deactivating took 0.612017 ms
[2026-03-31 14:06:26.636] [8275] [HailoRT] [info] [core_op.cpp:156] [activate] Activating detectorYOLO26n took 0.276184 milliseconds. Note that the function is asynchronous and thus the network is not fully activated yet.
[2026-03-31 14:06:26.636] [8275] [HailoRT] [info] [core_op.cpp:156] [activate] Activating detectorYOLO26n took 0.300962 milliseconds. Note that the function is asynchronous and thus the network is not fully activated yet.
[2026-03-31 14:06:26.636] [8275] [HailoRT] [info] [edge_elements.cpp:52] [create] Created (HwWriteEl1detectorYOLO26n/input_layer1 | hw_frame_size: 1228800)
[2026-03-31 14:06:26.636] [8275] [HailoRT] [info] [queue_elements.cpp:284] [create] Created (PushQEl1detectorYOLO26n/input_layer1 | timeout: 10s)
[2026-03-31 14:06:26.636] [8275] [HailoRT] [info] [filter_elements.cpp:101] [create] Created (PreInferEl1detectorYOLO26n/input_layer1 | Reorder - src_order: NHWC, src_shape: (640, 640, 3), dst_order: NHCW, dst_shape: (640, 640, 3))
[2026-03-31 14:06:26.636] [8275] [HailoRT] [info] [vstream.cpp:754] [InputVStreamImpl] Creating detectorYOLO26n/input_layer1...
[2026-03-31 14:06:26.636] [8275] [HailoRT] [info] [vstream_builder.cpp:102] [create_inputs] Input pipeline 'detectorYOLO26n/input_layer1': (PreInferEl1detectorYOLO26n/input_layer1 | Reorder - src_order: NHWC, src_shape: (640, 640, 3), dst_order: NHCW, dst_shape: (640, 640, 3)) >> (PushQEl1detectorYOLO26n/input_layer1 | timeout: 10s) >> (HwWriteEl1detectorYOLO26n/input_layer1 | hw_frame_size: 1228800) >> HW
[2026-03-31 14:06:26.636] [8275] [HailoRT] [info] [edge_elements.cpp:287] [create] Created (HwReadEl0detectorYOLO26n/concat23 | hw_frame_size: 42000)
[2026-03-31 14:06:26.636] [8275] [HailoRT] [info] [queue_elements.cpp:800] [create] Created (UserBuffQEl0detectorYOLO26n/concat23 | timeout: 10s)
[2026-03-31 14:06:26.636] [8275] [HailoRT] [info] [vstream.cpp:1114] [OutputVStreamImpl] Creating detectorYOLO26n/concat23...
[2026-03-31 14:06:26.636] [8275] [HailoRT] [info] [vstream_builder.cpp:220] [create_outputs] Output pipeline 'detectorYOLO26n/concat23': HW >> (HwReadEl0detectorYOLO26n/concat23 | hw_frame_size: 42000) >> (UserBuffQEl0detectorYOLO26n/concat23 | timeout: 10s)
[2026-03-31 14:06:26.652] [10182] [HailoRT] [info] [queue_elements.cpp:855] [run_in_thread] Shutdown event was signaled in dequeue of UserBuffQEl0detectorYOLO26n/concat23!
[2026-03-31 14:06:26.652] [10182] [HailoRT] [info] [queue_elements.cpp:68] [operator()] Thread in element UserBuffQEl0detectorYOLO26n/concat23 is not running anymore, exiting..
[2026-03-31 14:06:26.652] [8275] [HailoRT] [info] [queue_elements.cpp:46] [~BaseQueueElement] Queue element UserBuffQEl0detectorYOLO26n/concat23 has 0 frames in his Queue on destruction
[2026-03-31 14:06:26.652] [10181] [HailoRT] [info] [queue_elements.cpp:68] [operator()] Thread in element PushQEl1detectorYOLO26n/input_layer1 is not running anymore, exiting..
[2026-03-31 14:06:26.652] [8275] [HailoRT] [info] [queue_elements.cpp:46] [~BaseQueueElement] Queue element PushQEl1detectorYOLO26n/input_layer1 has 0 frames in his Queue on destruction
[2026-03-31 14:06:26.652] [8275] [HailoRT] [info] [core_op.cpp:186] [deactivate] Deactivating took 0.60448 ms
[2026-03-31 14:06:26.652] [8275] [HailoRT] [info] [core_op.cpp:186] [deactivate] Deactivating took 0.61385 ms
[2026-03-31 14:06:26.706] [8275] [HailoRT] [info] [core_op.cpp:156] [activate] Activating detectorYOLO26n took 0.289444 milliseconds. Note that the function is asynchronous and thus the network is not fully activated yet.
[2026-03-31 14:06:26.706] [8275] [HailoRT] [info] [core_op.cpp:156] [activate] Activating detectorYOLO26n took 0.315203 milliseconds. Note that the function is asynchronous and thus the network is not fully activated yet.
[2026-03-31 14:06:26.706] [8275] [HailoRT] [info] [edge_elements.cpp:52] [create] Created (HwWriteEl1detectorYOLO26n/input_layer1 | hw_frame_size: 1228800)
[2026-03-31 14:06:26.707] [8275] [HailoRT] [info] [queue_elements.cpp:284] [create] Created (PushQEl1detectorYOLO26n/input_layer1 | timeout: 10s)
[2026-03-31 14:06:26.707] [8275] [HailoRT] [info] [filter_elements.cpp:101] [create] Created (PreInferEl1detectorYOLO26n/input_layer1 | Reorder - src_order: NHWC, src_shape: (640, 640, 3), dst_order: NHCW, dst_shape: (640, 640, 3))
[2026-03-31 14:06:26.707] [8275] [HailoRT] [info] [vstream.cpp:754] [InputVStreamImpl] Creating detectorYOLO26n/input_layer1...
[2026-03-31 14:06:26.707] [8275] [HailoRT] [info] [vstream_builder.cpp:102] [create_inputs] Input pipeline 'detectorYOLO26n/input_layer1': (PreInferEl1detectorYOLO26n/input_layer1 | Reorder - src_order: NHWC, src_shape: (640, 640, 3), dst_order: NHCW, dst_shape: (640, 640, 3)) >> (PushQEl1detectorYOLO26n/input_layer1 | timeout: 10s) >> (HwWriteEl1detectorYOLO26n/input_layer1 | hw_frame_size: 1228800) >> HW
[2026-03-31 14:06:26.707] [8275] [HailoRT] [info] [edge_elements.cpp:287] [create] Created (HwReadEl0detectorYOLO26n/concat23 | hw_frame_size: 42000)
[2026-03-31 14:06:26.707] [8275] [HailoRT] [info] [queue_elements.cpp:800] [create] Created (UserBuffQEl0detectorYOLO26n/concat23 | timeout: 10s)
[2026-03-31 14:06:26.707] [8275] [HailoRT] [info] [vstream.cpp:1114] [OutputVStreamImpl] Creating detectorYOLO26n/concat23...
[2026-03-31 14:06:26.707] [8275] [HailoRT] [info] [vstream_builder.cpp:220] [create_outputs] Output pipeline 'detectorYOLO26n/concat23': HW >> (HwReadEl0detectorYOLO26n/concat23 | hw_frame_size: 42000) >> (UserBuffQEl0detectorYOLO26n/concat23 | timeout: 10s)
[2026-03-31 14:06:26.722] [10186] [HailoRT] [info] [queue_elements.cpp:855] [run_in_thread] Shutdown event was signaled in dequeue of UserBuffQEl0detectorYOLO26n/concat23!
[2026-03-31 14:06:26.722] [10186] [HailoRT] [info] [queue_elements.cpp:68] [operator()] Thread in element UserBuffQEl0detectorYOLO26n/concat23 is not running anymore, exiting..
[2026-03-31 14:06:26.723] [8275] [HailoRT] [info] [queue_elements.cpp:46] [~BaseQueueElement] Queue element UserBuffQEl0detectorYOLO26n/concat23 has 0 frames in his Queue on destruction
[2026-03-31 14:06:26.723] [10185] [HailoRT] [info] [queue_elements.cpp:68] [operator()] Thread in element PushQEl1detectorYOLO26n/input_layer1 is not running anymore, exiting..
[2026-03-31 14:06:26.723] [8275] [HailoRT] [info] [queue_elements.cpp:46] [~BaseQueueElement] Queue element PushQEl1detectorYOLO26n/input_layer1 has 0 frames in his Queue on destruction
[2026-03-31 14:06:26.723] [8275] [HailoRT] [info] [core_op.cpp:186] [deactivate] Deactivating took 0.619054 ms
[2026-03-31 14:06:26.723] [8275] [HailoRT] [info] [core_op.cpp:186] [deactivate] Deactivating took 0.629036 ms
[2026-03-31 14:06:26.777] [8275] [HailoRT] [info] [core_op.cpp:156] [activate] Activating detectorYOLO26n took 0.275111 milliseconds. Note that the function is asynchronous and thus the network is not fully activated yet.
[2026-03-31 14:06:26.777] [8275] [HailoRT] [info] [core_op.cpp:156] [activate] Activating detectorYOLO26n took 0.298406 milliseconds. Note that the function is asynchronous and thus the network is not fully activated yet.
[2026-03-31 14:06:26.777] [8275] [HailoRT] [info] [edge_elements.cpp:52] [create] Created (HwWriteEl1detectorYOLO26n/input_layer1 | hw_frame_size: 1228800)
[2026-03-31 14:06:26.777] [8275] [HailoRT] [info] [queue_elements.cpp:284] [create] Created (PushQEl1detectorYOLO26n/input_layer1 | timeout: 10s)
[2026-03-31 14:06:26.777] [8275] [HailoRT] [info] [filter_elements.cpp:101] [create] Created (PreInferEl1detectorYOLO26n/input_layer1 | Reorder - src_order: NHWC, src_shape: (640, 640, 3), dst_order: NHCW, dst_shape: (640, 640, 3))
[2026-03-31 14:06:26.777] [8275] [HailoRT] [info] [vstream.cpp:754] [InputVStreamImpl] Creating detectorYOLO26n/input_layer1...
[2026-03-31 14:06:26.777] [8275] [HailoRT] [info] [vstream_builder.cpp:102] [create_inputs] Input pipeline 'detectorYOLO26n/input_layer1': (PreInferEl1detectorYOLO26n/input_layer1 | Reorder - src_order: NHWC, src_shape: (640, 640, 3), dst_order: NHCW, dst_shape: (640, 640, 3)) >> (PushQEl1detectorYOLO26n/input_layer1 | timeout: 10s) >> (HwWriteEl1detectorYOLO26n/input_layer1 | hw_frame_size: 1228800) >> HW
[2026-03-31 14:06:26.777] [8275] [HailoRT] [info] [edge_elements.cpp:287] [create] Created (HwReadEl0detectorYOLO26n/concat23 | hw_frame_size: 42000)
[2026-03-31 14:06:26.777] [8275] [HailoRT] [info] [queue_elements.cpp:800] [create] Created (UserBuffQEl0detectorYOLO26n/concat23 | timeout: 10s)
[2026-03-31 14:06:26.777] [8275] [HailoRT] [info] [vstream.cpp:1114] [OutputVStreamImpl] Creating detectorYOLO26n/concat23...
[2026-03-31 14:06:26.777] [8275] [HailoRT] [info] [vstream_builder.cpp:220] [create_outputs] Output pipeline 'detectorYOLO26n/concat23': HW >> (HwReadEl0detectorYOLO26n/concat23 | hw_frame_size: 42000) >> (UserBuffQEl0detectorYOLO26n/concat23 | timeout: 10s)
[2026-03-31 14:06:26.793] [10190] [HailoRT] [info] [queue_elements.cpp:855] [run_in_thread] Shutdown event was signaled in dequeue of UserBuffQEl0detectorYOLO26n/concat23!
[2026-03-31 14:06:26.793] [10190] [HailoRT] [info] [queue_elements.cpp:68] [operator()] Thread in element UserBuffQEl0detectorYOLO26n/concat23 is not running anymore, exiting..
[2026-03-31 14:06:26.793] [8275] [HailoRT] [info] [queue_elements.cpp:46] [~BaseQueueElement] Queue element UserBuffQEl0detectorYOLO26n/concat23 has 0 frames in his Queue on destruction
[2026-03-31 14:06:26.793] [10189] [HailoRT] [info] [queue_elements.cpp:68] [operator()] Thread in element PushQEl1detectorYOLO26n/input_layer1 is not running anymore, exiting..
[2026-03-31 14:06:26.793] [8275] [HailoRT] [info] [queue_elements.cpp:46] [~BaseQueueElement] Queue element PushQEl1detectorYOLO26n/input_layer1 has 0 frames in his Queue on destruction
[2026-03-31 14:06:26.794] [8275] [HailoRT] [info] [core_op.cpp:186] [deactivate] Deactivating took 0.622832 ms
[2026-03-31 14:06:26.794] [8275] [HailoRT] [info] [core_op.cpp:186] [deactivate] Deactivating took 0.683535 ms
[2026-03-31 14:06:26.848] [8275] [HailoRT] [info] [core_op.cpp:156] [activate] Activating detectorYOLO26n took 0.291444 milliseconds. Note that the function is asynchronous and thus the network is not fully activated yet.
[2026-03-31 14:06:26.848] [8275] [HailoRT] [info] [core_op.cpp:156] [activate] Activating detectorYOLO26n took 0.316462 milliseconds. Note that the function is asynchronous and thus the network is not fully activated yet.
[2026-03-31 14:06:26.848] [8275] [HailoRT] [info] [edge_elements.cpp:52] [create] Created (HwWriteEl1detectorYOLO26n/input_layer1 | hw_frame_size: 1228800)
[2026-03-31 14:06:26.848] [8275] [HailoRT] [info] [queue_elements.cpp:284] [create] Created (PushQEl1detectorYOLO26n/input_layer1 | timeout: 10s)
[2026-03-31 14:06:26.848] [8275] [HailoRT] [info] [filter_elements.cpp:101] [create] Created (PreInferEl1detectorYOLO26n/input_layer1 | Reorder - src_order: NHWC, src_shape: (640, 640, 3), dst_order: NHCW, dst_shape: (640, 640, 3))
[2026-03-31 14:06:26.848] [8275] [HailoRT] [info] [vstream.cpp:754] [InputVStreamImpl] Creating detectorYOLO26n/input_layer1...
[2026-03-31 14:06:26.848] [8275] [HailoRT] [info] [vstream_builder.cpp:102] [create_inputs] Input pipeline 'detectorYOLO26n/input_layer1': (PreInferEl1detectorYOLO26n/input_layer1 | Reorder - src_order: NHWC, src_shape: (640, 640, 3), dst_order: NHCW, dst_shape: (640, 640, 3)) >> (PushQEl1detectorYOLO26n/input_layer1 | timeout: 10s) >> (HwWriteEl1detectorYOLO26n/input_layer1 | hw_frame_size: 1228800) >> HW
[2026-03-31 14:06:26.848] [8275] [HailoRT] [info] [edge_elements.cpp:287] [create] Created (HwReadEl0detectorYOLO26n/concat23 | hw_frame_size: 42000)
[2026-03-31 14:06:26.848] [8275] [HailoRT] [info] [queue_elements.cpp:800] [create] Created (UserBuffQEl0detectorYOLO26n/concat23 | timeout: 10s)
[2026-03-31 14:06:26.848] [8275] [HailoRT] [info] [vstream.cpp:1114] [OutputVStreamImpl] Creating detectorYOLO26n/concat23...
[2026-03-31 14:06:26.848] [8275] [HailoRT] [info] [vstream_builder.cpp:220] [create_outputs] Output pipeline 'detectorYOLO26n/concat23': HW >> (HwReadEl0detectorYOLO26n/concat23 | hw_frame_size: 42000) >> (UserBuffQEl0detectorYOLO26n/concat23 | timeout: 10s)
[2026-03-31 14:06:26.864] [10194] [HailoRT] [info] [queue_elements.cpp:855] [run_in_thread] Shutdown event was signaled in dequeue of UserBuffQEl0detectorYOLO26n/concat23!
[2026-03-31 14:06:26.864] [10194] [HailoRT] [info] [queue_elements.cpp:68] [operator()] Thread in element UserBuffQEl0detectorYOLO26n/concat23 is not running anymore, exiting..
[2026-03-31 14:06:26.864] [8275] [HailoRT] [info] [queue_elements.cpp:46] [~BaseQueueElement] Queue element UserBuffQEl0detectorYOLO26n/concat23 has 0 frames in his Queue on destruction
[2026-03-31 14:06:26.864] [10193] [HailoRT] [info] [queue_elements.cpp:68] [operator()] Thread in element PushQEl1detectorYOLO26n/input_layer1 is not running anymore, exiting..
[2026-03-31 14:06:26.864] [8275] [HailoRT] [info] [queue_elements.cpp:46] [~BaseQueueElement] Queue element PushQEl1detectorYOLO26n/input_layer1 has 0 frames in his Queue on destruction
[2026-03-31 14:06:26.865] [8275] [HailoRT] [info] [core_op.cpp:186] [deactivate] Deactivating took 0.609239 ms
[2026-03-31 14:06:26.865] [8275] [HailoRT] [info] [core_op.cpp:186] [deactivate] Deactivating took 0.619221 ms
[2026-03-31 14:06:26.918] [8275] [HailoRT] [info] [core_op.cpp:156] [activate] Activating detectorYOLO26n took 0.260277 milliseconds. Note that the function is asynchronous and thus the network is not fully activated yet.
[2026-03-31 14:06:26.918] [8275] [HailoRT] [info] [core_op.cpp:156] [activate] Activating detectorYOLO26n took 0.28498 milliseconds. Note that the function is asynchronous and thus the network is not fully activated yet.
[2026-03-31 14:06:26.918] [8275] [HailoRT] [info] [edge_elements.cpp:52] [create] Created (HwWriteEl1detectorYOLO26n/input_layer1 | hw_frame_size: 1228800)
[2026-03-31 14:06:26.918] [8275] [HailoRT] [info] [queue_elements.cpp:284] [create] Created (PushQEl1detectorYOLO26n/input_layer1 | timeout: 10s)
[2026-03-31 14:06:26.918] [8275] [HailoRT] [info] [filter_elements.cpp:101] [create] Created (PreInferEl1detectorYOLO26n/input_layer1 | Reorder - src_order: NHWC, src_shape: (640, 640, 3), dst_order: NHCW, dst_shape: (640, 640, 3))
[2026-03-31 14:06:26.918] [8275] [HailoRT] [info] [vstream.cpp:754] [InputVStreamImpl] Creating detectorYOLO26n/input_layer1...
[2026-03-31 14:06:26.918] [8275] [HailoRT] [info] [vstream_builder.cpp:102] [create_inputs] Input pipeline 'detectorYOLO26n/input_layer1': (PreInferEl1detectorYOLO26n/input_layer1 | Reorder - src_order: NHWC, src_shape: (640, 640, 3), dst_order: NHCW, dst_shape: (640, 640, 3)) >> (PushQEl1detectorYOLO26n/input_layer1 | timeout: 10s) >> (HwWriteEl1detectorYOLO26n/input_layer1 | hw_frame_size: 1228800) >> HW
[2026-03-31 14:06:26.918] [8275] [HailoRT] [info] [edge_elements.cpp:287] [create] Created (HwReadEl0detectorYOLO26n/concat23 | hw_frame_size: 42000)
[2026-03-31 14:06:26.918] [8275] [HailoRT] [info] [queue_elements.cpp:800] [create] Created (UserBuffQEl0detectorYOLO26n/concat23 | timeout: 10s)
[2026-03-31 14:06:26.918] [8275] [HailoRT] [info] [vstream.cpp:1114] [OutputVStreamImpl] Creating detectorYOLO26n/concat23...
[2026-03-31 14:06:26.918] [8275] [HailoRT] [info] [vstream_builder.cpp:220] [create_outputs] Output pipeline 'detectorYOLO26n/concat23': HW >> (HwReadEl0detectorYOLO26n/concat23 | hw_frame_size: 42000) >> (UserBuffQEl0detectorYOLO26n/concat23 | timeout: 10s)
[2026-03-31 14:06:26.934] [10198] [HailoRT] [info] [queue_elements.cpp:855] [run_in_thread] Shutdown event was signaled in dequeue of UserBuffQEl0detectorYOLO26n/concat23!
[2026-03-31 14:06:26.934] [10198] [HailoRT] [info] [queue_elements.cpp:68] [operator()] Thread in element UserBuffQEl0detectorYOLO26n/concat23 is not running anymore, exiting..
[2026-03-31 14:06:26.934] [8275] [HailoRT] [info] [queue_elements.cpp:46] [~BaseQueueElement] Queue element UserBuffQEl0detectorYOLO26n/concat23 has 0 frames in his Queue on destruction
[2026-03-31 14:06:26.934] [10197] [HailoRT] [info] [queue_elements.cpp:68] [operator()] Thread in element PushQEl1detectorYOLO26n/input_layer1 is not running anymore, exiting..
[2026-03-31 14:06:26.934] [8275] [HailoRT] [info] [queue_elements.cpp:46] [~BaseQueueElement] Queue element PushQEl1detectorYOLO26n/input_layer1 has 0 frames in his Queue on destruction
[2026-03-31 14:06:26.935] [8275] [HailoRT] [info] [core_op.cpp:186] [deactivate] Deactivating took 0.618517 ms
[2026-03-31 14:06:26.935] [8275] [HailoRT] [info] [core_op.cpp:186] [deactivate] Deactivating took 0.629554 ms
[2026-03-31 14:06:26.989] [8275] [HailoRT] [info] [core_op.cpp:156] [activate] Activating detectorYOLO26n took 0.28411 milliseconds. Note that the function is asynchronous and thus the network is not fully activated yet.
[2026-03-31 14:06:26.989] [8275] [HailoRT] [info] [core_op.cpp:156] [activate] Activating detectorYOLO26n took 0.310185 milliseconds. Note that the function is asynchronous and thus the network is not fully activated yet.
[2026-03-31 14:06:26.989] [8275] [HailoRT] [info] [edge_elements.cpp:52] [create] Created (HwWriteEl1detectorYOLO26n/input_layer1 | hw_frame_size: 1228800)
[2026-03-31 14:06:26.989] [8275] [HailoRT] [info] [queue_elements.cpp:284] [create] Created (PushQEl1detectorYOLO26n/input_layer1 | timeout: 10s)
[2026-03-31 14:06:26.989] [8275] [HailoRT] [info] [filter_elements.cpp:101] [create] Created (PreInferEl1detectorYOLO26n/input_layer1 | Reorder - src_order: NHWC, src_shape: (640, 640, 3), dst_order: NHCW, dst_shape: (640, 640, 3))
[2026-03-31 14:06:26.989] [8275] [HailoRT] [info] [vstream.cpp:754] [InputVStreamImpl] Creating detectorYOLO26n/input_layer1...
[2026-03-31 14:06:26.989] [8275] [HailoRT] [info] [vstream_builder.cpp:102] [create_inputs] Input pipeline 'detectorYOLO26n/input_layer1': (PreInferEl1detectorYOLO26n/input_layer1 | Reorder - src_order: NHWC, src_shape: (640, 640, 3), dst_order: NHCW, dst_shape: (640, 640, 3)) >> (PushQEl1detectorYOLO26n/input_layer1 | timeout: 10s) >> (HwWriteEl1detectorYOLO26n/input_layer1 | hw_frame_size: 1228800) >> HW
[2026-03-31 14:06:26.989] [8275] [HailoRT] [info] [edge_elements.cpp:287] [create] Created (HwReadEl0detectorYOLO26n/concat23 | hw_frame_size: 42000)
[2026-03-31 14:06:26.989] [8275] [HailoRT] [info] [queue_elements.cpp:800] [create] Created (UserBuffQEl0detectorYOLO26n/concat23 | timeout: 10s)
[2026-03-31 14:06:26.989] [8275] [HailoRT] [info] [vstream.cpp:1114] [OutputVStreamImpl] Creating detectorYOLO26n/concat23...
[2026-03-31 14:06:26.989] [8275] [HailoRT] [info] [vstream_builder.cpp:220] [create_outputs] Output pipeline 'detectorYOLO26n/concat23': HW >> (HwReadEl0detectorYOLO26n/concat23 | hw_frame_size: 42000) >> (UserBuffQEl0detectorYOLO26n/concat23 | timeout: 10s)
[2026-03-31 14:06:27.005] [10202] [HailoRT] [info] [queue_elements.cpp:855] [run_in_thread] Shutdown event was signaled in dequeue of UserBuffQEl0detectorYOLO26n/concat23!
[2026-03-31 14:06:27.005] [10202] [HailoRT] [info] [queue_elements.cpp:68] [operator()] Thread in element UserBuffQEl0detectorYOLO26n/concat23 is not running anymore, exiting..
[2026-03-31 14:06:27.005] [8275] [HailoRT] [info] [queue_elements.cpp:46] [~BaseQueueElement] Queue element UserBuffQEl0detectorYOLO26n/concat23 has 0 frames in his Queue on destruction
[2026-03-31 14:06:27.005] [10201] [HailoRT] [info] [queue_elements.cpp:68] [operator()] Thread in element PushQEl1detectorYOLO26n/input_layer1 is not running anymore, exiting..
[2026-03-31 14:06:27.005] [8275] [HailoRT] [info] [queue_elements.cpp:46] [~BaseQueueElement] Queue element PushQEl1detectorYOLO26n/input_layer1 has 0 frames in his Queue on destruction
[2026-03-31 14:06:27.005] [8275] [HailoRT] [info] [core_op.cpp:186] [deactivate] Deactivating took 0.601295 ms
[2026-03-31 14:06:27.005] [8275] [HailoRT] [info] [core_op.cpp:186] [deactivate] Deactivating took 0.610239 ms
[2026-03-31 14:06:27.059] [8275] [HailoRT] [info] [core_op.cpp:156] [activate] Activating detectorYOLO26n took 0.278962 milliseconds. Note that the function is asynchronous and thus the network is not fully activated yet.
[2026-03-31 14:06:27.059] [8275] [HailoRT] [info] [core_op.cpp:156] [activate] Activating detectorYOLO26n took 0.301926 milliseconds. Note that the function is asynchronous and thus the network is not fully activated yet.
[2026-03-31 14:06:27.059] [8275] [HailoRT] [info] [edge_elements.cpp:52] [create] Created (HwWriteEl1detectorYOLO26n/input_layer1 | hw_frame_size: 1228800)
[2026-03-31 14:06:27.059] [8275] [HailoRT] [info] [queue_elements.cpp:284] [create] Created (PushQEl1detectorYOLO26n/input_layer1 | timeout: 10s)
[2026-03-31 14:06:27.059] [8275] [HailoRT] [info] [filter_elements.cpp:101] [create] Created (PreInferEl1detectorYOLO26n/input_layer1 | Reorder - src_order: NHWC, src_shape: (640, 640, 3), dst_order: NHCW, dst_shape: (640, 640, 3))
[2026-03-31 14:06:27.059] [8275] [HailoRT] [info] [vstream.cpp:754] [InputVStreamImpl] Creating detectorYOLO26n/input_layer1...
[2026-03-31 14:06:27.059] [8275] [HailoRT] [info] [vstream_builder.cpp:102] [create_inputs] Input pipeline 'detectorYOLO26n/input_layer1': (PreInferEl1detectorYOLO26n/input_layer1 | Reorder - src_order: NHWC, src_shape: (640, 640, 3), dst_order: NHCW, dst_shape: (640, 640, 3)) >> (PushQEl1detectorYOLO26n/input_layer1 | timeout: 10s) >> (HwWriteEl1detectorYOLO26n/input_layer1 | hw_frame_size: 1228800) >> HW
[2026-03-31 14:06:27.059] [8275] [HailoRT] [info] [edge_elements.cpp:287] [create] Created (HwReadEl0detectorYOLO26n/concat23 | hw_frame_size: 42000)
[2026-03-31 14:06:27.059] [8275] [HailoRT] [info] [queue_elements.cpp:800] [create] Created (UserBuffQEl0detectorYOLO26n/concat23 | timeout: 10s)
[2026-03-31 14:06:27.059] [8275] [HailoRT] [info] [vstream.cpp:1114] [OutputVStreamImpl] Creating detectorYOLO26n/concat23...
[2026-03-31 14:06:27.059] [8275] [HailoRT] [info] [vstream_builder.cpp:220] [create_outputs] Output pipeline 'detectorYOLO26n/concat23': HW >> (HwReadEl0detectorYOLO26n/concat23 | hw_frame_size: 42000) >> (UserBuffQEl0detectorYOLO26n/concat23 | timeout: 10s)
[2026-03-31 14:06:27.075] [10206] [HailoRT] [info] [queue_elements.cpp:855] [run_in_thread] Shutdown event was signaled in dequeue of UserBuffQEl0detectorYOLO26n/concat23!
[2026-03-31 14:06:27.075] [10206] [HailoRT] [info] [queue_elements.cpp:68] [operator()] Thread in element UserBuffQEl0detectorYOLO26n/concat23 is not running anymore, exiting..
[2026-03-31 14:06:27.075] [8275] [HailoRT] [info] [queue_elements.cpp:46] [~BaseQueueElement] Queue element UserBuffQEl0detectorYOLO26n/concat23 has 0 frames in his Queue on destruction
[2026-03-31 14:06:27.075] [10205] [HailoRT] [info] [queue_elements.cpp:68] [operator()] Thread in element PushQEl1detectorYOLO26n/input_layer1 is not running anymore, exiting..
[2026-03-31 14:06:27.075] [8275] [HailoRT] [info] [queue_elements.cpp:46] [~BaseQueueElement] Queue element PushQEl1detectorYOLO26n/input_layer1 has 0 frames in his Queue on destruction
[2026-03-31 14:06:27.075] [8275] [HailoRT] [info] [core_op.cpp:186] [deactivate] Deactivating took 0.606906 ms
[2026-03-31 14:06:27.075] [8275] [HailoRT] [info] [core_op.cpp:186] [deactivate] Deactivating took 0.616721 ms
[2026-03-31 14:06:27.130] [8275] [HailoRT] [info] [core_op.cpp:156] [activate] Activating detectorYOLO26n took 0.291221 milliseconds. Note that the function is asynchronous and thus the network is not fully activated yet.
[2026-03-31 14:06:27.130] [8275] [HailoRT] [info] [core_op.cpp:156] [activate] Activating detectorYOLO26n took 0.318296 milliseconds. Note that the function is asynchronous and thus the network is not fully activated yet.
[2026-03-31 14:06:27.130] [8275] [HailoRT] [info] [edge_elements.cpp:52] [create] Created (HwWriteEl1detectorYOLO26n/input_layer1 | hw_frame_size: 1228800)
[2026-03-31 14:06:27.130] [8275] [HailoRT] [info] [queue_elements.cpp:284] [create] Created (PushQEl1detectorYOLO26n/input_layer1 | timeout: 10s)
[2026-03-31 14:06:27.130] [8275] [HailoRT] [info] [filter_elements.cpp:101] [create] Created (PreInferEl1detectorYOLO26n/input_layer1 | Reorder - src_order: NHWC, src_shape: (640, 640, 3), dst_order: NHCW, dst_shape: (640, 640, 3))
[2026-03-31 14:06:27.130] [8275] [HailoRT] [info] [vstream.cpp:754] [InputVStreamImpl] Creating detectorYOLO26n/input_layer1...
[2026-03-31 14:06:27.130] [8275] [HailoRT] [info] [vstream_builder.cpp:102] [create_inputs] Input pipeline 'detectorYOLO26n/input_layer1': (PreInferEl1detectorYOLO26n/input_layer1 | Reorder - src_order: NHWC, src_shape: (640, 640, 3), dst_order: NHCW, dst_shape: (640, 640, 3)) >> (PushQEl1detectorYOLO26n/input_layer1 | timeout: 10s) >> (HwWriteEl1detectorYOLO26n/input_layer1 | hw_frame_size: 1228800) >> HW
[2026-03-31 14:06:27.130] [8275] [HailoRT] [info] [edge_elements.cpp:287] [create] Created (HwReadEl0detectorYOLO26n/concat23 | hw_frame_size: 42000)
[2026-03-31 14:06:27.130] [8275] [HailoRT] [info] [queue_elements.cpp:800] [create] Created (UserBuffQEl0detectorYOLO26n/concat23 | timeout: 10s)
[2026-03-31 14:06:27.130] [8275] [HailoRT] [info] [vstream.cpp:1114] [OutputVStreamImpl] Creating detectorYOLO26n/concat23...
[2026-03-31 14:06:27.130] [8275] [HailoRT] [info] [vstream_builder.cpp:220] [create_outputs] Output pipeline 'detectorYOLO26n/concat23': HW >> (HwReadEl0detectorYOLO26n/concat23 | hw_frame_size: 42000) >> (UserBuffQEl0detectorYOLO26n/concat23 | timeout: 10s)
[2026-03-31 14:06:27.146] [10210] [HailoRT] [info] [queue_elements.cpp:855] [run_in_thread] Shutdown event was signaled in dequeue of UserBuffQEl0detectorYOLO26n/concat23!
[2026-03-31 14:06:27.146] [10210] [HailoRT] [info] [queue_elements.cpp:68] [operator()] Thread in element UserBuffQEl0detectorYOLO26n/concat23 is not running anymore, exiting..
[2026-03-31 14:06:27.146] [8275] [HailoRT] [info] [queue_elements.cpp:46] [~BaseQueueElement] Queue element UserBuffQEl0detectorYOLO26n/concat23 has 0 frames in his Queue on destruction
[2026-03-31 14:06:27.146] [10209] [HailoRT] [info] [queue_elements.cpp:68] [operator()] Thread in element PushQEl1detectorYOLO26n/input_layer1 is not running anymore, exiting..
[2026-03-31 14:06:27.146] [8275] [HailoRT] [info] [queue_elements.cpp:46] [~BaseQueueElement] Queue element PushQEl1detectorYOLO26n/input_layer1 has 0 frames in his Queue on destruction
[2026-03-31 14:06:27.147] [8275] [HailoRT] [info] [core_op.cpp:186] [deactivate] Deactivating took 0.606203 ms
[2026-03-31 14:06:27.147] [8275] [HailoRT] [info] [core_op.cpp:186] [deactivate] Deactivating took 0.61498 ms
[2026-03-31 14:06:27.202] [8275] [HailoRT] [info] [core_op.cpp:156] [activate] Activating detectorYOLO26n took 0.900887 milliseconds. Note that the function is asynchronous and thus the network is not fully activated yet.
[2026-03-31 14:06:27.202] [8275] [HailoRT] [info] [core_op.cpp:156] [activate] Activating detectorYOLO26n took 1.000887 milliseconds. Note that the function is asynchronous and thus the network is not fully activated yet.
[2026-03-31 14:06:27.202] [8275] [HailoRT] [info] [edge_elements.cpp:52] [create] Created (HwWriteEl1detectorYOLO26n/input_layer1 | hw_frame_size: 1228800)
[2026-03-31 14:06:27.202] [8275] [HailoRT] [info] [queue_elements.cpp:284] [create] Created (PushQEl1detectorYOLO26n/input_layer1 | timeout: 10s)
[2026-03-31 14:06:27.202] [8275] [HailoRT] [info] [filter_elements.cpp:101] [create] Created (PreInferEl1detectorYOLO26n/input_layer1 | Reorder - src_order: NHWC, src_shape: (640, 640, 3), dst_order: NHCW, dst_shape: (640, 640, 3))
[2026-03-31 14:06:27.202] [8275] [HailoRT] [info] [vstream.cpp:754] [InputVStreamImpl] Creating detectorYOLO26n/input_layer1...
[2026-03-31 14:06:27.202] [8275] [HailoRT] [info] [vstream_builder.cpp:102] [create_inputs] Input pipeline 'detectorYOLO26n/input_layer1': (PreInferEl1detectorYOLO26n/input_layer1 | Reorder - src_order: NHWC, src_shape: (640, 640, 3), dst_order: NHCW, dst_shape: (640, 640, 3)) >> (PushQEl1detectorYOLO26n/input_layer1 | timeout: 10s) >> (HwWriteEl1detectorYOLO26n/input_layer1 | hw_frame_size: 1228800) >> HW
[2026-03-31 14:06:27.202] [8275] [HailoRT] [info] [edge_elements.cpp:287] [create] Created (HwReadEl0detectorYOLO26n/concat23 | hw_frame_size: 42000)
[2026-03-31 14:06:27.202] [8275] [HailoRT] [info] [queue_elements.cpp:800] [create] Created (UserBuffQEl0detectorYOLO26n/concat23 | timeout: 10s)
[2026-03-31 14:06:27.202] [8275] [HailoRT] [info] [vstream.cpp:1114] [OutputVStreamImpl] Creating detectorYOLO26n/concat23...
[2026-03-31 14:06:27.202] [8275] [HailoRT] [info] [vstream_builder.cpp:220] [create_outputs] Output pipeline 'detectorYOLO26n/concat23': HW >> (HwReadEl0detectorYOLO26n/concat23 | hw_frame_size: 42000) >> (UserBuffQEl0detectorYOLO26n/concat23 | timeout: 10s)
[2026-03-31 14:06:27.218] [10214] [HailoRT] [info] [queue_elements.cpp:855] [run_in_thread] Shutdown event was signaled in dequeue of UserBuffQEl0detectorYOLO26n/concat23!
[2026-03-31 14:06:27.218] [10214] [HailoRT] [info] [queue_elements.cpp:68] [operator()] Thread in element UserBuffQEl0detectorYOLO26n/concat23 is not running anymore, exiting..
[2026-03-31 14:06:27.218] [8275] [HailoRT] [info] [queue_elements.cpp:46] [~BaseQueueElement] Queue element UserBuffQEl0detectorYOLO26n/concat23 has 0 frames in his Queue on destruction
[2026-03-31 14:06:27.218] [10213] [HailoRT] [info] [queue_elements.cpp:68] [operator()] Thread in element PushQEl1detectorYOLO26n/input_layer1 is not running anymore, exiting..
[2026-03-31 14:06:27.218] [8275] [HailoRT] [info] [queue_elements.cpp:46] [~BaseQueueElement] Queue element PushQEl1detectorYOLO26n/input_layer1 has 0 frames in his Queue on destruction
[2026-03-31 14:06:27.219] [8275] [HailoRT] [info] [core_op.cpp:186] [deactivate] Deactivating took 0.629073 ms
[2026-03-31 14:06:27.219] [8275] [HailoRT] [info] [core_op.cpp:186] [deactivate] Deactivating took 0.641851 ms
[2026-03-31 14:06:27.273] [8275] [HailoRT] [info] [core_op.cpp:156] [activate] Activating detectorYOLO26n took 0.278129 milliseconds. Note that the function is asynchronous and thus the network is not fully activated yet.
[2026-03-31 14:06:27.273] [8275] [HailoRT] [info] [core_op.cpp:156] [activate] Activating detectorYOLO26n took 0.304814 milliseconds. Note that the function is asynchronous and thus the network is not fully activated yet.
[2026-03-31 14:06:27.273] [8275] [HailoRT] [info] [edge_elements.cpp:52] [create] Created (HwWriteEl1detectorYOLO26n/input_layer1 | hw_frame_size: 1228800)
[2026-03-31 14:06:27.273] [8275] [HailoRT] [info] [queue_elements.cpp:284] [create] Created (PushQEl1detectorYOLO26n/input_layer1 | timeout: 10s)
[2026-03-31 14:06:27.273] [8275] [HailoRT] [info] [filter_elements.cpp:101] [create] Created (PreInferEl1detectorYOLO26n/input_layer1 | Reorder - src_order: NHWC, src_shape: (640, 640, 3), dst_order: NHCW, dst_shape: (640, 640, 3))
[2026-03-31 14:06:27.273] [8275] [HailoRT] [info] [vstream.cpp:754] [InputVStreamImpl] Creating detectorYOLO26n/input_layer1...
[2026-03-31 14:06:27.273] [8275] [HailoRT] [info] [vstream_builder.cpp:102] [create_inputs] Input pipeline 'detectorYOLO26n/input_layer1': (PreInferEl1detectorYOLO26n/input_layer1 | Reorder - src_order: NHWC, src_shape: (640, 640, 3), dst_order: NHCW, dst_shape: (640, 640, 3)) >> (PushQEl1detectorYOLO26n/input_layer1 | timeout: 10s) >> (HwWriteEl1detectorYOLO26n/input_layer1 | hw_frame_size: 1228800) >> HW
[2026-03-31 14:06:27.273] [8275] [HailoRT] [info] [edge_elements.cpp:287] [create] Created (HwReadEl0detectorYOLO26n/concat23 | hw_frame_size: 42000)
[2026-03-31 14:06:27.273] [8275] [HailoRT] [info] [queue_elements.cpp:800] [create] Created (UserBuffQEl0detectorYOLO26n/concat23 | timeout: 10s)
[2026-03-31 14:06:27.273] [8275] [HailoRT] [info] [vstream.cpp:1114] [OutputVStreamImpl] Creating detectorYOLO26n/concat23...
[2026-03-31 14:06:27.273] [8275] [HailoRT] [info] [vstream_builder.cpp:220] [create_outputs] Output pipeline 'detectorYOLO26n/concat23': HW >> (HwReadEl0detectorYOLO26n/concat23 | hw_frame_size: 42000) >> (UserBuffQEl0detectorYOLO26n/concat23 | timeout: 10s)
[2026-03-31 14:06:27.289] [10218] [HailoRT] [info] [queue_elements.cpp:855] [run_in_thread] Shutdown event was signaled in dequeue of UserBuffQEl0detectorYOLO26n/concat23!
[2026-03-31 14:06:27.289] [10218] [HailoRT] [info] [queue_elements.cpp:68] [operator()] Thread in element UserBuffQEl0detectorYOLO26n/concat23 is not running anymore, exiting..
[2026-03-31 14:06:27.289] [8275] [HailoRT] [info] [queue_elements.cpp:46] [~BaseQueueElement] Queue element UserBuffQEl0detectorYOLO26n/concat23 has 0 frames in his Queue on destruction
[2026-03-31 14:06:27.289] [10217] [HailoRT] [info] [queue_elements.cpp:68] [operator()] Thread in element PushQEl1detectorYOLO26n/input_layer1 is not running anymore, exiting..
[2026-03-31 14:06:27.289] [8275] [HailoRT] [info] [queue_elements.cpp:46] [~BaseQueueElement] Queue element PushQEl1detectorYOLO26n/input_layer1 has 0 frames in his Queue on destruction
[2026-03-31 14:06:27.290] [8275] [HailoRT] [info] [core_op.cpp:186] [deactivate] Deactivating took 0.603851 ms
[2026-03-31 14:06:27.290] [8275] [HailoRT] [info] [core_op.cpp:186] [deactivate] Deactivating took 0.612888 ms
[2026-03-31 14:06:27.343] [8275] [HailoRT] [info] [core_op.cpp:156] [activate] Activating detectorYOLO26n took 0.27111 milliseconds. Note that the function is asynchronous and thus the network is not fully activated yet.
[2026-03-31 14:06:27.343] [8275] [HailoRT] [info] [core_op.cpp:156] [activate] Activating detectorYOLO26n took 0.295463 milliseconds. Note that the function is asynchronous and thus the network is not fully activated yet.
[2026-03-31 14:06:27.343] [8275] [HailoRT] [info] [edge_elements.cpp:52] [create] Created (HwWriteEl1detectorYOLO26n/input_layer1 | hw_frame_size: 1228800)
[2026-03-31 14:06:27.343] [8275] [HailoRT] [info] [queue_elements.cpp:284] [create] Created (PushQEl1detectorYOLO26n/input_layer1 | timeout: 10s)
[2026-03-31 14:06:27.343] [8275] [HailoRT] [info] [filter_elements.cpp:101] [create] Created (PreInferEl1detectorYOLO26n/input_layer1 | Reorder - src_order: NHWC, src_shape: (640, 640, 3), dst_order: NHCW, dst_shape: (640, 640, 3))
[2026-03-31 14:06:27.343] [8275] [HailoRT] [info] [vstream.cpp:754] [InputVStreamImpl] Creating detectorYOLO26n/input_layer1...
[2026-03-31 14:06:27.343] [8275] [HailoRT] [info] [vstream_builder.cpp:102] [create_inputs] Input pipeline 'detectorYOLO26n/input_layer1': (PreInferEl1detectorYOLO26n/input_layer1 | Reorder - src_order: NHWC, src_shape: (640, 640, 3), dst_order: NHCW, dst_shape: (640, 640, 3)) >> (PushQEl1detectorYOLO26n/input_layer1 | timeout: 10s) >> (HwWriteEl1detectorYOLO26n/input_layer1 | hw_frame_size: 1228800) >> HW
[2026-03-31 14:06:27.343] [8275] [HailoRT] [info] [edge_elements.cpp:287] [create] Created (HwReadEl0detectorYOLO26n/concat23 | hw_frame_size: 42000)
[2026-03-31 14:06:27.344] [8275] [HailoRT] [info] [queue_elements.cpp:800] [create] Created (UserBuffQEl0detectorYOLO26n/concat23 | timeout: 10s)
[2026-03-31 14:06:27.344] [8275] [HailoRT] [info] [vstream.cpp:1114] [OutputVStreamImpl] Creating detectorYOLO26n/concat23...
[2026-03-31 14:06:27.344] [8275] [HailoRT] [info] [vstream_builder.cpp:220] [create_outputs] Output pipeline 'detectorYOLO26n/concat23': HW >> (HwReadEl0detectorYOLO26n/concat23 | hw_frame_size: 42000) >> (UserBuffQEl0detectorYOLO26n/concat23 | timeout: 10s)
[2026-03-31 14:06:27.359] [10222] [HailoRT] [info] [queue_elements.cpp:855] [run_in_thread] Shutdown event was signaled in dequeue of UserBuffQEl0detectorYOLO26n/concat23!
[2026-03-31 14:06:27.359] [10222] [HailoRT] [info] [queue_elements.cpp:68] [operator()] Thread in element UserBuffQEl0detectorYOLO26n/concat23 is not running anymore, exiting..
[2026-03-31 14:06:27.359] [8275] [HailoRT] [info] [queue_elements.cpp:46] [~BaseQueueElement] Queue element UserBuffQEl0detectorYOLO26n/concat23 has 0 frames in his Queue on destruction
[2026-03-31 14:06:27.359] [10221] [HailoRT] [info] [queue_elements.cpp:68] [operator()] Thread in element PushQEl1detectorYOLO26n/input_layer1 is not running anymore, exiting..
[2026-03-31 14:06:27.359] [8275] [HailoRT] [info] [queue_elements.cpp:46] [~BaseQueueElement] Queue element PushQEl1detectorYOLO26n/input_layer1 has 0 frames in his Queue on destruction
[2026-03-31 14:06:27.360] [8275] [HailoRT] [info] [core_op.cpp:186] [deactivate] Deactivating took 0.608832 ms
[2026-03-31 14:06:27.360] [8275] [HailoRT] [info] [core_op.cpp:186] [deactivate] Deactivating took 0.61735 ms
[2026-03-31 14:06:27.415] [8275] [HailoRT] [info] [core_op.cpp:156] [activate] Activating detectorYOLO26n took 1.146738 milliseconds. Note that the function is asynchronous and thus the network is not fully activated yet.
[2026-03-31 14:06:27.415] [8275] [HailoRT] [info] [core_op.cpp:156] [activate] Activating detectorYOLO26n took 1.17509 milliseconds. Note that the function is asynchronous and thus the network is not fully activated yet.
[2026-03-31 14:06:27.415] [8275] [HailoRT] [info] [edge_elements.cpp:52] [create] Created (HwWriteEl1detectorYOLO26n/input_layer1 | hw_frame_size: 1228800)
[2026-03-31 14:06:27.415] [8275] [HailoRT] [info] [queue_elements.cpp:284] [create] Created (PushQEl1detectorYOLO26n/input_layer1 | timeout: 10s)
[2026-03-31 14:06:27.415] [8275] [HailoRT] [info] [filter_elements.cpp:101] [create] Created (PreInferEl1detectorYOLO26n/input_layer1 | Reorder - src_order: NHWC, src_shape: (640, 640, 3), dst_order: NHCW, dst_shape: (640, 640, 3))
[2026-03-31 14:06:27.415] [8275] [HailoRT] [info] [vstream.cpp:754] [InputVStreamImpl] Creating detectorYOLO26n/input_layer1...
[2026-03-31 14:06:27.415] [8275] [HailoRT] [info] [vstream_builder.cpp:102] [create_inputs] Input pipeline 'detectorYOLO26n/input_layer1': (PreInferEl1detectorYOLO26n/input_layer1 | Reorder - src_order: NHWC, src_shape: (640, 640, 3), dst_order: NHCW, dst_shape: (640, 640, 3)) >> (PushQEl1detectorYOLO26n/input_layer1 | timeout: 10s) >> (HwWriteEl1detectorYOLO26n/input_layer1 | hw_frame_size: 1228800) >> HW
[2026-03-31 14:06:27.415] [8275] [HailoRT] [info] [edge_elements.cpp:287] [create] Created (HwReadEl0detectorYOLO26n/concat23 | hw_frame_size: 42000)
[2026-03-31 14:06:27.415] [8275] [HailoRT] [info] [queue_elements.cpp:800] [create] Created (UserBuffQEl0detectorYOLO26n/concat23 | timeout: 10s)
[2026-03-31 14:06:27.415] [8275] [HailoRT] [info] [vstream.cpp:1114] [OutputVStreamImpl] Creating detectorYOLO26n/concat23...
[2026-03-31 14:06:27.415] [8275] [HailoRT] [info] [vstream_builder.cpp:220] [create_outputs] Output pipeline 'detectorYOLO26n/concat23': HW >> (HwReadEl0detectorYOLO26n/concat23 | hw_frame_size: 42000) >> (UserBuffQEl0detectorYOLO26n/concat23 | timeout: 10s)
[2026-03-31 14:06:27.431] [10226] [HailoRT] [info] [queue_elements.cpp:855] [run_in_thread] Shutdown event was signaled in dequeue of UserBuffQEl0detectorYOLO26n/concat23!
[2026-03-31 14:06:27.431] [8275] [HailoRT] [info] [queue_elements.cpp:46] [~BaseQueueElement] Queue element UserBuffQEl0detectorYOLO26n/concat23 has 0 frames in his Queue on destruction
[2026-03-31 14:06:27.431] [10225] [HailoRT] [info] [queue_elements.cpp:68] [operator()] Thread in element PushQEl1detectorYOLO26n/input_layer1 is not running anymore, exiting..
[2026-03-31 14:06:27.431] [8275] [HailoRT] [info] [queue_elements.cpp:46] [~BaseQueueElement] Queue element PushQEl1detectorYOLO26n/input_layer1 has 0 frames in his Queue on destruction
[2026-03-31 14:06:27.432] [8275] [HailoRT] [info] [core_op.cpp:186] [deactivate] Deactivating took 0.619221 ms
[2026-03-31 14:06:27.432] [8275] [HailoRT] [info] [core_op.cpp:186] [deactivate] Deactivating took 0.629591 ms
[2026-03-31 14:06:27.485] [8275] [HailoRT] [info] [core_op.cpp:156] [activate] Activating detectorYOLO26n took 0.274277 milliseconds. Note that the function is asynchronous and thus the network is not fully activated yet.
[2026-03-31 14:06:27.485] [8275] [HailoRT] [info] [core_op.cpp:156] [activate] Activating detectorYOLO26n took 0.298721 milliseconds. Note that the function is asynchronous and thus the network is not fully activated yet.
[2026-03-31 14:06:27.485] [8275] [HailoRT] [info] [edge_elements.cpp:52] [create] Created (HwWriteEl1detectorYOLO26n/input_layer1 | hw_frame_size: 1228800)
[2026-03-31 14:06:27.485] [8275] [HailoRT] [info] [queue_elements.cpp:284] [create] Created (PushQEl1detectorYOLO26n/input_layer1 | timeout: 10s)
[2026-03-31 14:06:27.485] [8275] [HailoRT] [info] [filter_elements.cpp:101] [create] Created (PreInferEl1detectorYOLO26n/input_layer1 | Reorder - src_order: NHWC, src_shape: (640, 640, 3), dst_order: NHCW, dst_shape: (640, 640, 3))
[2026-03-31 14:06:27.485] [8275] [HailoRT] [info] [vstream.cpp:754] [InputVStreamImpl] Creating detectorYOLO26n/input_layer1...
[2026-03-31 14:06:27.485] [8275] [HailoRT] [info] [vstream_builder.cpp:102] [create_inputs] Input pipeline 'detectorYOLO26n/input_layer1': (PreInferEl1detectorYOLO26n/input_layer1 | Reorder - src_order: NHWC, src_shape: (640, 640, 3), dst_order: NHCW, dst_shape: (640, 640, 3)) >> (PushQEl1detectorYOLO26n/input_layer1 | timeout: 10s) >> (HwWriteEl1detectorYOLO26n/input_layer1 | hw_frame_size: 1228800) >> HW
[2026-03-31 14:06:27.485] [8275] [HailoRT] [info] [edge_elements.cpp:287] [create] Created (HwReadEl0detectorYOLO26n/concat23 | hw_frame_size: 42000)
[2026-03-31 14:06:27.485] [8275] [HailoRT] [info] [queue_elements.cpp:800] [create] Created (UserBuffQEl0detectorYOLO26n/concat23 | timeout: 10s)
[2026-03-31 14:06:27.485] [8275] [HailoRT] [info] [vstream.cpp:1114] [OutputVStreamImpl] Creating detectorYOLO26n/concat23...
[2026-03-31 14:06:27.485] [8275] [HailoRT] [info] [vstream_builder.cpp:220] [create_outputs] Output pipeline 'detectorYOLO26n/concat23': HW >> (HwReadEl0detectorYOLO26n/concat23 | hw_frame_size: 42000) >> (UserBuffQEl0detectorYOLO26n/concat23 | timeout: 10s)
[2026-03-31 14:06:27.501] [10230] [HailoRT] [info] [queue_elements.cpp:855] [run_in_thread] Shutdown event was signaled in dequeue of UserBuffQEl0detectorYOLO26n/concat23!
[2026-03-31 14:06:27.501] [10230] [HailoRT] [info] [queue_elements.cpp:68] [operator()] Thread in element UserBuffQEl0detectorYOLO26n/concat23 is not running anymore, exiting..
[2026-03-31 14:06:27.501] [8275] [HailoRT] [info] [queue_elements.cpp:46] [~BaseQueueElement] Queue element UserBuffQEl0detectorYOLO26n/concat23 has 0 frames in his Queue on destruction
[2026-03-31 14:06:27.501] [10229] [HailoRT] [info] [queue_elements.cpp:68] [operator()] Thread in element PushQEl1detectorYOLO26n/input_layer1 is not running anymore, exiting..
[2026-03-31 14:06:27.501] [8275] [HailoRT] [info] [queue_elements.cpp:46] [~BaseQueueElement] Queue element PushQEl1detectorYOLO26n/input_layer1 has 0 frames in his Queue on destruction
[2026-03-31 14:06:27.502] [8275] [HailoRT] [info] [core_op.cpp:186] [deactivate] Deactivating took 0.613943 ms
[2026-03-31 14:06:27.502] [8275] [HailoRT] [info] [core_op.cpp:186] [deactivate] Deactivating took 0.629017 ms
[2026-03-31 14:06:27.557] [8275] [HailoRT] [info] [core_op.cpp:156] [activate] Activating detectorYOLO26n took 0.282443 milliseconds. Note that the function is asynchronous and thus the network is not fully activated yet.
[2026-03-31 14:06:27.557] [8275] [HailoRT] [info] [core_op.cpp:156] [activate] Activating detectorYOLO26n took 0.306629 milliseconds. Note that the function is asynchronous and thus the network is not fully activated yet.
[2026-03-31 14:06:27.557] [8275] [HailoRT] [info] [edge_elements.cpp:52] [create] Created (HwWriteEl1detectorYOLO26n/input_layer1 | hw_frame_size: 1228800)
[2026-03-31 14:06:27.557] [8275] [HailoRT] [info] [queue_elements.cpp:284] [create] Created (PushQEl1detectorYOLO26n/input_layer1 | timeout: 10s)
[2026-03-31 14:06:27.557] [8275] [HailoRT] [info] [filter_elements.cpp:101] [create] Created (PreInferEl1detectorYOLO26n/input_layer1 | Reorder - src_order: NHWC, src_shape: (640, 640, 3), dst_order: NHCW, dst_shape: (640, 640, 3))
[2026-03-31 14:06:27.557] [8275] [HailoRT] [info] [vstream.cpp:754] [InputVStreamImpl] Creating detectorYOLO26n/input_layer1...
[2026-03-31 14:06:27.557] [8275] [HailoRT] [info] [vstream_builder.cpp:102] [create_inputs] Input pipeline 'detectorYOLO26n/input_layer1': (PreInferEl1detectorYOLO26n/input_layer1 | Reorder - src_order: NHWC, src_shape: (640, 640, 3), dst_order: NHCW, dst_shape: (640, 640, 3)) >> (PushQEl1detectorYOLO26n/input_layer1 | timeout: 10s) >> (HwWriteEl1detectorYOLO26n/input_layer1 | hw_frame_size: 1228800) >> HW
[2026-03-31 14:06:27.557] [8275] [HailoRT] [info] [edge_elements.cpp:287] [create] Created (HwReadEl0detectorYOLO26n/concat23 | hw_frame_size: 42000)
[2026-03-31 14:06:27.557] [8275] [HailoRT] [info] [queue_elements.cpp:800] [create] Created (UserBuffQEl0detectorYOLO26n/concat23 | timeout: 10s)
[2026-03-31 14:06:27.557] [8275] [HailoRT] [info] [vstream.cpp:1114] [OutputVStreamImpl] Creating detectorYOLO26n/concat23...
[2026-03-31 14:06:27.557] [8275] [HailoRT] [info] [vstream_builder.cpp:220] [create_outputs] Output pipeline 'detectorYOLO26n/concat23': HW >> (HwReadEl0detectorYOLO26n/concat23 | hw_frame_size: 42000) >> (UserBuffQEl0detectorYOLO26n/concat23 | timeout: 10s)
[2026-03-31 14:06:27.573] [10234] [HailoRT] [info] [queue_elements.cpp:855] [run_in_thread] Shutdown event was signaled in dequeue of UserBuffQEl0detectorYOLO26n/concat23!
[2026-03-31 14:06:27.573] [10234] [HailoRT] [info] [queue_elements.cpp:68] [operator()] Thread in element UserBuffQEl0detectorYOLO26n/concat23 is not running anymore, exiting..
[2026-03-31 14:06:27.573] [8275] [HailoRT] [info] [queue_elements.cpp:46] [~BaseQueueElement] Queue element UserBuffQEl0detectorYOLO26n/concat23 has 0 frames in his Queue on destruction
[2026-03-31 14:06:27.573] [10233] [HailoRT] [info] [queue_elements.cpp:68] [operator()] Thread in element PushQEl1detectorYOLO26n/input_layer1 is not running anymore, exiting..
[2026-03-31 14:06:27.573] [8275] [HailoRT] [info] [queue_elements.cpp:46] [~BaseQueueElement] Queue element PushQEl1detectorYOLO26n/input_layer1 has 0 frames in his Queue on destruction
[2026-03-31 14:06:27.573] [8275] [HailoRT] [info] [core_op.cpp:186] [deactivate] Deactivating took 0.607147 ms
[2026-03-31 14:06:27.573] [8275] [HailoRT] [info] [core_op.cpp:186] [deactivate] Deactivating took 0.615813 ms
[2026-03-31 14:06:27.626] [8275] [HailoRT] [info] [core_op.cpp:156] [activate] Activating detectorYOLO26n took 0.275852 milliseconds. Note that the function is asynchronous and thus the network is not fully activated yet.
[2026-03-31 14:06:27.626] [8275] [HailoRT] [info] [core_op.cpp:156] [activate] Activating detectorYOLO26n took 0.298 milliseconds. Note that the function is asynchronous and thus the network is not fully activated yet.
[2026-03-31 14:06:27.626] [8275] [HailoRT] [info] [edge_elements.cpp:52] [create] Created (HwWriteEl1detectorYOLO26n/input_layer1 | hw_frame_size: 1228800)
[2026-03-31 14:06:27.626] [8275] [HailoRT] [info] [queue_elements.cpp:284] [create] Created (PushQEl1detectorYOLO26n/input_layer1 | timeout: 10s)
[2026-03-31 14:06:27.626] [8275] [HailoRT] [info] [filter_elements.cpp:101] [create] Created (PreInferEl1detectorYOLO26n/input_layer1 | Reorder - src_order: NHWC, src_shape: (640, 640, 3), dst_order: NHCW, dst_shape: (640, 640, 3))
[2026-03-31 14:06:27.626] [8275] [HailoRT] [info] [vstream.cpp:754] [InputVStreamImpl] Creating detectorYOLO26n/input_layer1...
[2026-03-31 14:06:27.626] [8275] [HailoRT] [info] [vstream_builder.cpp:102] [create_inputs] Input pipeline 'detectorYOLO26n/input_layer1': (PreInferEl1detectorYOLO26n/input_layer1 | Reorder - src_order: NHWC, src_shape: (640, 640, 3), dst_order: NHCW, dst_shape: (640, 640, 3)) >> (PushQEl1detectorYOLO26n/input_layer1 | timeout: 10s) >> (HwWriteEl1detectorYOLO26n/input_layer1 | hw_frame_size: 1228800) >> HW
[2026-03-31 14:06:27.626] [8275] [HailoRT] [info] [edge_elements.cpp:287] [create] Created (HwReadEl0detectorYOLO26n/concat23 | hw_frame_size: 42000)
[2026-03-31 14:06:27.626] [8275] [HailoRT] [info] [queue_elements.cpp:800] [create] Created (UserBuffQEl0detectorYOLO26n/concat23 | timeout: 10s)
[2026-03-31 14:06:27.626] [8275] [HailoRT] [info] [vstream.cpp:1114] [OutputVStreamImpl] Creating detectorYOLO26n/concat23...
[2026-03-31 14:06:27.626] [8275] [HailoRT] [info] [vstream_builder.cpp:220] [create_outputs] Output pipeline 'detectorYOLO26n/concat23': HW >> (HwReadEl0detectorYOLO26n/concat23 | hw_frame_size: 42000) >> (UserBuffQEl0detectorYOLO26n/concat23 | timeout: 10s)
[2026-03-31 14:06:27.643] [10238] [HailoRT] [info] [queue_elements.cpp:855] [run_in_thread] Shutdown event was signaled in dequeue of UserBuffQEl0detectorYOLO26n/concat23!
[2026-03-31 14:06:27.643] [10238] [HailoRT] [info] [queue_elements.cpp:68] [operator()] Thread in element UserBuffQEl0detectorYOLO26n/concat23 is not running anymore, exiting..
[2026-03-31 14:06:27.643] [8275] [HailoRT] [info] [queue_elements.cpp:46] [~BaseQueueElement] Queue element UserBuffQEl0detectorYOLO26n/concat23 has 0 frames in his Queue on destruction
[2026-03-31 14:06:27.643] [10237] [HailoRT] [info] [queue_elements.cpp:68] [operator()] Thread in element PushQEl1detectorYOLO26n/input_layer1 is not running anymore, exiting..
[2026-03-31 14:06:27.643] [8275] [HailoRT] [info] [queue_elements.cpp:46] [~BaseQueueElement] Queue element PushQEl1detectorYOLO26n/input_layer1 has 0 frames in his Queue on destruction
[2026-03-31 14:06:27.643] [8275] [HailoRT] [info] [core_op.cpp:186] [deactivate] Deactivating took 0.615258 ms
[2026-03-31 14:06:27.643] [8275] [HailoRT] [info] [core_op.cpp:186] [deactivate] Deactivating took 0.654128 ms
[2026-03-31 14:06:27.698] [8275] [HailoRT] [info] [core_op.cpp:156] [activate] Activating detectorYOLO26n took 0.29274 milliseconds. Note that the function is asynchronous and thus the network is not fully activated yet.
[2026-03-31 14:06:27.698] [8275] [HailoRT] [info] [core_op.cpp:156] [activate] Activating detectorYOLO26n took 0.31787 milliseconds. Note that the function is asynchronous and thus the network is not fully activated yet.
[2026-03-31 14:06:27.698] [8275] [HailoRT] [info] [edge_elements.cpp:52] [create] Created (HwWriteEl1detectorYOLO26n/input_layer1 | hw_frame_size: 1228800)
[2026-03-31 14:06:27.698] [8275] [HailoRT] [info] [queue_elements.cpp:284] [create] Created (PushQEl1detectorYOLO26n/input_layer1 | timeout: 10s)
[2026-03-31 14:06:27.698] [8275] [HailoRT] [info] [filter_elements.cpp:101] [create] Created (PreInferEl1detectorYOLO26n/input_layer1 | Reorder - src_order: NHWC, src_shape: (640, 640, 3), dst_order: NHCW, dst_shape: (640, 640, 3))
[2026-03-31 14:06:27.698] [8275] [HailoRT] [info] [vstream.cpp:754] [InputVStreamImpl] Creating detectorYOLO26n/input_layer1...
[2026-03-31 14:06:27.698] [8275] [HailoRT] [info] [vstream_builder.cpp:102] [create_inputs] Input pipeline 'detectorYOLO26n/input_layer1': (PreInferEl1detectorYOLO26n/input_layer1 | Reorder - src_order: NHWC, src_shape: (640, 640, 3), dst_order: NHCW, dst_shape: (640, 640, 3)) >> (PushQEl1detectorYOLO26n/input_layer1 | timeout: 10s) >> (HwWriteEl1detectorYOLO26n/input_layer1 | hw_frame_size: 1228800) >> HW
[2026-03-31 14:06:27.698] [8275] [HailoRT] [info] [edge_elements.cpp:287] [create] Created (HwReadEl0detectorYOLO26n/concat23 | hw_frame_size: 42000)
[2026-03-31 14:06:27.699] [8275] [HailoRT] [info] [queue_elements.cpp:800] [create] Created (UserBuffQEl0detectorYOLO26n/concat23 | timeout: 10s)
[2026-03-31 14:06:27.699] [8275] [HailoRT] [info] [vstream.cpp:1114] [OutputVStreamImpl] Creating detectorYOLO26n/concat23...
[2026-03-31 14:06:27.699] [8275] [HailoRT] [info] [vstream_builder.cpp:220] [create_outputs] Output pipeline 'detectorYOLO26n/concat23': HW >> (HwReadEl0detectorYOLO26n/concat23 | hw_frame_size: 42000) >> (UserBuffQEl0detectorYOLO26n/concat23 | timeout: 10s)
[2026-03-31 14:06:27.714] [10242] [HailoRT] [info] [queue_elements.cpp:855] [run_in_thread] Shutdown event was signaled in dequeue of UserBuffQEl0detectorYOLO26n/concat23!
[2026-03-31 14:06:27.714] [10242] [HailoRT] [info] [queue_elements.cpp:68] [operator()] Thread in element UserBuffQEl0detectorYOLO26n/concat23 is not running anymore, exiting..
[2026-03-31 14:06:27.714] [8275] [HailoRT] [info] [queue_elements.cpp:46] [~BaseQueueElement] Queue element UserBuffQEl0detectorYOLO26n/concat23 has 0 frames in his Queue on destruction
[2026-03-31 14:06:27.714] [10241] [HailoRT] [info] [queue_elements.cpp:68] [operator()] Thread in element PushQEl1detectorYOLO26n/input_layer1 is not running anymore, exiting..
[2026-03-31 14:06:27.714] [8275] [HailoRT] [info] [queue_elements.cpp:46] [~BaseQueueElement] Queue element PushQEl1detectorYOLO26n/input_layer1 has 0 frames in his Queue on destruction
[2026-03-31 14:06:27.715] [8275] [HailoRT] [info] [core_op.cpp:186] [deactivate] Deactivating took 0.621572 ms
[2026-03-31 14:06:27.715] [8275] [HailoRT] [info] [core_op.cpp:186] [deactivate] Deactivating took 0.634165 ms
[2026-03-31 14:06:27.768] [8275] [HailoRT] [info] [core_op.cpp:156] [activate] Activating detectorYOLO26n took 0.274592 milliseconds. Note that the function is asynchronous and thus the network is not fully activated yet.
[2026-03-31 14:06:27.768] [8275] [HailoRT] [info] [core_op.cpp:156] [activate] Activating detectorYOLO26n took 0.298629 milliseconds. Note that the function is asynchronous and thus the network is not fully activated yet.
[2026-03-31 14:06:27.769] [8275] [HailoRT] [info] [edge_elements.cpp:52] [create] Created (HwWriteEl1detectorYOLO26n/input_layer1 | hw_frame_size: 1228800)
[2026-03-31 14:06:27.769] [8275] [HailoRT] [info] [queue_elements.cpp:284] [create] Created (PushQEl1detectorYOLO26n/input_layer1 | timeout: 10s)
[2026-03-31 14:06:27.769] [8275] [HailoRT] [info] [filter_elements.cpp:101] [create] Created (PreInferEl1detectorYOLO26n/input_layer1 | Reorder - src_order: NHWC, src_shape: (640, 640, 3), dst_order: NHCW, dst_shape: (640, 640, 3))
[2026-03-31 14:06:27.769] [8275] [HailoRT] [info] [vstream.cpp:754] [InputVStreamImpl] Creating detectorYOLO26n/input_layer1...
[2026-03-31 14:06:27.769] [8275] [HailoRT] [info] [vstream_builder.cpp:102] [create_inputs] Input pipeline 'detectorYOLO26n/input_layer1': (PreInferEl1detectorYOLO26n/input_layer1 | Reorder - src_order: NHWC, src_shape: (640, 640, 3), dst_order: NHCW, dst_shape: (640, 640, 3)) >> (PushQEl1detectorYOLO26n/input_layer1 | timeout: 10s) >> (HwWriteEl1detectorYOLO26n/input_layer1 | hw_frame_size: 1228800) >> HW
[2026-03-31 14:06:27.769] [8275] [HailoRT] [info] [edge_elements.cpp:287] [create] Created (HwReadEl0detectorYOLO26n/concat23 | hw_frame_size: 42000)
[2026-03-31 14:06:27.769] [8275] [HailoRT] [info] [queue_elements.cpp:800] [create] Created (UserBuffQEl0detectorYOLO26n/concat23 | timeout: 10s)
[2026-03-31 14:06:27.769] [8275] [HailoRT] [info] [vstream.cpp:1114] [OutputVStreamImpl] Creating detectorYOLO26n/concat23...
[2026-03-31 14:06:27.769] [8275] [HailoRT] [info] [vstream_builder.cpp:220] [create_outputs] Output pipeline 'detectorYOLO26n/concat23': HW >> (HwReadEl0detectorYOLO26n/concat23 | hw_frame_size: 42000) >> (UserBuffQEl0detectorYOLO26n/concat23 | timeout: 10s)
[2026-03-31 14:06:27.785] [10246] [HailoRT] [info] [queue_elements.cpp:855] [run_in_thread] Shutdown event was signaled in dequeue of UserBuffQEl0detectorYOLO26n/concat23!
[2026-03-31 14:06:27.785] [10246] [HailoRT] [info] [queue_elements.cpp:68] [operator()] Thread in element UserBuffQEl0detectorYOLO26n/concat23 is not running anymore, exiting..
[2026-03-31 14:06:27.785] [8275] [HailoRT] [info] [queue_elements.cpp:46] [~BaseQueueElement] Queue element UserBuffQEl0detectorYOLO26n/concat23 has 0 frames in his Queue on destruction
[2026-03-31 14:06:27.785] [10245] [HailoRT] [info] [queue_elements.cpp:68] [operator()] Thread in element PushQEl1detectorYOLO26n/input_layer1 is not running anymore, exiting..
[2026-03-31 14:06:27.785] [8275] [HailoRT] [info] [queue_elements.cpp:46] [~BaseQueueElement] Queue element PushQEl1detectorYOLO26n/input_layer1 has 0 frames in his Queue on destruction
[2026-03-31 14:06:27.785] [8275] [HailoRT] [info] [core_op.cpp:186] [deactivate] Deactivating took 0.605147 ms
[2026-03-31 14:06:27.785] [8275] [HailoRT] [info] [core_op.cpp:186] [deactivate] Deactivating took 0.613518 ms
[2026-03-31 14:06:27.839] [8275] [HailoRT] [info] [core_op.cpp:156] [activate] Activating detectorYOLO26n took 0.324721 milliseconds. Note that the function is asynchronous and thus the network is not fully activated yet.
[2026-03-31 14:06:27.839] [8275] [HailoRT] [info] [core_op.cpp:156] [activate] Activating detectorYOLO26n took 0.352184 milliseconds. Note that the function is asynchronous and thus the network is not fully activated yet.
[2026-03-31 14:06:27.839] [8275] [HailoRT] [info] [edge_elements.cpp:52] [create] Created (HwWriteEl1detectorYOLO26n/input_layer1 | hw_frame_size: 1228800)
[2026-03-31 14:06:27.839] [8275] [HailoRT] [info] [queue_elements.cpp:284] [create] Created (PushQEl1detectorYOLO26n/input_layer1 | timeout: 10s)
[2026-03-31 14:06:27.839] [8275] [HailoRT] [info] [filter_elements.cpp:101] [create] Created (PreInferEl1detectorYOLO26n/input_layer1 | Reorder - src_order: NHWC, src_shape: (640, 640, 3), dst_order: NHCW, dst_shape: (640, 640, 3))
[2026-03-31 14:06:27.839] [8275] [HailoRT] [info] [vstream.cpp:754] [InputVStreamImpl] Creating detectorYOLO26n/input_layer1...
[2026-03-31 14:06:27.839] [8275] [HailoRT] [info] [vstream_builder.cpp:102] [create_inputs] Input pipeline 'detectorYOLO26n/input_layer1': (PreInferEl1detectorYOLO26n/input_layer1 | Reorder - src_order: NHWC, src_shape: (640, 640, 3), dst_order: NHCW, dst_shape: (640, 640, 3)) >> (PushQEl1detectorYOLO26n/input_layer1 | timeout: 10s) >> (HwWriteEl1detectorYOLO26n/input_layer1 | hw_frame_size: 1228800) >> HW
[2026-03-31 14:06:27.839] [8275] [HailoRT] [info] [edge_elements.cpp:287] [create] Created (HwReadEl0detectorYOLO26n/concat23 | hw_frame_size: 42000)
[2026-03-31 14:06:27.839] [8275] [HailoRT] [info] [queue_elements.cpp:800] [create] Created (UserBuffQEl0detectorYOLO26n/concat23 | timeout: 10s)
[2026-03-31 14:06:27.839] [8275] [HailoRT] [info] [vstream.cpp:1114] [OutputVStreamImpl] Creating detectorYOLO26n/concat23...
[2026-03-31 14:06:27.839] [8275] [HailoRT] [info] [vstream_builder.cpp:220] [create_outputs] Output pipeline 'detectorYOLO26n/concat23': HW >> (HwReadEl0detectorYOLO26n/concat23 | hw_frame_size: 42000) >> (UserBuffQEl0detectorYOLO26n/concat23 | timeout: 10s)
[2026-03-31 14:06:27.855] [10250] [HailoRT] [info] [queue_elements.cpp:855] [run_in_thread] Shutdown event was signaled in dequeue of UserBuffQEl0detectorYOLO26n/concat23!
[2026-03-31 14:06:27.855] [10250] [HailoRT] [info] [queue_elements.cpp:68] [operator()] Thread in element UserBuffQEl0detectorYOLO26n/concat23 is not running anymore, exiting..
[2026-03-31 14:06:27.855] [8275] [HailoRT] [info] [queue_elements.cpp:46] [~BaseQueueElement] Queue element UserBuffQEl0detectorYOLO26n/concat23 has 0 frames in his Queue on destruction
[2026-03-31 14:06:27.855] [10249] [HailoRT] [info] [queue_elements.cpp:68] [operator()] Thread in element PushQEl1detectorYOLO26n/input_layer1 is not running anymore, exiting..
[2026-03-31 14:06:27.855] [8275] [HailoRT] [info] [queue_elements.cpp:46] [~BaseQueueElement] Queue element PushQEl1detectorYOLO26n/input_layer1 has 0 frames in his Queue on destruction
[2026-03-31 14:06:27.856] [8275] [HailoRT] [info] [core_op.cpp:186] [deactivate] Deactivating took 0.606369 ms
[2026-03-31 14:06:27.856] [8275] [HailoRT] [info] [core_op.cpp:186] [deactivate] Deactivating took 0.615814 ms
[2026-03-31 14:06:27.908] [8275] [HailoRT] [info] [core_op.cpp:156] [activate] Activating detectorYOLO26n took 0.260258 milliseconds. Note that the function is asynchronous and thus the network is not fully activated yet.
[2026-03-31 14:06:27.908] [8275] [HailoRT] [info] [core_op.cpp:156] [activate] Activating detectorYOLO26n took 0.285425 milliseconds. Note that the function is asynchronous and thus the network is not fully activated yet.
[2026-03-31 14:06:27.908] [8275] [HailoRT] [info] [edge_elements.cpp:52] [create] Created (HwWriteEl1detectorYOLO26n/input_layer1 | hw_frame_size: 1228800)
[2026-03-31 14:06:27.908] [8275] [HailoRT] [info] [queue_elements.cpp:284] [create] Created (PushQEl1detectorYOLO26n/input_layer1 | timeout: 10s)
[2026-03-31 14:06:27.908] [8275] [HailoRT] [info] [filter_elements.cpp:101] [create] Created (PreInferEl1detectorYOLO26n/input_layer1 | Reorder - src_order: NHWC, src_shape: (640, 640, 3), dst_order: NHCW, dst_shape: (640, 640, 3))
[2026-03-31 14:06:27.908] [8275] [HailoRT] [info] [vstream.cpp:754] [InputVStreamImpl] Creating detectorYOLO26n/input_layer1...
[2026-03-31 14:06:27.908] [8275] [HailoRT] [info] [vstream_builder.cpp:102] [create_inputs] Input pipeline 'detectorYOLO26n/input_layer1': (PreInferEl1detectorYOLO26n/input_layer1 | Reorder - src_order: NHWC, src_shape: (640, 640, 3), dst_order: NHCW, dst_shape: (640, 640, 3)) >> (PushQEl1detectorYOLO26n/input_layer1 | timeout: 10s) >> (HwWriteEl1detectorYOLO26n/input_layer1 | hw_frame_size: 1228800) >> HW
[2026-03-31 14:06:27.908] [8275] [HailoRT] [info] [edge_elements.cpp:287] [create] Created (HwReadEl0detectorYOLO26n/concat23 | hw_frame_size: 42000)
[2026-03-31 14:06:27.909] [8275] [HailoRT] [info] [queue_elements.cpp:800] [create] Created (UserBuffQEl0detectorYOLO26n/concat23 | timeout: 10s)
[2026-03-31 14:06:27.909] [8275] [HailoRT] [info] [vstream.cpp:1114] [OutputVStreamImpl] Creating detectorYOLO26n/concat23...
[2026-03-31 14:06:27.909] [8275] [HailoRT] [info] [vstream_builder.cpp:220] [create_outputs] Output pipeline 'detectorYOLO26n/concat23': HW >> (HwReadEl0detectorYOLO26n/concat23 | hw_frame_size: 42000) >> (UserBuffQEl0detectorYOLO26n/concat23 | timeout: 10s)
[2026-03-31 14:06:27.925] [10254] [HailoRT] [info] [queue_elements.cpp:855] [run_in_thread] Shutdown event was signaled in dequeue of UserBuffQEl0detectorYOLO26n/concat23!
[2026-03-31 14:06:27.925] [10254] [HailoRT] [info] [queue_elements.cpp:68] [operator()] Thread in element UserBuffQEl0detectorYOLO26n/concat23 is not running anymore, exiting..
[2026-03-31 14:06:27.925] [8275] [HailoRT] [info] [queue_elements.cpp:46] [~BaseQueueElement] Queue element UserBuffQEl0detectorYOLO26n/concat23 has 0 frames in his Queue on destruction
[2026-03-31 14:06:27.925] [10253] [HailoRT] [info] [queue_elements.cpp:68] [operator()] Thread in element PushQEl1detectorYOLO26n/input_layer1 is not running anymore, exiting..
[2026-03-31 14:06:27.925] [8275] [HailoRT] [info] [queue_elements.cpp:46] [~BaseQueueElement] Queue element PushQEl1detectorYOLO26n/input_layer1 has 0 frames in his Queue on destruction
[2026-03-31 14:06:27.925] [8275] [HailoRT] [info] [core_op.cpp:186] [deactivate] Deactivating took 0.604647 ms
[2026-03-31 14:06:27.925] [8275] [HailoRT] [info] [core_op.cpp:186] [deactivate] Deactivating took 0.61398 ms
[2026-03-31 14:06:27.981] [8275] [HailoRT] [info] [core_op.cpp:156] [activate] Activating detectorYOLO26n took 0.530998 milliseconds. Note that the function is asynchronous and thus the network is not fully activated yet.
[2026-03-31 14:06:27.981] [8275] [HailoRT] [info] [core_op.cpp:156] [activate] Activating detectorYOLO26n took 0.574999 milliseconds. Note that the function is asynchronous and thus the network is not fully activated yet.
[2026-03-31 14:06:27.981] [8275] [HailoRT] [info] [edge_elements.cpp:52] [create] Created (HwWriteEl1detectorYOLO26n/input_layer1 | hw_frame_size: 1228800)
[2026-03-31 14:06:27.981] [8275] [HailoRT] [info] [queue_elements.cpp:284] [create] Created (PushQEl1detectorYOLO26n/input_layer1 | timeout: 10s)
[2026-03-31 14:06:27.981] [8275] [HailoRT] [info] [filter_elements.cpp:101] [create] Created (PreInferEl1detectorYOLO26n/input_layer1 | Reorder - src_order: NHWC, src_shape: (640, 640, 3), dst_order: NHCW, dst_shape: (640, 640, 3))
[2026-03-31 14:06:27.981] [8275] [HailoRT] [info] [vstream.cpp:754] [InputVStreamImpl] Creating detectorYOLO26n/input_layer1...
[2026-03-31 14:06:27.981] [8275] [HailoRT] [info] [vstream_builder.cpp:102] [create_inputs] Input pipeline 'detectorYOLO26n/input_layer1': (PreInferEl1detectorYOLO26n/input_layer1 | Reorder - src_order: NHWC, src_shape: (640, 640, 3), dst_order: NHCW, dst_shape: (640, 640, 3)) >> (PushQEl1detectorYOLO26n/input_layer1 | timeout: 10s) >> (HwWriteEl1detectorYOLO26n/input_layer1 | hw_frame_size: 1228800) >> HW
[2026-03-31 14:06:27.981] [8275] [HailoRT] [info] [edge_elements.cpp:287] [create] Created (HwReadEl0detectorYOLO26n/concat23 | hw_frame_size: 42000)
[2026-03-31 14:06:27.981] [8275] [HailoRT] [info] [queue_elements.cpp:800] [create] Created (UserBuffQEl0detectorYOLO26n/concat23 | timeout: 10s)
[2026-03-31 14:06:27.981] [8275] [HailoRT] [info] [vstream.cpp:1114] [OutputVStreamImpl] Creating detectorYOLO26n/concat23...
[2026-03-31 14:06:27.981] [8275] [HailoRT] [info] [vstream_builder.cpp:220] [create_outputs] Output pipeline 'detectorYOLO26n/concat23': HW >> (HwReadEl0detectorYOLO26n/concat23 | hw_frame_size: 42000) >> (UserBuffQEl0detectorYOLO26n/concat23 | timeout: 10s)
[2026-03-31 14:06:27.997] [10258] [HailoRT] [info] [queue_elements.cpp:855] [run_in_thread] Shutdown event was signaled in dequeue of UserBuffQEl0detectorYOLO26n/concat23!
[2026-03-31 14:06:27.997] [10258] [HailoRT] [info] [queue_elements.cpp:68] [operator()] Thread in element UserBuffQEl0detectorYOLO26n/concat23 is not running anymore, exiting..
[2026-03-31 14:06:27.997] [8275] [HailoRT] [info] [queue_elements.cpp:46] [~BaseQueueElement] Queue element UserBuffQEl0detectorYOLO26n/concat23 has 0 frames in his Queue on destruction
[2026-03-31 14:06:27.997] [10257] [HailoRT] [info] [queue_elements.cpp:68] [operator()] Thread in element PushQEl1detectorYOLO26n/input_layer1 is not running anymore, exiting..
[2026-03-31 14:06:27.997] [8275] [HailoRT] [info] [queue_elements.cpp:46] [~BaseQueueElement] Queue element PushQEl1detectorYOLO26n/input_layer1 has 0 frames in his Queue on destruction
[2026-03-31 14:06:27.998] [8275] [HailoRT] [info] [core_op.cpp:186] [deactivate] Deactivating took 0.625369 ms
[2026-03-31 14:06:27.998] [8275] [HailoRT] [info] [core_op.cpp:186] [deactivate] Deactivating took 0.638443 ms
[2026-03-31 14:06:28.051] [8275] [HailoRT] [info] [core_op.cpp:156] [activate] Activating detectorYOLO26n took 0.266611 milliseconds. Note that the function is asynchronous and thus the network is not fully activated yet.
[2026-03-31 14:06:28.051] [8275] [HailoRT] [info] [core_op.cpp:156] [activate] Activating detectorYOLO26n took 0.292221 milliseconds. Note that the function is asynchronous and thus the network is not fully activated yet.
[2026-03-31 14:06:28.051] [8275] [HailoRT] [info] [edge_elements.cpp:52] [create] Created (HwWriteEl1detectorYOLO26n/input_layer1 | hw_frame_size: 1228800)
[2026-03-31 14:06:28.051] [8275] [HailoRT] [info] [queue_elements.cpp:284] [create] Created (PushQEl1detectorYOLO26n/input_layer1 | timeout: 10s)
[2026-03-31 14:06:28.051] [8275] [HailoRT] [info] [filter_elements.cpp:101] [create] Created (PreInferEl1detectorYOLO26n/input_layer1 | Reorder - src_order: NHWC, src_shape: (640, 640, 3), dst_order: NHCW, dst_shape: (640, 640, 3))
[2026-03-31 14:06:28.051] [8275] [HailoRT] [info] [vstream.cpp:754] [InputVStreamImpl] Creating detectorYOLO26n/input_layer1...
[2026-03-31 14:06:28.052] [8275] [HailoRT] [info] [vstream_builder.cpp:102] [create_inputs] Input pipeline 'detectorYOLO26n/input_layer1': (PreInferEl1detectorYOLO26n/input_layer1 | Reorder - src_order: NHWC, src_shape: (640, 640, 3), dst_order: NHCW, dst_shape: (640, 640, 3)) >> (PushQEl1detectorYOLO26n/input_layer1 | timeout: 10s) >> (HwWriteEl1detectorYOLO26n/input_layer1 | hw_frame_size: 1228800) >> HW
[2026-03-31 14:06:28.052] [8275] [HailoRT] [info] [edge_elements.cpp:287] [create] Created (HwReadEl0detectorYOLO26n/concat23 | hw_frame_size: 42000)
[2026-03-31 14:06:28.052] [8275] [HailoRT] [info] [queue_elements.cpp:800] [create] Created (UserBuffQEl0detectorYOLO26n/concat23 | timeout: 10s)
[2026-03-31 14:06:28.052] [8275] [HailoRT] [info] [vstream.cpp:1114] [OutputVStreamImpl] Creating detectorYOLO26n/concat23...
[2026-03-31 14:06:28.052] [8275] [HailoRT] [info] [vstream_builder.cpp:220] [create_outputs] Output pipeline 'detectorYOLO26n/concat23': HW >> (HwReadEl0detectorYOLO26n/concat23 | hw_frame_size: 42000) >> (UserBuffQEl0detectorYOLO26n/concat23 | timeout: 10s)
[2026-03-31 14:06:28.067] [10262] [HailoRT] [info] [queue_elements.cpp:855] [run_in_thread] Shutdown event was signaled in dequeue of UserBuffQEl0detectorYOLO26n/concat23!
[2026-03-31 14:06:28.067] [10262] [HailoRT] [info] [queue_elements.cpp:68] [operator()] Thread in element UserBuffQEl0detectorYOLO26n/concat23 is not running anymore, exiting..
[2026-03-31 14:06:28.067] [8275] [HailoRT] [info] [queue_elements.cpp:46] [~BaseQueueElement] Queue element UserBuffQEl0detectorYOLO26n/concat23 has 0 frames in his Queue on destruction
[2026-03-31 14:06:28.068] [10261] [HailoRT] [info] [queue_elements.cpp:68] [operator()] Thread in element PushQEl1detectorYOLO26n/input_layer1 is not running anymore, exiting..
[2026-03-31 14:06:28.068] [8275] [HailoRT] [info] [queue_elements.cpp:46] [~BaseQueueElement] Queue element PushQEl1detectorYOLO26n/input_layer1 has 0 frames in his Queue on destruction
[2026-03-31 14:06:28.068] [8275] [HailoRT] [info] [core_op.cpp:186] [deactivate] Deactivating took 0.609962 ms
[2026-03-31 14:06:28.068] [8275] [HailoRT] [info] [core_op.cpp:186] [deactivate] Deactivating took 0.622444 ms
[2026-03-31 14:06:28.123] [8275] [HailoRT] [info] [core_op.cpp:156] [activate] Activating detectorYOLO26n took 0.282222 milliseconds. Note that the function is asynchronous and thus the network is not fully activated yet.
[2026-03-31 14:06:28.123] [8275] [HailoRT] [info] [core_op.cpp:156] [activate] Activating detectorYOLO26n took 0.313426 milliseconds. Note that the function is asynchronous and thus the network is not fully activated yet.
[2026-03-31 14:06:28.123] [8275] [HailoRT] [info] [edge_elements.cpp:52] [create] Created (HwWriteEl1detectorYOLO26n/input_layer1 | hw_frame_size: 1228800)
[2026-03-31 14:06:28.123] [8275] [HailoRT] [info] [queue_elements.cpp:284] [create] Created (PushQEl1detectorYOLO26n/input_layer1 | timeout: 10s)
[2026-03-31 14:06:28.123] [8275] [HailoRT] [info] [filter_elements.cpp:101] [create] Created (PreInferEl1detectorYOLO26n/input_layer1 | Reorder - src_order: NHWC, src_shape: (640, 640, 3), dst_order: NHCW, dst_shape: (640, 640, 3))
[2026-03-31 14:06:28.123] [8275] [HailoRT] [info] [vstream.cpp:754] [InputVStreamImpl] Creating detectorYOLO26n/input_layer1...
[2026-03-31 14:06:28.123] [8275] [HailoRT] [info] [vstream_builder.cpp:102] [create_inputs] Input pipeline 'detectorYOLO26n/input_layer1': (PreInferEl1detectorYOLO26n/input_layer1 | Reorder - src_order: NHWC, src_shape: (640, 640, 3), dst_order: NHCW, dst_shape: (640, 640, 3)) >> (PushQEl1detectorYOLO26n/input_layer1 | timeout: 10s) >> (HwWriteEl1detectorYOLO26n/input_layer1 | hw_frame_size: 1228800) >> HW
[2026-03-31 14:06:28.123] [8275] [HailoRT] [info] [edge_elements.cpp:287] [create] Created (HwReadEl0detectorYOLO26n/concat23 | hw_frame_size: 42000)
[2026-03-31 14:06:28.123] [8275] [HailoRT] [info] [queue_elements.cpp:800] [create] Created (UserBuffQEl0detectorYOLO26n/concat23 | timeout: 10s)
[2026-03-31 14:06:28.123] [8275] [HailoRT] [info] [vstream.cpp:1114] [OutputVStreamImpl] Creating detectorYOLO26n/concat23...
[2026-03-31 14:06:28.123] [8275] [HailoRT] [info] [vstream_builder.cpp:220] [create_outputs] Output pipeline 'detectorYOLO26n/concat23': HW >> (HwReadEl0detectorYOLO26n/concat23 | hw_frame_size: 42000) >> (UserBuffQEl0detectorYOLO26n/concat23 | timeout: 10s)
[2026-03-31 14:06:28.139] [10266] [HailoRT] [info] [queue_elements.cpp:855] [run_in_thread] Shutdown event was signaled in dequeue of UserBuffQEl0detectorYOLO26n/concat23!
[2026-03-31 14:06:28.139] [10266] [HailoRT] [info] [queue_elements.cpp:68] [operator()] Thread in element UserBuffQEl0detectorYOLO26n/concat23 is not running anymore, exiting..
[2026-03-31 14:06:28.139] [8275] [HailoRT] [info] [queue_elements.cpp:46] [~BaseQueueElement] Queue element UserBuffQEl0detectorYOLO26n/concat23 has 0 frames in his Queue on destruction
[2026-03-31 14:06:28.139] [10265] [HailoRT] [info] [queue_elements.cpp:68] [operator()] Thread in element PushQEl1detectorYOLO26n/input_layer1 is not running anymore, exiting..
[2026-03-31 14:06:28.139] [8275] [HailoRT] [info] [queue_elements.cpp:46] [~BaseQueueElement] Queue element PushQEl1detectorYOLO26n/input_layer1 has 0 frames in his Queue on destruction
[2026-03-31 14:06:28.139] [8275] [HailoRT] [info] [core_op.cpp:186] [deactivate] Deactivating took 0.604888 ms
[2026-03-31 14:06:28.139] [8275] [HailoRT] [info] [core_op.cpp:186] [deactivate] Deactivating took 0.628647 ms
[2026-03-31 14:06:28.192] [8275] [HailoRT] [info] [core_op.cpp:156] [activate] Activating detectorYOLO26n took 0.240351 milliseconds. Note that the function is asynchronous and thus the network is not fully activated yet.
[2026-03-31 14:06:28.192] [8275] [HailoRT] [info] [core_op.cpp:156] [activate] Activating detectorYOLO26n took 0.261221 milliseconds. Note that the function is asynchronous and thus the network is not fully activated yet.
[2026-03-31 14:06:28.192] [8275] [HailoRT] [info] [edge_elements.cpp:52] [create] Created (HwWriteEl1detectorYOLO26n/input_layer1 | hw_frame_size: 1228800)
[2026-03-31 14:06:28.192] [8275] [HailoRT] [info] [queue_elements.cpp:284] [create] Created (PushQEl1detectorYOLO26n/input_layer1 | timeout: 10s)
[2026-03-31 14:06:28.192] [8275] [HailoRT] [info] [filter_elements.cpp:101] [create] Created (PreInferEl1detectorYOLO26n/input_layer1 | Reorder - src_order: NHWC, src_shape: (640, 640, 3), dst_order: NHCW, dst_shape: (640, 640, 3))
[2026-03-31 14:06:28.192] [8275] [HailoRT] [info] [vstream.cpp:754] [InputVStreamImpl] Creating detectorYOLO26n/input_layer1...
[2026-03-31 14:06:28.192] [8275] [HailoRT] [info] [vstream_builder.cpp:102] [create_inputs] Input pipeline 'detectorYOLO26n/input_layer1': (PreInferEl1detectorYOLO26n/input_layer1 | Reorder - src_order: NHWC, src_shape: (640, 640, 3), dst_order: NHCW, dst_shape: (640, 640, 3)) >> (PushQEl1detectorYOLO26n/input_layer1 | timeout: 10s) >> (HwWriteEl1detectorYOLO26n/input_layer1 | hw_frame_size: 1228800) >> HW
[2026-03-31 14:06:28.192] [8275] [HailoRT] [info] [edge_elements.cpp:287] [create] Created (HwReadEl0detectorYOLO26n/concat23 | hw_frame_size: 42000)
[2026-03-31 14:06:28.192] [8275] [HailoRT] [info] [queue_elements.cpp:800] [create] Created (UserBuffQEl0detectorYOLO26n/concat23 | timeout: 10s)
[2026-03-31 14:06:28.192] [8275] [HailoRT] [info] [vstream.cpp:1114] [OutputVStreamImpl] Creating detectorYOLO26n/concat23...
[2026-03-31 14:06:28.192] [8275] [HailoRT] [info] [vstream_builder.cpp:220] [create_outputs] Output pipeline 'detectorYOLO26n/concat23': HW >> (HwReadEl0detectorYOLO26n/concat23 | hw_frame_size: 42000) >> (UserBuffQEl0detectorYOLO26n/concat23 | timeout: 10s)
[2026-03-31 14:06:28.207] [10270] [HailoRT] [info] [queue_elements.cpp:855] [run_in_thread] Shutdown event was signaled in dequeue of UserBuffQEl0detectorYOLO26n/concat23!
[2026-03-31 14:06:28.207] [10270] [HailoRT] [info] [queue_elements.cpp:68] [operator()] Thread in element UserBuffQEl0detectorYOLO26n/concat23 is not running anymore, exiting..
[2026-03-31 14:06:28.207] [8275] [HailoRT] [info] [queue_elements.cpp:46] [~BaseQueueElement] Queue element UserBuffQEl0detectorYOLO26n/concat23 has 0 frames in his Queue on destruction
[2026-03-31 14:06:28.207] [10269] [HailoRT] [info] [queue_elements.cpp:68] [operator()] Thread in element PushQEl1detectorYOLO26n/input_layer1 is not running anymore, exiting..
[2026-03-31 14:06:28.207] [8275] [HailoRT] [info] [queue_elements.cpp:46] [~BaseQueueElement] Queue element PushQEl1detectorYOLO26n/input_layer1 has 0 frames in his Queue on destruction
[2026-03-31 14:06:28.208] [8275] [HailoRT] [info] [core_op.cpp:186] [deactivate] Deactivating took 0.602351 ms
[2026-03-31 14:06:28.208] [8275] [HailoRT] [info] [core_op.cpp:186] [deactivate] Deactivating took 0.642221 ms
[2026-03-31 14:06:28.259] [8275] [HailoRT] [info] [core_op.cpp:156] [activate] Activating detectorYOLO26n took 0.270222 milliseconds. Note that the function is asynchronous and thus the network is not fully activated yet.
[2026-03-31 14:06:28.259] [8275] [HailoRT] [info] [core_op.cpp:156] [activate] Activating detectorYOLO26n took 0.312888 milliseconds. Note that the function is asynchronous and thus the network is not fully activated yet.
[2026-03-31 14:06:28.259] [8275] [HailoRT] [info] [edge_elements.cpp:52] [create] Created (HwWriteEl1detectorYOLO26n/input_layer1 | hw_frame_size: 1228800)
[2026-03-31 14:06:28.259] [8275] [HailoRT] [info] [queue_elements.cpp:284] [create] Created (PushQEl1detectorYOLO26n/input_layer1 | timeout: 10s)
[2026-03-31 14:06:28.259] [8275] [HailoRT] [info] [filter_elements.cpp:101] [create] Created (PreInferEl1detectorYOLO26n/input_layer1 | Reorder - src_order: NHWC, src_shape: (640, 640, 3), dst_order: NHCW, dst_shape: (640, 640, 3))
[2026-03-31 14:06:28.259] [8275] [HailoRT] [info] [vstream.cpp:754] [InputVStreamImpl] Creating detectorYOLO26n/input_layer1...
[2026-03-31 14:06:28.259] [8275] [HailoRT] [info] [vstream_builder.cpp:102] [create_inputs] Input pipeline 'detectorYOLO26n/input_layer1': (PreInferEl1detectorYOLO26n/input_layer1 | Reorder - src_order: NHWC, src_shape: (640, 640, 3), dst_order: NHCW, dst_shape: (640, 640, 3)) >> (PushQEl1detectorYOLO26n/input_layer1 | timeout: 10s) >> (HwWriteEl1detectorYOLO26n/input_layer1 | hw_frame_size: 1228800) >> HW
[2026-03-31 14:06:28.259] [8275] [HailoRT] [info] [edge_elements.cpp:287] [create] Created (HwReadEl0detectorYOLO26n/concat23 | hw_frame_size: 42000)
[2026-03-31 14:06:28.259] [8275] [HailoRT] [info] [queue_elements.cpp:800] [create] Created (UserBuffQEl0detectorYOLO26n/concat23 | timeout: 10s)
[2026-03-31 14:06:28.259] [8275] [HailoRT] [info] [vstream.cpp:1114] [OutputVStreamImpl] Creating detectorYOLO26n/concat23...
[2026-03-31 14:06:28.259] [8275] [HailoRT] [info] [vstream_builder.cpp:220] [create_outputs] Output pipeline 'detectorYOLO26n/concat23': HW >> (HwReadEl0detectorYOLO26n/concat23 | hw_frame_size: 42000) >> (UserBuffQEl0detectorYOLO26n/concat23 | timeout: 10s)
[2026-03-31 14:06:28.274] [10274] [HailoRT] [info] [queue_elements.cpp:855] [run_in_thread] Shutdown event was signaled in dequeue of UserBuffQEl0detectorYOLO26n/concat23!
[2026-03-31 14:06:28.274] [10274] [HailoRT] [info] [queue_elements.cpp:68] [operator()] Thread in element UserBuffQEl0detectorYOLO26n/concat23 is not running anymore, exiting..
[2026-03-31 14:06:28.274] [8275] [HailoRT] [info] [queue_elements.cpp:46] [~BaseQueueElement] Queue element UserBuffQEl0detectorYOLO26n/concat23 has 0 frames in his Queue on destruction
[2026-03-31 14:06:28.274] [10273] [HailoRT] [info] [queue_elements.cpp:68] [operator()] Thread in element PushQEl1detectorYOLO26n/input_layer1 is not running anymore, exiting..
[2026-03-31 14:06:28.274] [8275] [HailoRT] [info] [queue_elements.cpp:46] [~BaseQueueElement] Queue element PushQEl1detectorYOLO26n/input_layer1 has 0 frames in his Queue on destruction
[2026-03-31 14:06:28.275] [8275] [HailoRT] [info] [core_op.cpp:186] [deactivate] Deactivating took 0.60361 ms
[2026-03-31 14:06:28.275] [8275] [HailoRT] [info] [core_op.cpp:186] [deactivate] Deactivating took 0.613684 ms
[2026-03-31 14:06:28.325] [8275] [HailoRT] [info] [core_op.cpp:156] [activate] Activating detectorYOLO26n took 0.24661 milliseconds. Note that the function is asynchronous and thus the network is not fully activated yet.
[2026-03-31 14:06:28.325] [8275] [HailoRT] [info] [core_op.cpp:156] [activate] Activating detectorYOLO26n took 0.26637 milliseconds. Note that the function is asynchronous and thus the network is not fully activated yet.
[2026-03-31 14:06:28.325] [8275] [HailoRT] [info] [edge_elements.cpp:52] [create] Created (HwWriteEl1detectorYOLO26n/input_layer1 | hw_frame_size: 1228800)
[2026-03-31 14:06:28.326] [8275] [HailoRT] [info] [queue_elements.cpp:284] [create] Created (PushQEl1detectorYOLO26n/input_layer1 | timeout: 10s)
[2026-03-31 14:06:28.326] [8275] [HailoRT] [info] [filter_elements.cpp:101] [create] Created (PreInferEl1detectorYOLO26n/input_layer1 | Reorder - src_order: NHWC, src_shape: (640, 640, 3), dst_order: NHCW, dst_shape: (640, 640, 3))
[2026-03-31 14:06:28.326] [8275] [HailoRT] [info] [vstream.cpp:754] [InputVStreamImpl] Creating detectorYOLO26n/input_layer1...
[2026-03-31 14:06:28.326] [8275] [HailoRT] [info] [vstream_builder.cpp:102] [create_inputs] Input pipeline 'detectorYOLO26n/input_layer1': (PreInferEl1detectorYOLO26n/input_layer1 | Reorder - src_order: NHWC, src_shape: (640, 640, 3), dst_order: NHCW, dst_shape: (640, 640, 3)) >> (PushQEl1detectorYOLO26n/input_layer1 | timeout: 10s) >> (HwWriteEl1detectorYOLO26n/input_layer1 | hw_frame_size: 1228800) >> HW
[2026-03-31 14:06:28.326] [8275] [HailoRT] [info] [edge_elements.cpp:287] [create] Created (HwReadEl0detectorYOLO26n/concat23 | hw_frame_size: 42000)
[2026-03-31 14:06:28.326] [8275] [HailoRT] [info] [queue_elements.cpp:800] [create] Created (UserBuffQEl0detectorYOLO26n/concat23 | timeout: 10s)
[2026-03-31 14:06:28.326] [8275] [HailoRT] [info] [vstream.cpp:1114] [OutputVStreamImpl] Creating detectorYOLO26n/concat23...
[2026-03-31 14:06:28.326] [8275] [HailoRT] [info] [vstream_builder.cpp:220] [create_outputs] Output pipeline 'detectorYOLO26n/concat23': HW >> (HwReadEl0detectorYOLO26n/concat23 | hw_frame_size: 42000) >> (UserBuffQEl0detectorYOLO26n/concat23 | timeout: 10s)
[2026-03-31 14:06:28.341] [10278] [HailoRT] [info] [queue_elements.cpp:855] [run_in_thread] Shutdown event was signaled in dequeue of UserBuffQEl0detectorYOLO26n/concat23!
[2026-03-31 14:06:28.341] [10278] [HailoRT] [info] [queue_elements.cpp:68] [operator()] Thread in element UserBuffQEl0detectorYOLO26n/concat23 is not running anymore, exiting..
[2026-03-31 14:06:28.341] [8275] [HailoRT] [info] [queue_elements.cpp:46] [~BaseQueueElement] Queue element UserBuffQEl0detectorYOLO26n/concat23 has 0 frames in his Queue on destruction
[2026-03-31 14:06:28.341] [10277] [HailoRT] [info] [queue_elements.cpp:68] [operator()] Thread in element PushQEl1detectorYOLO26n/input_layer1 is not running anymore, exiting..
[2026-03-31 14:06:28.341] [8275] [HailoRT] [info] [queue_elements.cpp:46] [~BaseQueueElement] Queue element PushQEl1detectorYOLO26n/input_layer1 has 0 frames in his Queue on destruction
[2026-03-31 14:06:28.342] [8275] [HailoRT] [info] [core_op.cpp:186] [deactivate] Deactivating took 0.609109 ms
[2026-03-31 14:06:28.342] [8275] [HailoRT] [info] [core_op.cpp:186] [deactivate] Deactivating took 0.618128 ms
[2026-03-31 14:06:28.391] [8275] [HailoRT] [info] [core_op.cpp:156] [activate] Activating detectorYOLO26n took 0.268351 milliseconds. Note that the function is asynchronous and thus the network is not fully activated yet.
[2026-03-31 14:06:28.391] [8275] [HailoRT] [info] [core_op.cpp:156] [activate] Activating detectorYOLO26n took 0.292203 milliseconds. Note that the function is asynchronous and thus the network is not fully activated yet.
[2026-03-31 14:06:28.391] [8275] [HailoRT] [info] [edge_elements.cpp:52] [create] Created (HwWriteEl1detectorYOLO26n/input_layer1 | hw_frame_size: 1228800)
[2026-03-31 14:06:28.391] [8275] [HailoRT] [info] [queue_elements.cpp:284] [create] Created (PushQEl1detectorYOLO26n/input_layer1 | timeout: 10s)
[2026-03-31 14:06:28.391] [8275] [HailoRT] [info] [filter_elements.cpp:101] [create] Created (PreInferEl1detectorYOLO26n/input_layer1 | Reorder - src_order: NHWC, src_shape: (640, 640, 3), dst_order: NHCW, dst_shape: (640, 640, 3))
[2026-03-31 14:06:28.391] [8275] [HailoRT] [info] [vstream.cpp:754] [InputVStreamImpl] Creating detectorYOLO26n/input_layer1...
[2026-03-31 14:06:28.391] [8275] [HailoRT] [info] [vstream_builder.cpp:102] [create_inputs] Input pipeline 'detectorYOLO26n/input_layer1': (PreInferEl1detectorYOLO26n/input_layer1 | Reorder - src_order: NHWC, src_shape: (640, 640, 3), dst_order: NHCW, dst_shape: (640, 640, 3)) >> (PushQEl1detectorYOLO26n/input_layer1 | timeout: 10s) >> (HwWriteEl1detectorYOLO26n/input_layer1 | hw_frame_size: 1228800) >> HW
[2026-03-31 14:06:28.391] [8275] [HailoRT] [info] [edge_elements.cpp:287] [create] Created (HwReadEl0detectorYOLO26n/concat23 | hw_frame_size: 42000)
[2026-03-31 14:06:28.391] [8275] [HailoRT] [info] [queue_elements.cpp:800] [create] Created (UserBuffQEl0detectorYOLO26n/concat23 | timeout: 10s)
[2026-03-31 14:06:28.391] [8275] [HailoRT] [info] [vstream.cpp:1114] [OutputVStreamImpl] Creating detectorYOLO26n/concat23...
[2026-03-31 14:06:28.391] [8275] [HailoRT] [info] [vstream_builder.cpp:220] [create_outputs] Output pipeline 'detectorYOLO26n/concat23': HW >> (HwReadEl0detectorYOLO26n/concat23 | hw_frame_size: 42000) >> (UserBuffQEl0detectorYOLO26n/concat23 | timeout: 10s)
[2026-03-31 14:06:28.406] [10282] [HailoRT] [info] [queue_elements.cpp:855] [run_in_thread] Shutdown event was signaled in dequeue of UserBuffQEl0detectorYOLO26n/concat23!
[2026-03-31 14:06:28.406] [10282] [HailoRT] [info] [queue_elements.cpp:68] [operator()] Thread in element UserBuffQEl0detectorYOLO26n/concat23 is not running anymore, exiting..
[2026-03-31 14:06:28.406] [8275] [HailoRT] [info] [queue_elements.cpp:46] [~BaseQueueElement] Queue element UserBuffQEl0detectorYOLO26n/concat23 has 0 frames in his Queue on destruction
[2026-03-31 14:06:28.406] [10281] [HailoRT] [info] [queue_elements.cpp:68] [operator()] Thread in element PushQEl1detectorYOLO26n/input_layer1 is not running anymore, exiting..
[2026-03-31 14:06:28.406] [8275] [HailoRT] [info] [queue_elements.cpp:46] [~BaseQueueElement] Queue element PushQEl1detectorYOLO26n/input_layer1 has 0 frames in his Queue on destruction
[2026-03-31 14:06:28.407] [8275] [HailoRT] [info] [core_op.cpp:186] [deactivate] Deactivating took 0.602295 ms
[2026-03-31 14:06:28.407] [8275] [HailoRT] [info] [core_op.cpp:186] [deactivate] Deactivating took 0.611443 ms
[2026-03-31 14:06:28.457] [8275] [HailoRT] [info] [core_op.cpp:156] [activate] Activating detectorYOLO26n took 0.247222 milliseconds. Note that the function is asynchronous and thus the network is not fully activated yet.
[2026-03-31 14:06:28.457] [8275] [HailoRT] [info] [core_op.cpp:156] [activate] Activating detectorYOLO26n took 0.267481 milliseconds. Note that the function is asynchronous and thus the network is not fully activated yet.
[2026-03-31 14:06:28.458] [8275] [HailoRT] [info] [edge_elements.cpp:52] [create] Created (HwWriteEl1detectorYOLO26n/input_layer1 | hw_frame_size: 1228800)
[2026-03-31 14:06:28.458] [8275] [HailoRT] [info] [queue_elements.cpp:284] [create] Created (PushQEl1detectorYOLO26n/input_layer1 | timeout: 10s)
[2026-03-31 14:06:28.458] [8275] [HailoRT] [info] [filter_elements.cpp:101] [create] Created (PreInferEl1detectorYOLO26n/input_layer1 | Reorder - src_order: NHWC, src_shape: (640, 640, 3), dst_order: NHCW, dst_shape: (640, 640, 3))
[2026-03-31 14:06:28.458] [8275] [HailoRT] [info] [vstream.cpp:754] [InputVStreamImpl] Creating detectorYOLO26n/input_layer1...
[2026-03-31 14:06:28.458] [8275] [HailoRT] [info] [vstream_builder.cpp:102] [create_inputs] Input pipeline 'detectorYOLO26n/input_layer1': (PreInferEl1detectorYOLO26n/input_layer1 | Reorder - src_order: NHWC, src_shape: (640, 640, 3), dst_order: NHCW, dst_shape: (640, 640, 3)) >> (PushQEl1detectorYOLO26n/input_layer1 | timeout: 10s) >> (HwWriteEl1detectorYOLO26n/input_layer1 | hw_frame_size: 1228800) >> HW
[2026-03-31 14:06:28.458] [8275] [HailoRT] [info] [edge_elements.cpp:287] [create] Created (HwReadEl0detectorYOLO26n/concat23 | hw_frame_size: 42000)
[2026-03-31 14:06:28.458] [8275] [HailoRT] [info] [queue_elements.cpp:800] [create] Created (UserBuffQEl0detectorYOLO26n/concat23 | timeout: 10s)
[2026-03-31 14:06:28.458] [8275] [HailoRT] [info] [vstream.cpp:1114] [OutputVStreamImpl] Creating detectorYOLO26n/concat23...
[2026-03-31 14:06:28.458] [8275] [HailoRT] [info] [vstream_builder.cpp:220] [create_outputs] Output pipeline 'detectorYOLO26n/concat23': HW >> (HwReadEl0detectorYOLO26n/concat23 | hw_frame_size: 42000) >> (UserBuffQEl0detectorYOLO26n/concat23 | timeout: 10s)
[2026-03-31 14:06:28.473] [10286] [HailoRT] [info] [queue_elements.cpp:855] [run_in_thread] Shutdown event was signaled in dequeue of UserBuffQEl0detectorYOLO26n/concat23!
[2026-03-31 14:06:28.473] [10286] [HailoRT] [info] [queue_elements.cpp:68] [operator()] Thread in element UserBuffQEl0detectorYOLO26n/concat23 is not running anymore, exiting..
[2026-03-31 14:06:28.473] [8275] [HailoRT] [info] [queue_elements.cpp:46] [~BaseQueueElement] Queue element UserBuffQEl0detectorYOLO26n/concat23 has 0 frames in his Queue on destruction
[2026-03-31 14:06:28.473] [10285] [HailoRT] [info] [queue_elements.cpp:68] [operator()] Thread in element PushQEl1detectorYOLO26n/input_layer1 is not running anymore, exiting..
[2026-03-31 14:06:28.473] [8275] [HailoRT] [info] [queue_elements.cpp:46] [~BaseQueueElement] Queue element PushQEl1detectorYOLO26n/input_layer1 has 0 frames in his Queue on destruction
[2026-03-31 14:06:28.474] [8275] [HailoRT] [info] [core_op.cpp:186] [deactivate] Deactivating took 0.604313 ms
[2026-03-31 14:06:28.474] [8275] [HailoRT] [info] [core_op.cpp:186] [deactivate] Deactivating took 0.614295 ms
[2026-03-31 14:26:00.682] [10721] [HailoRT] [info] [vdevice.cpp:535] [create] Creating vdevice with params: device_count: 1, scheduling_algorithm: NONE, multi_process_service: false
[2026-03-31 14:26:00.694] [10721] [HailoRT] [info] [device.cpp:51] [Device] OS Version: Linux 6.12.75+rpt-rpi-2712 #1 SMP PREEMPT Debian 1:6.12.75-1+rpt1~bookworm (2026-03-11) aarch64
[2026-03-31 14:26:00.695] [10721] [HailoRT] [info] [control.cpp:113] [control__parse_identify_results] firmware_version is: 4.23.0
[2026-03-31 14:26:00.695] [10721] [HailoRT] [info] [vdevice.cpp:682] [create] VDevice Infos: 0001:01:00.0
[2026-03-31 14:26:00.701] [10721] [HailoRT] [info] [internal_buffer_manager.cpp:77] [print_execution_results] Planned internal buffer memory: CMA=0 CMA-Desc=1245184 Pinned=1743872. memory to edge layer usage factor is 0.74059576
[2026-03-31 14:26:00.701] [10721] [HailoRT] [info] [internal_buffer_manager.cpp:86] [print_execution_results] Default Internal buffer planner executed successfully
[2026-03-31 14:26:00.724] [10721] [HailoRT] [info] [device_internal.cpp:57] [configure] Configuring HEF took 29.049737 milliseconds
[2026-03-31 14:26:00.724] [10721] [HailoRT] [info] [vdevice.cpp:780] [configure] Configuring HEF on VDevice took 29.308199 milliseconds
[2026-03-31 14:26:00.724] [10721] [HailoRT] [info] [hef.cpp:1994] [get_network_group_and_network_name] No name was given. Addressing all networks of default network_group: detectorYOLO26n
[2026-03-31 14:26:00.724] [10721] [HailoRT] [info] [hef.cpp:1994] [get_network_group_and_network_name] No name was given. Addressing all networks of default network_group: detectorYOLO26n
[2026-03-31 14:26:00.724] [10721] [HailoRT] [info] [core_op.cpp:156] [activate] Activating detectorYOLO26n took 0.203592 milliseconds. Note that the function is asynchronous and thus the network is not fully activated yet.
[2026-03-31 14:26:00.724] [10721] [HailoRT] [info] [core_op.cpp:156] [activate] Activating detectorYOLO26n took 0.212351 milliseconds. Note that the function is asynchronous and thus the network is not fully activated yet.
[2026-03-31 14:26:00.724] [10721] [HailoRT] [info] [edge_elements.cpp:52] [create] Created (HwWriteEl1detectorYOLO26n/input_layer1 | hw_frame_size: 1228800)
[2026-03-31 14:26:00.725] [10721] [HailoRT] [info] [queue_elements.cpp:284] [create] Created (PushQEl1detectorYOLO26n/input_layer1 | timeout: 10s)
[2026-03-31 14:26:00.725] [10721] [HailoRT] [info] [filter_elements.cpp:101] [create] Created (PreInferEl1detectorYOLO26n/input_layer1 | Reorder - src_order: NHWC, src_shape: (640, 640, 3), dst_order: NHCW, dst_shape: (640, 640, 3))
[2026-03-31 14:26:00.725] [10721] [HailoRT] [info] [vstream.cpp:754] [InputVStreamImpl] Creating detectorYOLO26n/input_layer1...
[2026-03-31 14:26:00.725] [10721] [HailoRT] [info] [vstream_builder.cpp:102] [create_inputs] Input pipeline 'detectorYOLO26n/input_layer1': (PreInferEl1detectorYOLO26n/input_layer1 | Reorder - src_order: NHWC, src_shape: (640, 640, 3), dst_order: NHCW, dst_shape: (640, 640, 3)) >> (PushQEl1detectorYOLO26n/input_layer1 | timeout: 10s) >> (HwWriteEl1detectorYOLO26n/input_layer1 | hw_frame_size: 1228800) >> HW
[2026-03-31 14:26:00.725] [10721] [HailoRT] [info] [edge_elements.cpp:287] [create] Created (HwReadEl0detectorYOLO26n/concat23 | hw_frame_size: 42000)
[2026-03-31 14:26:00.725] [10721] [HailoRT] [info] [queue_elements.cpp:800] [create] Created (UserBuffQEl0detectorYOLO26n/concat23 | timeout: 10s)
[2026-03-31 14:26:00.725] [10721] [HailoRT] [info] [vstream.cpp:1114] [OutputVStreamImpl] Creating detectorYOLO26n/concat23...
[2026-03-31 14:26:00.725] [10721] [HailoRT] [info] [vstream_builder.cpp:220] [create_outputs] Output pipeline 'detectorYOLO26n/concat23': HW >> (HwReadEl0detectorYOLO26n/concat23 | hw_frame_size: 42000) >> (UserBuffQEl0detectorYOLO26n/concat23 | timeout: 10s)
[2026-03-31 14:28:02.395] [10731] [HailoRT] [info] [queue_elements.cpp:855] [run_in_thread] Shutdown event was signaled in dequeue of UserBuffQEl0detectorYOLO26n/concat23!
[2026-03-31 14:28:02.395] [10731] [HailoRT] [info] [queue_elements.cpp:68] [operator()] Thread in element UserBuffQEl0detectorYOLO26n/concat23 is not running anymore, exiting..
[2026-03-31 14:28:02.395] [10721] [HailoRT] [info] [queue_elements.cpp:46] [~BaseQueueElement] Queue element UserBuffQEl0detectorYOLO26n/concat23 has 0 frames in his Queue on destruction
[2026-03-31 14:28:02.395] [10730] [HailoRT] [info] [queue_elements.cpp:68] [operator()] Thread in element PushQEl1detectorYOLO26n/input_layer1 is not running anymore, exiting..
[2026-03-31 14:28:02.395] [10721] [HailoRT] [info] [queue_elements.cpp:46] [~BaseQueueElement] Queue element PushQEl1detectorYOLO26n/input_layer1 has 0 frames in his Queue on destruction
[2026-03-31 14:28:02.396] [10721] [HailoRT] [info] [core_op.cpp:186] [deactivate] Deactivating took 0.545888 ms
[2026-03-31 14:28:02.396] [10721] [HailoRT] [info] [core_op.cpp:186] [deactivate] Deactivating took 0.555962 ms
[2026-03-31 14:28:21.054] [11957] [HailoRT] [info] [vdevice.cpp:535] [create] Creating vdevice with params: device_count: 1, scheduling_algorithm: NONE, multi_process_service: false
[2026-03-31 14:28:21.066] [11957] [HailoRT] [info] [device.cpp:51] [Device] OS Version: Linux 6.12.75+rpt-rpi-2712 #1 SMP PREEMPT Debian 1:6.12.75-1+rpt1~bookworm (2026-03-11) aarch64
[2026-03-31 14:28:21.066] [11957] [HailoRT] [info] [control.cpp:113] [control__parse_identify_results] firmware_version is: 4.23.0
[2026-03-31 14:28:21.066] [11957] [HailoRT] [info] [vdevice.cpp:682] [create] VDevice Infos: 0001:01:00.0
[2026-03-31 14:28:21.072] [11957] [HailoRT] [info] [internal_buffer_manager.cpp:77] [print_execution_results] Planned internal buffer memory: CMA=0 CMA-Desc=1245184 Pinned=1743872. memory to edge layer usage factor is 0.74059576
[2026-03-31 14:28:21.072] [11957] [HailoRT] [info] [internal_buffer_manager.cpp:86] [print_execution_results] Default Internal buffer planner executed successfully
[2026-03-31 14:28:21.097] [11957] [HailoRT] [info] [device_internal.cpp:57] [configure] Configuring HEF took 30.624366 milliseconds
[2026-03-31 14:28:21.097] [11957] [HailoRT] [info] [vdevice.cpp:780] [configure] Configuring HEF on VDevice took 30.872624 milliseconds
[2026-03-31 14:28:21.097] [11957] [HailoRT] [info] [hef.cpp:1994] [get_network_group_and_network_name] No name was given. Addressing all networks of default network_group: detectorYOLO26n
[2026-03-31 14:28:21.097] [11957] [HailoRT] [info] [hef.cpp:1994] [get_network_group_and_network_name] No name was given. Addressing all networks of default network_group: detectorYOLO26n
[2026-03-31 14:28:21.098] [11957] [HailoRT] [info] [core_op.cpp:156] [activate] Activating detectorYOLO26n took 0.214499 milliseconds. Note that the function is asynchronous and thus the network is not fully activated yet.
[2026-03-31 14:28:21.098] [11957] [HailoRT] [info] [core_op.cpp:156] [activate] Activating detectorYOLO26n took 0.222815 milliseconds. Note that the function is asynchronous and thus the network is not fully activated yet.
[2026-03-31 14:28:21.098] [11957] [HailoRT] [info] [edge_elements.cpp:52] [create] Created (HwWriteEl1detectorYOLO26n/input_layer1 | hw_frame_size: 1228800)
[2026-03-31 14:28:21.098] [11957] [HailoRT] [info] [queue_elements.cpp:284] [create] Created (PushQEl1detectorYOLO26n/input_layer1 | timeout: 10s)
[2026-03-31 14:28:21.098] [11957] [HailoRT] [info] [filter_elements.cpp:101] [create] Created (PreInferEl1detectorYOLO26n/input_layer1 | Reorder - src_order: NHWC, src_shape: (640, 640, 3), dst_order: NHCW, dst_shape: (640, 640, 3))
[2026-03-31 14:28:21.098] [11957] [HailoRT] [info] [vstream.cpp:754] [InputVStreamImpl] Creating detectorYOLO26n/input_layer1...
[2026-03-31 14:28:21.098] [11957] [HailoRT] [info] [vstream_builder.cpp:102] [create_inputs] Input pipeline 'detectorYOLO26n/input_layer1': (PreInferEl1detectorYOLO26n/input_layer1 | Reorder - src_order: NHWC, src_shape: (640, 640, 3), dst_order: NHCW, dst_shape: (640, 640, 3)) >> (PushQEl1detectorYOLO26n/input_layer1 | timeout: 10s) >> (HwWriteEl1detectorYOLO26n/input_layer1 | hw_frame_size: 1228800) >> HW
[2026-03-31 14:28:21.098] [11957] [HailoRT] [info] [edge_elements.cpp:287] [create] Created (HwReadEl0detectorYOLO26n/concat23 | hw_frame_size: 42000)
[2026-03-31 14:28:21.098] [11957] [HailoRT] [info] [queue_elements.cpp:800] [create] Created (UserBuffQEl0detectorYOLO26n/concat23 | timeout: 10s)
[2026-03-31 14:28:21.098] [11957] [HailoRT] [info] [vstream.cpp:1114] [OutputVStreamImpl] Creating detectorYOLO26n/concat23...
[2026-03-31 14:28:21.098] [11957] [HailoRT] [info] [vstream_builder.cpp:220] [create_outputs] Output pipeline 'detectorYOLO26n/concat23': HW >> (HwReadEl0detectorYOLO26n/concat23 | hw_frame_size: 42000) >> (UserBuffQEl0detectorYOLO26n/concat23 | timeout: 10s)
